{
"type": "FeatureCollection",
"name": "schools",
"crs": { "type": "name", "properties": { "name": "urn:ogc:def:crs:OGC:1.3:CRS84" } },
"features": [
{ "type": "Feature", "properties": { "name": "Cocci International Secondary School", "amenity": "school" }, "geometry": { "type": "Point", "coordinates": [ 7.51449, 6.483071 ] } },
{ "type": "Feature", "properties": { "name": "Milkon institute of information technology", "amenity": "school" }, "geometry": { "type": "Point", "coordinates": [ 5.615631, 6.313098 ] } },
{ "type": "Feature", "properties": { "name": "Ebenezer Schools", "amenity": "school" }, "geometry": { "type": "Point", "coordinates": [ 5.618255, 6.308887 ] } },
{ "type": "Feature", "properties": { "name": "Kenzia Group of School", "amenity": "school" }, "geometry": { "type": "Point", "coordinates": [ 5.586342, 6.297652 ] } },
{ "type": "Feature", "properties": { "name": "Jessilac Montesory School", "amenity": "school" }, "geometry": { "type": "Point", "coordinates": [ 5.596605, 6.288637 ] } },
{ "type": "Feature", "properties": { "name": "Omupo Grammar School", "amenity": "school" }, "geometry": { "type": "Point", "coordinates": [ 4.783344, 8.282392 ] } },
{ "type": "Feature", "properties": { "name": "Sheik Muhammad Awwal School", "amenity": "school" }, "geometry": { "type": "Point", "coordinates": [ 4.793081, 8.275467 ] } },
{ "type": "Feature", "properties": { "name": "Word of Faith Group of Schools", "amenity": "school" }, "geometry": { "type": "Point", "coordinates": [ 5.602443, 6.341201 ] } },
{ "type": "Feature", "properties": { "name": "Autie Rose Foundation Group of Schools", "amenity": "school" }, "geometry": { "type": "Point", "coordinates": [ 5.602508, 6.341814 ] } },
{ "type": "Feature", "properties": { "name": "Young ScholarAcademy Secondry School", "amenity": "school" }, "geometry": { "type": "Point", "coordinates": [ 5.598731, 6.329575 ] } },
{ "type": "Feature", "properties": { "name": "MADARASATUL TA'ALIMUL QUR'AN", "amenity": "school" }, "geometry": { "type": "Point", "coordinates": [ 8.56991, 12.04053 ] } },
{ "type": "Feature", "properties": { "name": "INTELLECTUAL SCIENCE COMMUNITY SCHOOL", "amenity": "school" }, "geometry": { "type": "Point", "coordinates": [ 8.57078, 12.04784 ] } },
{ "type": "Feature", "properties": { "name": "BRIGHT ACADEMY", "amenity": "school" }, "geometry": { "type": "Point", "coordinates": [ 8.57119, 12.04768 ] } },
{ "type": "Feature", "properties": { "name": "RAMLA ACADEMY ARABIC AND ENGLISH", "amenity": "school" }, "geometry": { "type": "Point", "coordinates": [ 8.57116, 12.04939 ] } },
{ "type": "Feature", "properties": { "name": "ƊA'ATUN NABIYYU", "amenity": "school" }, "geometry": { "type": "Point", "coordinates": [ 8.57015, 12.04929 ] } },
{ "type": "Feature", "properties": { "name": "USMAN BN AFFAN COLLEGE OF ISLAMIC STUDIES", "amenity": "school" }, "geometry": { "type": "Point", "coordinates": [ 8.57211, 12.04856 ] } },
{ "type": "Feature", "properties": { "name": "GOLDEN VOICE ACADEMY", "amenity": "school" }, "geometry": { "type": "Point", "coordinates": [ 8.57009, 12.05089 ] } },
{ "type": "Feature", "properties": { "name": "MAKARANTAR MALAN AUWAL", "amenity": "school" }, "geometry": { "type": "Point", "coordinates": [ 8.5654, 12.04444 ] } },
{ "type": "Feature", "properties": { "name": "SABIL INTERNATIONAL ACADEMY", "amenity": "school" }, "geometry": { "type": "Point", "coordinates": [ 8.56528, 12.04418 ] } },
{ "type": "Feature", "properties": { "name": "MADARASATUL KHALID BIN WALID ISLAMIYYA", "amenity": "school" }, "geometry": { "type": "Point", "coordinates": [ 8.56724, 12.04341 ] } },
{ "type": "Feature", "properties": { "name": "MADARASATUL SUNNATU NABIYYI", "amenity": "school" }, "geometry": { "type": "Point", "coordinates": [ 8.56799, 12.04296 ] } },
{ "type": "Feature", "properties": { "name": "MALAN YARO ISLAMIYYA", "amenity": "school" }, "geometry": { "type": "Point", "coordinates": [ 8.57039, 12.04436 ] } },
{ "type": "Feature", "properties": { "name": "ABUBAKAR SADIQ MEMORIAL INTERNATIONAL", "amenity": "school" }, "geometry": { "type": "Point", "coordinates": [ 8.57128, 12.04363 ] } },
{ "type": "Feature", "properties": { "name": "MUASSA ISLAMIYYA", "amenity": "school" }, "geometry": { "type": "Point", "coordinates": [ 8.5716, 12.04462 ] } },
{ "type": "Feature", "properties": { "name": "UMMUL KHAIRI ISLAMIYYA", "amenity": "school" }, "geometry": { "type": "Point", "coordinates": [ 8.56643, 12.04298 ] } },
{ "type": "Feature", "properties": { "name": "NURUDDEEN ISLAMIYYA SCHOOL", "amenity": "school" }, "geometry": { "type": "Point", "coordinates": [ 8.5676, 12.03742 ] } },
{ "type": "Feature", "properties": { "name": "NANA KHADIJA INTERNATIONAL SCHOOL", "amenity": "school" }, "geometry": { "type": "Point", "coordinates": [ 8.5647, 12.03924 ] } },
{ "type": "Feature", "properties": { "name": "PEAK HELGHT NURSERY SCHOOL", "amenity": "school" }, "geometry": { "type": "Point", "coordinates": [ 8.56465, 12.04035 ] } },
{ "type": "Feature", "properties": { "name": "SUCCESS ACADEMY", "amenity": "school" }, "geometry": { "type": "Point", "coordinates": [ 8.56425, 12.04183 ] } },
{ "type": "Feature", "properties": { "name": "BARDEN BOKO COLLEGE", "amenity": "school" }, "geometry": { "type": "Point", "coordinates": [ 8.57008, 12.03917 ] } },
{ "type": "Feature", "properties": { "name": "GODIYA NURSERY AND PRIMARY SCHOOL", "amenity": "school" }, "geometry": { "type": "Point", "coordinates": [ 8.5689, 12.03825 ] } },
{ "type": "Feature", "properties": { "name": "TALENT INTERNATIONAL", "amenity": "school" }, "geometry": { "type": "Point", "coordinates": [ 8.56575, 12.03962 ] } },
{ "type": "Feature", "properties": { "name": "SAHABA MODEL SCIENCE ACADEMY", "amenity": "school" }, "geometry": { "type": "Point", "coordinates": [ 8.564, 12.04359 ] } },
{ "type": "Feature", "properties": { "name": "RAHAMA ACADEMY SCHOOL Z/MARIKITA", "amenity": "school" }, "geometry": { "type": "Point", "coordinates": [ 8.57707, 12.0499 ] } },
{ "type": "Feature", "properties": { "name": "DARUL QUR'AN ISLAMIYYA SCHOOL", "amenity": "school" }, "geometry": { "type": "Point", "coordinates": [ 8.56903, 12.04018 ] } },
{ "type": "Feature", "properties": { "name": "AISHATU BEST ACADEMY (JUNIOR)", "amenity": "school" }, "geometry": { "type": "Point", "coordinates": [ 8.57098, 12.04219 ] } },
{ "type": "Feature", "properties": { "name": "AISHATU BEST ACADEMY (SENIOR)", "amenity": "school" }, "geometry": { "type": "Point", "coordinates": [ 8.57107, 12.04198 ] } },
{ "type": "Feature", "properties": { "name": "MALAN USMAN ALMAJIRI SCHOOL", "amenity": "school" }, "geometry": { "type": "Point", "coordinates": [ 8.56698, 12.0429 ] } },
{ "type": "Feature", "properties": { "name": "MALAN KABIRU ALMAJIRI SCHOOL", "amenity": "school" }, "geometry": { "type": "Point", "coordinates": [ 8.56515, 12.043 ] } },
{ "type": "Feature", "properties": { "name": "MALAN YUSHA'U NA ANNABI QUR'ANIC SCHOOL", "amenity": "school" }, "geometry": { "type": "Point", "coordinates": [ 8.56483, 12.04247 ] } },
{ "type": "Feature", "properties": { "name": "EMPHATIC MODEL SCHOOL", "amenity": "school" }, "geometry": { "type": "Point", "coordinates": [ 8.56756, 12.0416 ] } },
{ "type": "Feature", "properties": { "name": "SASIF MODEL NUR & PRI SCHOOL", "amenity": "school" }, "geometry": { "type": "Point", "coordinates": [ 8.5692, 12.04253 ] } },
{ "type": "Feature", "properties": { "name": "NASARATUDDEEN ISLAMIYYA", "amenity": "school" }, "geometry": { "type": "Point", "coordinates": [ 8.56946, 12.04236 ] } },
{ "type": "Feature", "properties": { "name": "HAYATUL ISLAMPRIMARY SCHOOL", "amenity": "school" }, "geometry": { "type": "Point", "coordinates": [ 8.56466, 12.04449 ] } },
{ "type": "Feature", "properties": { "name": "JEMFAS SCHOOLS", "amenity": "school" }, "geometry": { "type": "Point", "coordinates": [ 3.22904, 6.52112 ] } },
{ "type": "Feature", "properties": { "name": "Triple b nursery and primary", "amenity": "school" }, "geometry": { "type": "Point", "coordinates": [ 3.23435, 6.52278 ] } },
{ "type": "Feature", "properties": { "name": "DE MICROBYTES", "amenity": "school" }, "geometry": { "type": "Point", "coordinates": [ 3.23168, 6.52008 ] } },
{ "type": "Feature", "properties": { "name": "Danny grace academy", "amenity": "school" }, "geometry": { "type": "Point", "coordinates": [ 3.23233, 6.52154 ] } },
{ "type": "Feature", "properties": { "name": "NORTHWEST BEST ACADEMY", "amenity": "school" }, "geometry": { "type": "Point", "coordinates": [ 8.57269, 12.04741 ] } },
{ "type": "Feature", "properties": { "name": "First winner's nursery & primary school", "amenity": "school" }, "geometry": { "type": "Point", "coordinates": [ 3.23156, 6.53043 ] } },
{ "type": "Feature", "properties": { "name": "Denoy kids academy & college", "amenity": "school" }, "geometry": { "type": "Point", "coordinates": [ 3.22836, 6.52245 ] } },
{ "type": "Feature", "properties": { "name": "Beatom Excellent Montessori", "amenity": "school" }, "geometry": { "type": "Point", "coordinates": [ 3.22934, 6.52319 ] } },
{ "type": "Feature", "properties": { "name": "UBAYYU BIN KAAB", "amenity": "school" }, "geometry": { "type": "Point", "coordinates": [ 8.56707, 12.04179 ] } },
{ "type": "Feature", "properties": { "name": "Excellent Breed School", "amenity": "school" }, "geometry": { "type": "Point", "coordinates": [ 3.22904, 6.52403 ] } },
{ "type": "Feature", "properties": { "name": "Alpha comprehensive schools", "amenity": "school" }, "geometry": { "type": "Point", "coordinates": [ 3.23219, 6.52996 ] } },
{ "type": "Feature", "properties": { "name": "Jigates digital School", "amenity": "school" }, "geometry": { "type": "Point", "coordinates": [ 3.23581, 6.53037 ] } },
{ "type": "Feature", "properties": { "name": "Motbram Nur, primary school", "amenity": "school" }, "geometry": { "type": "Point", "coordinates": [ 3.2329, 6.53281 ] } },
{ "type": "Feature", "properties": { "name": "Ike Oluwa comprehensive college", "amenity": "school" }, "geometry": { "type": "Point", "coordinates": [ 3.2343, 6.53058 ] } },
{ "type": "Feature", "properties": { "name": "Federal Polytechnic Oko", "amenity": "college" }, "geometry": { "type": "Point", "coordinates": [ 7.10727, 6.0508 ] } },
{ "type": "Feature", "properties": { "name": "Baptist Royal Academy", "amenity": "school" }, "geometry": { "type": "Point", "coordinates": [ 9.8308, 10.31917 ] } },
{ "type": "Feature", "properties": { "name": "Idi Ape Baptist School", "amenity": "school" }, "geometry": { "type": "Point", "coordinates": [ 4.31552, 7.89815 ] } },
{ "type": "Feature", "properties": { "name": "Connection Private school", "amenity": "school" }, "geometry": { "type": "Point", "coordinates": [ 3.22776, 6.5246 ] } },
{ "type": "Feature", "properties": { "name": "DAMARVOUR School", "amenity": "school" }, "geometry": { "type": "Point", "coordinates": [ 3.23554, 6.53596 ] } },
{ "type": "Feature", "properties": { "name": "PECULIAR TREASURE NURSERY AND PRIMARY SCHOOL", "amenity": "school" }, "geometry": { "type": "Point", "coordinates": [ 3.23596, 6.53479 ] } },
{ "type": "Feature", "properties": { "name": "Amazing Success Model Academy", "amenity": "school" }, "geometry": { "type": "Point", "coordinates": [ 3.23458, 6.53187 ] } },
{ "type": "Feature", "properties": { "name": "Meevic home grace", "amenity": "school" }, "geometry": { "type": "Point", "coordinates": [ 3.23483, 6.53452 ] } },
{ "type": "Feature", "properties": { "name": "JIGATES DIGITAL SCHOOL", "amenity": "school" }, "geometry": { "type": "Point", "coordinates": [ 3.23592, 6.53053 ] } },
{ "type": "Feature", "properties": { "name": "JB_JOSHBIS ACADEMY SCHOOL", "amenity": "school" }, "geometry": { "type": "Point", "coordinates": [ 3.23566, 6.53397 ] } },
{ "type": "Feature", "properties": { "name": "MAKARANTAR MAL AUWALU", "amenity": "school" }, "geometry": { "type": "Point", "coordinates": [ 8.56521, 12.04446 ] } },
{ "type": "Feature", "properties": { "name": "APEX SUCCESS ITNL SCHOOLS", "amenity": "school" }, "geometry": { "type": "Point", "coordinates": [ 8.56529, 12.04518 ] } },
{ "type": "Feature", "properties": { "name": "St Mary Grace School", "amenity": "school" }, "geometry": { "type": "Point", "coordinates": [ 3.23299, 6.5257 ] } },
{ "type": "Feature", "properties": { "name": "IMAM MALIK PRIMARY", "amenity": "school" }, "geometry": { "type": "Point", "coordinates": [ 8.5741, 12.04922 ] } },
{ "type": "Feature", "properties": { "name": "FAIR MINDED ACADAMY", "amenity": "school" }, "geometry": { "type": "Point", "coordinates": [ 8.57492, 12.04805 ] } },
{ "type": "Feature", "properties": { "name": "AULAD INTNL SCHOOL", "amenity": "school" }, "geometry": { "type": "Point", "coordinates": [ 8.57502, 12.04967 ] } },
{ "type": "Feature", "properties": { "name": "UMURUDEN", "amenity": "school" }, "geometry": { "type": "Point", "coordinates": [ 8.57583, 12.04967 ] } },
{ "type": "Feature", "properties": { "name": "MAL. AUDU MAI ALMAJIRAI", "amenity": "school" }, "geometry": { "type": "Point", "coordinates": [ 8.56838, 12.04839 ] } },
{ "type": "Feature", "properties": { "name": "SIDI SHARE FOUNDATION", "amenity": "school" }, "geometry": { "type": "Point", "coordinates": [ 8.56907, 12.04854 ] } },
{ "type": "Feature", "properties": { "name": "GOLDEN VOICE ACADEMY", "amenity": "school" }, "geometry": { "type": "Point", "coordinates": [ 8.56958, 12.05091 ] } },
{ "type": "Feature", "properties": { "name": "PILLARS COLLEGE", "amenity": "school" }, "geometry": { "type": "Point", "coordinates": [ 3.23324, 6.52167 ] } },
{ "type": "Feature", "properties": { "name": "NANA RUKAIYYA PRIMARY SCHOOL", "amenity": "school" }, "geometry": { "type": "Point", "coordinates": [ 8.56572, 12.04559 ] } },
{ "type": "Feature", "properties": { "name": "DORAYI COMMUNITY SCHOOL", "amenity": "school" }, "geometry": { "type": "Point", "coordinates": [ 8.46977, 11.95793 ] } },
{ "type": "Feature", "properties": { "name": "MAKARANTAR MAL SAMAILA", "amenity": "school" }, "geometry": { "type": "Point", "coordinates": [ 8.47013, 11.95697 ] } },
{ "type": "Feature", "properties": { "name": "AL-ITKAN ACADEMY", "amenity": "school" }, "geometry": { "type": "Point", "coordinates": [ 8.47013, 11.95857 ] } },
{ "type": "Feature", "properties": { "name": "TALENT BEST ACADEMY", "amenity": "school" }, "geometry": { "type": "Point", "coordinates": [ 8.47176, 11.95476 ] } },
{ "type": "Feature", "properties": { "name": "ANWARUL MUHAMMADIYYA", "amenity": "school" }, "geometry": { "type": "Point", "coordinates": [ 8.4708, 11.9574 ] } },
{ "type": "Feature", "properties": { "name": "KARANTAR MALAM AUWAL FARIN MASALLACHI", "amenity": "school" }, "geometry": { "type": "Point", "coordinates": [ 8.46767, 11.96015 ] } },
{ "type": "Feature", "properties": { "name": "MAKARANTAR TASIU MAI ALMAJIRAI", "amenity": "school" }, "geometry": { "type": "Point", "coordinates": [ 8.46752, 11.96061 ] } },
{ "type": "Feature", "properties": { "name": "KHULAFA'U RRASHIDIN RIDWAN IBRAHIM ACADEMY", "amenity": "school" }, "geometry": { "type": "Point", "coordinates": [ 8.46573, 11.96128 ] } },
{ "type": "Feature", "properties": { "name": "ULUMUDDEN ISLAMIYA", "amenity": "school" }, "geometry": { "type": "Point", "coordinates": [ 8.56485, 12.03876 ] } },
{ "type": "Feature", "properties": { "name": "GIDAN GADO SCIENCE ACADEMY AND ISLAMIYYA", "amenity": "school" }, "geometry": { "type": "Point", "coordinates": [ 8.57949, 12.05035 ] } },
{ "type": "Feature", "properties": { "name": "IBN KASIR ACADEMY", "amenity": "school" }, "geometry": { "type": "Point", "coordinates": [ 8.56391, 12.03762 ] } },
{ "type": "Feature", "properties": { "name": "MAKARANTAR MALAM MAI JAN LEBE", "amenity": "school" }, "geometry": { "type": "Point", "coordinates": [ 8.56364, 12.03913 ] } },
{ "type": "Feature", "properties": { "name": "MAKARANTAR MALAM IBRAHIM MAI YAR HULA", "amenity": "school" }, "geometry": { "type": "Point", "coordinates": [ 8.56424, 12.03952 ] } },
{ "type": "Feature", "properties": { "name": "ALHAJI YUSUF GARBA ALI ISLAMIC FOUNDATION", "amenity": "school" }, "geometry": { "type": "Point", "coordinates": [ 8.56536, 12.03602 ] } },
{ "type": "Feature", "properties": { "name": "DARUSSUNNAH LITAHFEEZIL QUR'AN", "amenity": "school" }, "geometry": { "type": "Point", "coordinates": [ 8.56434, 12.0391 ] } },
{ "type": "Feature", "properties": { "name": "AL-HIKIMA ISLAMIC INSTITUTE", "amenity": "school" }, "geometry": { "type": "Point", "coordinates": [ 8.5722, 12.04317 ] } },
{ "type": "Feature", "properties": { "name": "RIMIN KEBE SPECIALI PRIMARY SCHOOL", "amenity": "school" }, "geometry": { "type": "Point", "coordinates": [ 8.57027, 12.04647 ] } },
{ "type": "Feature", "properties": { "name": "ALQAMAR COLLEGE KANO", "amenity": "school" }, "geometry": { "type": "Point", "coordinates": [ 8.47765, 11.96264 ] } },
{ "type": "Feature", "properties": { "name": "SHAMSUL HUDA AL ISLAMIYYA", "amenity": "school" }, "geometry": { "type": "Point", "coordinates": [ 8.57276, 12.04233 ] } },
{ "type": "Feature", "properties": { "name": "MIGA INTRNATIONAL ACADEMY", "amenity": "school" }, "geometry": { "type": "Point", "coordinates": [ 8.47454, 11.96184 ] } },
{ "type": "Feature", "properties": { "name": "EAMANI SCHOOL", "amenity": "school" }, "geometry": { "type": "Point", "coordinates": [ 8.47504, 11.96261 ] } },
{ "type": "Feature", "properties": { "name": "BINTA AHMAD MEMORIAL ACADEMY", "amenity": "school" }, "geometry": { "type": "Point", "coordinates": [ 8.47362, 11.96112 ] } },
{ "type": "Feature", "properties": { "name": "NANA KHADIJAILAMIYYA", "amenity": "school" }, "geometry": { "type": "Point", "coordinates": [ 8.47286, 11.96041 ] } },
{ "type": "Feature", "properties": { "name": "AL-JAZEERA INTERNATIONAL ACADEMY", "amenity": "school" }, "geometry": { "type": "Point", "coordinates": [ 8.47407, 11.95955 ] } },
{ "type": "Feature", "properties": { "name": "SHARIF NUHU MEMORIAL", "amenity": "school" }, "geometry": { "type": "Point", "coordinates": [ 8.47547, 11.95955 ] } },
{ "type": "Feature", "properties": { "name": "MAI KANO ACADEMY", "amenity": "school" }, "geometry": { "type": "Point", "coordinates": [ 8.47134, 11.95446 ] } },
{ "type": "Feature", "properties": { "name": "ALISHBA ACADEMY", "amenity": "school" }, "geometry": { "type": "Point", "coordinates": [ 8.47099, 11.95357 ] } },
{ "type": "Feature", "properties": { "name": "ZAM-ZAM INTL SCHOOL KANO", "amenity": "school" }, "geometry": { "type": "Point", "coordinates": [ 8.4671, 11.96318 ] } },
{ "type": "Feature", "properties": { "name": "AMATULRAHMAN ROYAL INT' SCHOOL KANO", "amenity": "school" }, "geometry": { "type": "Point", "coordinates": [ 8.46816, 11.96449 ] } },
{ "type": "Feature", "properties": { "name": "FATHU RABBANI MAL. HASSAN", "amenity": "school" }, "geometry": { "type": "Point", "coordinates": [ 8.56322, 12.03656 ] } },
{ "type": "Feature", "properties": { "name": "HUSNAH BEST ACADEMY", "amenity": "school" }, "geometry": { "type": "Point", "coordinates": [ 8.56644, 12.0461 ] } },
{ "type": "Feature", "properties": { "name": "FATIMA B IDRIS", "amenity": "school" }, "geometry": { "type": "Point", "coordinates": [ 8.58047, 12.05493 ] } },
{ "type": "Feature", "properties": { "name": "BINTA FOUNDATION", "amenity": "school" }, "geometry": { "type": "Point", "coordinates": [ 8.58155, 12.05598 ] } },
{ "type": "Feature", "properties": { "name": "HASINAH MEMORIAL", "amenity": "school" }, "geometry": { "type": "Point", "coordinates": [ 8.58159, 12.05529 ] } },
{ "type": "Feature", "properties": { "name": "MADRASATUL ZADUL MA AM ISLAMIYYA", "amenity": "school" }, "geometry": { "type": "Point", "coordinates": [ 8.58197, 12.05532 ] } },
{ "type": "Feature", "properties": { "name": "ABDULLAHI BIN MASUD ( FAISALIYYA) ISLAMIYYA", "amenity": "school" }, "geometry": { "type": "Point", "coordinates": [ 8.47053, 11.95525 ] } },
{ "type": "Feature", "properties": { "name": "ALHASAN MEMORIAL", "amenity": "school" }, "geometry": { "type": "Point", "coordinates": [ 8.5645, 12.04002 ] } },
{ "type": "Feature", "properties": { "name": "MAKARATAR ZUBAIRU BIN AWAM", "amenity": "school" }, "geometry": { "type": "Point", "coordinates": [ 8.56471, 12.04074 ] } },
{ "type": "Feature", "properties": { "name": "ALMUHAJIRUN WAL ANSAR LITAHFIZUL QUR AN WADDARASATUK ILAMIYYA", "amenity": "school" }, "geometry": { "type": "Point", "coordinates": [ 8.57723, 12.05395 ] } },
{ "type": "Feature", "properties": { "name": "MADARASATUL ADAM MAIGARI ISLAMIYYA", "amenity": "school" }, "geometry": { "type": "Point", "coordinates": [ 8.56779, 12.0473 ] } },
{ "type": "Feature", "properties": { "name": "DAN TAMASHE JUNIOR SECONDARY SCHOOL", "amenity": "school" }, "geometry": { "type": "Point", "coordinates": [ 8.58032, 12.04978 ] } },
{ "type": "Feature", "properties": { "name": "AMANA SCHOOL", "amenity": "school" }, "geometry": { "type": "Point", "coordinates": [ 8.56775, 12.03779 ] } },
{ "type": "Feature", "properties": { "name": "TALENT INTL ACADEMY", "amenity": "school" }, "geometry": { "type": "Point", "coordinates": [ 8.56634, 12.037 ] } },
{ "type": "Feature", "properties": { "name": "SAHABA ONE", "amenity": "school" }, "geometry": { "type": "Point", "coordinates": [ 8.56417, 12.04431 ] } },
{ "type": "Feature", "properties": { "name": "MARKAZU ISALIL KHAIR UMMATI SCHOOL", "amenity": "school" }, "geometry": { "type": "Point", "coordinates": [ 8.57042, 12.0459 ] } },
{ "type": "Feature", "properties": { "name": "ANDAL BEST ACADEMY SCHOOL", "amenity": "school" }, "geometry": { "type": "Point", "coordinates": [ 8.5685, 12.04088 ] } },
{ "type": "Feature", "properties": { "name": "ISLAMIYYA", "amenity": "school" }, "geometry": { "type": "Point", "coordinates": [ 8.57134, 12.0408 ] } },
{ "type": "Feature", "properties": { "name": "ROYAL", "amenity": "school" }, "geometry": { "type": "Point", "coordinates": [ 8.56415, 12.03724 ] } },
{ "type": "Feature", "properties": { "name": "ADAMU A C SCIENCE ACADEMY", "amenity": "school" }, "geometry": { "type": "Point", "coordinates": [ 8.56275, 12.0411 ] } },
{ "type": "Feature", "properties": { "name": "DA AWATUNNABIYYU", "amenity": "school" }, "geometry": { "type": "Point", "coordinates": [ 8.5628, 12.04203 ] } },
{ "type": "Feature", "properties": { "name": "ADAMU A C SCIENCE ACADEMY SCHOOHL", "amenity": "school" }, "geometry": { "type": "Point", "coordinates": [ 8.56354, 12.04132 ] } },
{ "type": "Feature", "properties": { "name": "ROYAL ACADEMY", "amenity": "school" }, "geometry": { "type": "Point", "coordinates": [ 8.56437, 12.03631 ] } },
{ "type": "Feature", "properties": { "name": "ROYAL ACADEMY", "amenity": "school" }, "geometry": { "type": "Point", "coordinates": [ 8.56499, 12.03685 ] } },
{ "type": "Feature", "properties": { "name": "ISLAMIYYA QURANIC SCHOOL", "amenity": "school" }, "geometry": { "type": "Point", "coordinates": [ 8.5686, 12.04093 ] } },
{ "type": "Feature", "properties": { "name": "MA AHAD", "amenity": "school" }, "geometry": { "type": "Point", "coordinates": [ 8.56132, 12.03426 ] } },
{ "type": "Feature", "properties": { "name": "BUL BULA SPECIAL PRAMARY SCHOOL", "amenity": "school" }, "geometry": { "type": "Point", "coordinates": [ 8.56358, 12.03624 ] } },
{ "type": "Feature", "properties": { "name": "MAKARANTAR MAL ME MANGWARO", "amenity": "school" }, "geometry": { "type": "Point", "coordinates": [ 8.56315, 12.03437 ] } },
{ "type": "Feature", "properties": { "name": "ASSAYYADA AISHA COLLEGE", "amenity": "school" }, "geometry": { "type": "Point", "coordinates": [ 8.56447, 12.03536 ] } },
{ "type": "Feature", "properties": { "name": "IBN KASIR ACADEMY", "amenity": "school" }, "geometry": { "type": "Point", "coordinates": [ 8.56404, 12.03653 ] } },
{ "type": "Feature", "properties": { "name": "MAKARANTAR MALAM BABBA", "amenity": "school" }, "geometry": { "type": "Point", "coordinates": [ 8.56295, 12.03803 ] } },
{ "type": "Feature", "properties": { "name": "SAHABAMODEL SCIENCE ACADEMY SCHOOL", "amenity": "school" }, "geometry": { "type": "Point", "coordinates": [ 8.56367, 12.04358 ] } },
{ "type": "Feature", "properties": { "name": "BARANTAR MALAM SANI", "amenity": "school" }, "geometry": { "type": "Point", "coordinates": [ 8.56259, 12.04422 ] } },
{ "type": "Feature", "properties": { "name": "DYNAMIC WISDOM INTERNATIONAL SCHOOL", "amenity": "school" }, "geometry": { "type": "Point", "coordinates": [ 8.57032, 12.04354 ] } },
{ "type": "Feature", "properties": { "name": "WISDOM INTERNATIONAL JUNIOR SEC. SCH.", "amenity": "school" }, "geometry": { "type": "Point", "coordinates": [ 8.57156, 12.04391 ] } },
{ "type": "Feature", "properties": { "name": "WISDOM INTERNATIONAL NURSERY SCHOOL", "amenity": "school" }, "geometry": { "type": "Point", "coordinates": [ 8.57213, 12.0431 ] } },
{ "type": "Feature", "properties": { "name": "AISHATU BEST ACADEMY (NUR./PRI.)", "amenity": "school" }, "geometry": { "type": "Point", "coordinates": [ 8.57129, 12.04205 ] } },
{ "type": "Feature", "properties": { "name": "MAKARANTAR MALAM SUNUSI", "amenity": "school" }, "geometry": { "type": "Point", "coordinates": [ 8.56226, 12.04152 ] } },
{ "type": "Feature", "properties": { "name": "NURUL ISLAM", "amenity": "school" }, "geometry": { "type": "Point", "coordinates": [ 8.56309, 12.03864 ] } },
{ "type": "Feature", "properties": { "name": "MAKARATAR MARAYU DA MASU KARAMIN KARFI", "amenity": "school" }, "geometry": { "type": "Point", "coordinates": [ 8.56417, 12.03534 ] } },
{ "type": "Feature", "properties": { "name": "BRIGHT FUTURE SCIENCE ACADEMY", "amenity": "school" }, "geometry": { "type": "Point", "coordinates": [ 8.56929, 12.04334 ] } },
{ "type": "Feature", "properties": { "name": "God's Glory Academy", "amenity": "school" }, "geometry": { "type": "Point", "coordinates": [ 8.91383, 9.92657 ] } },
{ "type": "Feature", "properties": { "name": "Esteemed Christian Academy", "amenity": "school" }, "geometry": { "type": "Point", "coordinates": [ 8.91307, 9.92838 ] } },
{ "type": "Feature", "properties": { "name": "Gombe state university College", "amenity": "college" }, "geometry": { "type": "Point", "coordinates": [ 11.13773, 10.30507 ] } },
{ "type": "Feature", "properties": { "name": "Sen. Joshua Lidani", "amenity": "school" }, "geometry": { "type": "Point", "coordinates": [ 11.1724, 10.30538 ] } },
{ "type": "Feature", "properties": { "name": "All Saints' College Gombe", "amenity": "school" }, "geometry": { "type": "Point", "coordinates": [ 11.14592, 10.29973 ] } },
{ "type": "Feature", "properties": { "name": "A.A Haruna Memorial School", "amenity": "school" }, "geometry": { "type": "Point", "coordinates": [ 11.14904, 10.30671 ] } },
{ "type": "Feature", "properties": { "name": "School of Health Technology Kaltungo", "amenity": "school" }, "geometry": { "type": "Point", "coordinates": [ 11.31988, 9.82797 ] } },
{ "type": "Feature", "properties": { "name": "Royal Steps Academy", "amenity": "school" }, "geometry": { "type": "Point", "coordinates": [ 8.88628, 9.89418 ] } },
{ "type": "Feature", "properties": { "name": "Love Baptist Church Ugbuwangue", "amenity": "kindergarten" }, "geometry": { "type": "Point", "coordinates": [ 5.71816, 5.5271 ] } },
{ "type": "Feature", "properties": { "name": "St Patrick Catholic Church", "amenity": "kindergarten" }, "geometry": { "type": "Point", "coordinates": [ 6.30457, 6.68921 ] } },
{ "type": "Feature", "properties": { "name": "science 2", "amenity": "school" }, "geometry": { "type": "Point", "coordinates": [ 11.15617, 10.28816 ] } },
{ "type": "Feature", "properties": { "name": "kwadon primary school", "amenity": "school" }, "geometry": { "type": "Point", "coordinates": [ 11.28699, 10.27631 ] } },
{ "type": "Feature", "properties": { "name": "Government day senior secondary school herwagana", "amenity": "school" }, "geometry": { "type": "Point", "coordinates": [ 11.17696, 10.2846 ] } },
{ "type": "Feature", "properties": { "name": "male Rest Room", "amenity": "school" }, "geometry": { "type": "Point", "coordinates": [ 11.17541, 10.30594 ] } },
{ "type": "Feature", "properties": { "name": "lecture theatre A", "amenity": "school" }, "geometry": { "type": "Point", "coordinates": [ 11.17573, 10.3052 ] } },
{ "type": "Feature", "properties": { "name": "Geology Visiting lecturers Office", "amenity": "school" }, "geometry": { "type": "Point", "coordinates": [ 11.17539, 10.30485 ] } },
{ "type": "Feature", "properties": { "name": "federal polytechnic, permanent side", "amenity": "school" }, "geometry": { "type": "Point", "coordinates": [ 11.34164, 9.82186 ] } },
{ "type": "Feature", "properties": { "name": "Ranjenny Schools Eleme", "amenity": "school" }, "geometry": { "type": "Point", "coordinates": [ 6.44707, 5.71712 ] } },
{ "type": "Feature", "properties": { "name": "Namu Model Model Secondary School", "amenity": "school" }, "geometry": { "type": "Point", "coordinates": [ 13.15217, 11.81533 ] } },
{ "type": "Feature", "properties": { "name": "BU Highschool", "amenity": "school" }, "geometry": { "type": "Point", "coordinates": [ 3.71897, 6.89011 ] } },
{ "type": "Feature", "properties": { "name": "Science and Technology", "amenity": "school" }, "geometry": { "type": "Point", "coordinates": [ 3.72255, 6.88872 ] } },
{ "type": "Feature", "properties": { "name": "Royal Heritage Academy", "amenity": "school" }, "geometry": { "type": "Point", "coordinates": [ 8.91741, 9.93597 ] } },
{ "type": "Feature", "properties": { "name": "Divine Grace Schools", "amenity": "school" }, "geometry": { "type": "Point", "coordinates": [ 8.91724, 9.93651 ] } },
{ "type": "Feature", "properties": { "name": "ETF-CERC GOMBE Admin block comprence room 2", "amenity": "school" }, "geometry": { "type": "Point", "coordinates": [ 11.16015, 10.30354 ] } },
{ "type": "Feature", "properties": { "name": "Teshegwa Primary School", "amenity": "school" }, "geometry": { "type": "Point", "coordinates": [ 10.14334, 12.54887 ] } },
{ "type": "Feature", "properties": { "name": "UNEC", "amenity": "school" }, "geometry": { "type": "Point", "coordinates": [ 7.50557, 6.4246 ] } },
{ "type": "Feature", "properties": { "name": "Church of God Mission", "amenity": "kindergarten" }, "geometry": { "type": "Point", "coordinates": [ 5.75594, 5.52236 ] } },
{ "type": "Feature", "properties": { "name": "St. Anthony Cathedral Uromi", "amenity": "kindergarten" }, "geometry": { "type": "Point", "coordinates": [ 6.32713, 6.71472 ] } },
{ "type": "Feature", "properties": { "name": "Zhunnurain integrated school Gombe", "amenity": "kindergarten" }, "geometry": { "type": "Point", "coordinates": [ 11.18003, 10.27016 ] } },
{ "type": "Feature", "properties": { "name": "Kuriga Primary School", "amenity": "school" }, "geometry": { "type": "Point", "coordinates": [ 6.80968, 10.70225 ] } },
{ "type": "Feature", "properties": { "name": "Federal University of Technology, Akure", "amenity": "school" }, "geometry": { "type": "Point", "coordinates": [ 5.14967, 7.29308 ] } },
{ "type": "Feature", "properties": { "name": "Ekiugbo Grammer School", "amenity": "school" }, "geometry": { "type": "Point", "coordinates": [ 5.97117, 5.51687 ] } },
{ "type": "Feature", "properties": { "name": "St. Philips Academy", "amenity": "school" }, "geometry": { "type": "Point", "coordinates": [ 8.91435, 9.9207 ] } },
{ "type": "Feature", "properties": { "name": "God'swill Academy Fudawa", "amenity": "school" }, "geometry": { "type": "Point", "coordinates": [ 8.91669, 9.92529 ] } },
{ "type": "Feature", "properties": { "name": "Iworo Ajido Model College", "amenity": "school" }, "geometry": { "type": "Point", "coordinates": [ 2.97384, 6.43717 ] } },
{ "type": "Feature", "properties": { "name": "NURSING DEPARTMENT", "amenity": "college" }, "geometry": { "type": "Point", "coordinates": [ 11.17545, 10.30301 ] } },
{ "type": "Feature", "properties": { "name": "lecture theatre B", "amenity": "school" }, "geometry": { "type": "Point", "coordinates": [ 11.17557, 10.30523 ] } },
{ "type": "Feature", "properties": { "name": "Ekpebiwei Primary School Ogulagha", "amenity": "school" }, "geometry": { "type": "Point", "coordinates": [ 5.34579, 5.36047 ] } },
{ "type": "Feature", "properties": { "name": "Bubayero Primary school Gombe, Gombe State", "amenity": "school" }, "geometry": { "type": "Point", "coordinates": [ 11.16736, 10.29241 ] } },
{ "type": "Feature", "properties": { "name": "Bubayero Primary school Gombe, Gombe State", "amenity": "school" }, "geometry": { "type": "Point", "coordinates": [ 11.16746, 10.29083 ] } },
{ "type": "Feature", "properties": { "name": "Usman Memorial Primary school Gombe , Gombe State", "amenity": "school" }, "geometry": { "type": "Point", "coordinates": [ 11.17076, 10.29437 ] } },
{ "type": "Feature", "properties": { "name": "Usman Memorial Primary school Gombe, Gombe State", "amenity": "school" }, "geometry": { "type": "Point", "coordinates": [ 11.17012, 10.29419 ] } },
{ "type": "Feature", "properties": { "name": "Usman Memorial Islamiyya School (Loddo), Gombe", "amenity": "school" }, "geometry": { "type": "Point", "coordinates": [ 11.17029, 10.29483 ] } },
{ "type": "Feature", "properties": { "name": "Gombe state university day care", "amenity": "school" }, "geometry": { "type": "Point", "coordinates": [ 11.17334, 10.30789 ] } },
{ "type": "Feature", "properties": { "name": "Faculty of law gombe state university", "amenity": "school" }, "geometry": { "type": "Point", "coordinates": [ 11.17294, 10.30753 ] } },
{ "type": "Feature", "properties": { "name": "ECWA nursery and primary school wili", "amenity": "school" }, "geometry": { "type": "Point", "coordinates": [ 11.26512, 9.90914 ] } },
{ "type": "Feature", "properties": { "name": "Rest Room", "amenity": "school" }, "geometry": { "type": "Point", "coordinates": [ 11.17527, 10.3051 ] } },
{ "type": "Feature", "properties": { "name": "Kwaine College of Education (KCOE) Yelanguruza Gombe", "amenity": "school" }, "geometry": { "type": "Point", "coordinates": [ 11.19581, 10.27174 ] } },
{ "type": "Feature", "properties": { "name": "Gombe model primary school 5A 5B", "amenity": "school" }, "geometry": { "type": "Point", "coordinates": [ 11.16778, 10.30737 ] } },
{ "type": "Feature", "properties": { "name": "class Room 1A", "amenity": "school" }, "geometry": { "type": "Point", "coordinates": [ 11.16716, 10.30733 ] } },
{ "type": "Feature", "properties": { "name": "family support nursery and primary school.Gombe", "amenity": "school" }, "geometry": { "type": "Point", "coordinates": [ 11.16716, 10.30753 ] } },
{ "type": "Feature", "properties": { "name": "Dr. abubakar abdullahi Baba  jolly phonics resources room", "amenity": "school" }, "geometry": { "type": "Point", "coordinates": [ 11.16741, 10.30719 ] } },
{ "type": "Feature", "properties": { "name": "Class 5A", "amenity": "school" }, "geometry": { "type": "Point", "coordinates": [ 11.16755, 10.30693 ] } },
{ "type": "Feature", "properties": { "name": "mosque male and female rest roo", "amenity": "school" }, "geometry": { "type": "Point", "coordinates": [ 11.17541, 10.30581 ] } },
{ "type": "Feature", "properties": { "name": "Geography Department Room 3", "amenity": "school" }, "geometry": { "type": "Point", "coordinates": [ 11.17585, 10.30475 ] } },
{ "type": "Feature", "properties": { "name": "faculty of science complex park", "amenity": "school" }, "geometry": { "type": "Point", "coordinates": [ 11.17502, 10.30559 ] } },
{ "type": "Feature", "properties": { "name": "male and female mosque road", "amenity": "school" }, "geometry": { "type": "Point", "coordinates": [ 11.17545, 10.30558 ] } },
{ "type": "Feature", "properties": { "name": "Geography Department Room 4", "amenity": "school" }, "geometry": { "type": "Point", "coordinates": [ 11.17808, 10.3061 ] } },
{ "type": "Feature", "properties": { "name": "Geography Department Room 4", "amenity": "school" }, "geometry": { "type": "Point", "coordinates": [ 11.176, 10.30497 ] } },
{ "type": "Feature", "properties": { "name": "NURUL HUDA INTERNATIONAL ACADEMY GOMBE", "amenity": "school" }, "geometry": { "type": "Point", "coordinates": [ 11.14316, 10.27678 ] } },
{ "type": "Feature", "properties": { "name": "GDSS Bolari East Gombe", "amenity": "school" }, "geometry": { "type": "Point", "coordinates": [ 11.18322, 10.27715 ] } },
{ "type": "Feature", "properties": { "name": "GCDSS GOMBE STATE", "amenity": "school" }, "geometry": { "type": "Point", "coordinates": [ 11.18156, 10.30081 ] } },
{ "type": "Feature", "properties": { "name": "Modrosatul Darus Sunnah, Adeleye", "amenity": "school" }, "geometry": { "type": "Point", "coordinates": [ 4.04317, 7.45227 ] } },
{ "type": "Feature", "properties": { "name": "Ancient Intelligence Football Academy", "amenity": "school" }, "geometry": { "type": "Point", "coordinates": [ 7.46722, 9.08481 ] } },
{ "type": "Feature", "properties": { "name": "faculty of agricultural science", "amenity": "university" }, "geometry": { "type": "Point", "coordinates": [ 8.88633, 9.97919 ] } },
{ "type": "Feature", "properties": { "name": "faculty of environmental science", "amenity": "university" }, "geometry": { "type": "Point", "coordinates": [ 8.88109, 9.96526 ] } },
{ "type": "Feature", "properties": { "name": "faculty of arts", "amenity": "university" }, "geometry": { "type": "Point", "coordinates": [ 8.88411, 9.96746 ] } },
{ "type": "Feature", "properties": { "name": "Brotherhood Model College", "amenity": "school" }, "geometry": { "type": "Point", "coordinates": [ 8.31556, 4.93302 ] } },
{ "type": "Feature", "properties": { "name": "Government Primary school", "amenity": "school" }, "geometry": { "type": "Point", "coordinates": [ 8.31403, 4.93805 ] } },
{ "type": "Feature", "properties": { "name": "Rabjib college", "amenity": "school" }, "geometry": { "type": "Point", "coordinates": [ 8.88795, 9.91338 ] } },
{ "type": "Feature", "properties": { "name": "Isabatudeen Girls Grammar School", "amenity": "college" }, "geometry": { "type": "Point", "coordinates": [ 3.94062, 7.42225 ] } },
{ "type": "Feature", "properties": { "name": "St. Paul Primary & Secondary School", "amenity": "school" }, "geometry": { "type": "Point", "coordinates": [ 8.88642, 9.92362 ] } },
{ "type": "Feature", "properties": { "name": "Animal House", "amenity": "school" }, "geometry": { "type": "Point", "coordinates": [ 5.13376, 7.30151 ] } },
{ "type": "Feature", "properties": { "name": "FUTA Geotechnical Lab", "amenity": "school" }, "geometry": { "type": "Point", "coordinates": [ 5.13282, 7.30253 ] } },
{ "type": "Feature", "properties": { "name": "3 in 1 B", "amenity": "school" }, "geometry": { "type": "Point", "coordinates": [ 5.13372, 7.30129 ] } },
{ "type": "Feature", "properties": { "name": "Electrical Electronics Laboratory", "amenity": "school" }, "geometry": { "type": "Point", "coordinates": [ 5.13319, 7.3024 ] } },
{ "type": "Feature", "properties": { "name": "SOS Chemical Store", "amenity": "school" }, "geometry": { "type": "Point", "coordinates": [ 5.13381, 7.30164 ] } },
{ "type": "Feature", "properties": { "name": "Chemistry Laboratory 1", "amenity": "school" }, "geometry": { "type": "Point", "coordinates": [ 5.13422, 7.30221 ] } },
{ "type": "Feature", "properties": { "name": "Regina Mundi Girls Secondary School", "amenity": "school" }, "geometry": { "type": "Point", "coordinates": [ 4.17055, 7.63974 ] } },
{ "type": "Feature", "properties": { "name": "Morning Dew Private School", "amenity": "school" }, "geometry": { "type": "Point", "coordinates": [ 3.52306, 6.53974 ] } },
{ "type": "Feature", "properties": { "name": "School Of Postgraduates ( Phase 1)", "amenity": "school" }, "geometry": { "type": "Point", "coordinates": [ 5.13498, 7.29897 ] } },
{ "type": "Feature", "properties": { "name": "School Of Postgraduates (Phase 2)", "amenity": "school" }, "geometry": { "type": "Point", "coordinates": [ 5.13493, 7.29934 ] } },
{ "type": "Feature", "properties": { "name": "Ikeoluwa conprehensive college", "amenity": "school" }, "geometry": { "type": "Point", "coordinates": [ 3.2343, 6.53074 ] } },
{ "type": "Feature", "properties": { "name": "Amazing success model academy", "amenity": "school" }, "geometry": { "type": "Point", "coordinates": [ 3.23456, 6.53183 ] } },
{ "type": "Feature", "properties": { "name": "Mosfit private school", "amenity": "school" }, "geometry": { "type": "Point", "coordinates": [ 3.23784, 6.52598 ] } },
{ "type": "Feature", "properties": { "name": "House", "amenity": "school" }, "geometry": { "type": "Point", "coordinates": [ 3.24008, 6.52476 ] } },
{ "type": "Feature", "properties": { "name": "Tutorial lesson", "amenity": "school" }, "geometry": { "type": "Point", "coordinates": [ 3.23946, 6.52415 ] } },
{ "type": "Feature", "properties": { "name": "Al ibadah children School", "amenity": "school" }, "geometry": { "type": "Point", "coordinates": [ 3.23752, 6.52248 ] } },
{ "type": "Feature", "properties": { "name": "Teaching And Research Farm(Department of Fisheries And Aquaculture Technology)", "amenity": "school" }, "geometry": { "type": "Point", "coordinates": [ 5.14577, 7.2941 ] } },
{ "type": "Feature", "properties": { "name": "Loveone Academy", "amenity": "school" }, "geometry": { "type": "Point", "coordinates": [ 3.23727, 6.52749 ] } },
{ "type": "Feature", "properties": { "name": "Mary Greg Schools", "amenity": "school" }, "geometry": { "type": "Point", "coordinates": [ 3.2362, 6.52519 ] } },
{ "type": "Feature", "properties": { "name": "PILLARS PRIMARY SCHOOL", "amenity": "school" }, "geometry": { "type": "Point", "coordinates": [ 3.23268, 6.52132 ] } },
{ "type": "Feature", "properties": { "name": "Life Spring's Covenant Life Nursery & Primary School", "amenity": "school" }, "geometry": { "type": "Point", "coordinates": [ 5.14828, 7.28912 ] } },
{ "type": "Feature", "properties": { "name": "Students Affairs", "amenity": "school" }, "geometry": { "type": "Point", "coordinates": [ 5.13824, 7.30093 ] } },
{ "type": "Feature", "properties": { "name": "School Of Basic Medical Sciences(SBMS)", "amenity": "school" }, "geometry": { "type": "Point", "coordinates": [ 5.14891, 7.29561 ] } },
{ "type": "Feature", "properties": { "name": "Metallurgical And Materials Engineering Mineral Processing Laboratory", "amenity": "school" }, "geometry": { "type": "Point", "coordinates": [ 5.14903, 7.29614 ] } },
{ "type": "Feature", "properties": { "name": "Department Of Chemistry(Laboratory)", "amenity": "school" }, "geometry": { "type": "Point", "coordinates": [ 5.1492, 7.29576 ] } },
{ "type": "Feature", "properties": { "name": "Bridge School", "amenity": "school" }, "geometry": { "type": "Point", "coordinates": [ 3.23614, 6.52252 ] } },
{ "type": "Feature", "properties": { "name": "Life Spring School", "amenity": "school" }, "geometry": { "type": "Point", "coordinates": [ 5.14995, 7.28855 ] } },
{ "type": "Feature", "properties": { "name": "School of Computing", "amenity": "university" }, "geometry": { "type": "Point", "coordinates": [ 5.13213, 7.30472 ] } },
{ "type": "Feature", "properties": { "name": "3 in 1 C", "amenity": "school" }, "geometry": { "type": "Point", "coordinates": [ 5.13369, 7.30088 ] } },
{ "type": "Feature", "properties": { "name": "Post Graduate Research Lab", "amenity": "school" }, "geometry": { "type": "Point", "coordinates": [ 5.13413, 7.30146 ] } },
{ "type": "Feature", "properties": { "name": "3 in 1 A", "amenity": "school" }, "geometry": { "type": "Point", "coordinates": [ 5.13403, 7.30111 ] } },
{ "type": "Feature", "properties": { "name": "Chemistry Lab 2", "amenity": "school" }, "geometry": { "type": "Point", "coordinates": [ 5.13404, 7.30171 ] } },
{ "type": "Feature", "properties": { "name": "EBSU Presco Campus", "amenity": "school" }, "geometry": { "type": "Point", "coordinates": [ 8.07949, 6.32667 ] } },
{ "type": "Feature", "properties": { "name": "Model Science Primary School, Kagarko", "amenity": "school" }, "geometry": { "type": "Point", "coordinates": [ 7.70318, 9.49206 ] } },
{ "type": "Feature", "properties": { "name": "D.C School", "amenity": "school" }, "geometry": { "type": "Point", "coordinates": [ 4.17755, 7.64491 ] } },
{ "type": "Feature", "properties": { "name": "A'NA'AN ACADEMY FURAKA", "amenity": "school" }, "geometry": { "type": "Point", "coordinates": [ 8.92027, 9.91195 ] } },
{ "type": "Feature", "properties": { "name": "Senete chamber Gombe state University", "amenity": "school" }, "geometry": { "type": "Point", "coordinates": [ 11.17281, 10.30325 ] } },
{ "type": "Feature", "properties": { "name": "madarasatul Alaramma malan gambo littah fizzul Quran", "amenity": "school" }, "geometry": { "type": "Point", "coordinates": [ 11.15853, 10.28898 ] } },
{ "type": "Feature", "properties": { "name": "Department Of Biology", "amenity": "school" }, "geometry": { "type": "Point", "coordinates": [ 5.13391, 7.30227 ] } },
{ "type": "Feature", "properties": { "name": "School Of Life Sciences", "amenity": "school" }, "geometry": { "type": "Point", "coordinates": [ 5.13397, 7.30199 ] } },
{ "type": "Feature", "properties": { "name": "First Next Level Academy", "amenity": "school" }, "geometry": { "type": "Point", "coordinates": [ 5.14959, 7.29192 ] } },
{ "type": "Feature", "properties": { "name": "Alegongo Secondary School", "amenity": "school" }, "geometry": { "type": "Point", "coordinates": [ 3.95075, 7.43906 ] } },
{ "type": "Feature", "properties": { "name": "Science Day Secondary School", "amenity": "school" }, "geometry": { "type": "Point", "coordinates": [ 8.91238, 9.91362 ] } },
{ "type": "Feature", "properties": { "name": "Vico Hope International College", "amenity": "college" }, "geometry": { "type": "Point", "coordinates": [ 4.17424, 7.65128 ] } },
{ "type": "Feature", "properties": { "name": "The wings school", "amenity": "college" }, "geometry": { "type": "Point", "coordinates": [ 4.16704, 7.64181 ] } },
{ "type": "Feature", "properties": { "name": "Newton College", "amenity": "college" }, "geometry": { "type": "Point", "coordinates": [ 4.16119, 7.64973 ] } },
{ "type": "Feature", "properties": { "name": "National Open University", "amenity": "university" }, "geometry": { "type": "Point", "coordinates": [ 4.16566, 7.64558 ] } },
{ "type": "Feature", "properties": { "name": "Baptist High school", "amenity": "school" }, "geometry": { "type": "Point", "coordinates": [ 4.16391, 7.6303 ] } },
{ "type": "Feature", "properties": { "name": "Excellent Model Nur & Pry. School", "amenity": "school" }, "geometry": { "type": "Point", "coordinates": [ 4.17651, 7.63084 ] } },
{ "type": "Feature", "properties": { "name": "Federal college of Education", "amenity": "school" }, "geometry": { "type": "Point", "coordinates": [ 4.17136, 7.6452 ] } },
{ "type": "Feature", "properties": { "name": "Aipate Baptist Church Grammar School", "amenity": "school" }, "geometry": { "type": "Point", "coordinates": [ 4.1675, 7.62973 ] } },
{ "type": "Feature", "properties": { "name": "REHOBOTH COLLEGE GATE", "amenity": "college" }, "geometry": { "type": "Point", "coordinates": [ 5.15187, 7.2867 ] } },
{ "type": "Feature", "properties": { "name": "Faith Foundation Group of Schools", "amenity": "school" }, "geometry": { "type": "Point", "coordinates": [ 4.12216, 7.82201 ] } },
{ "type": "Feature", "properties": { "name": "Anglican Grammar School", "amenity": "school" }, "geometry": { "type": "Point", "coordinates": [ 4.13549, 7.83438 ] } },
{ "type": "Feature", "properties": { "name": "GOF Secondary School", "amenity": "school" }, "geometry": { "type": "Point", "coordinates": [ 4.12501, 7.82493 ] } },
{ "type": "Feature", "properties": { "name": "College of Enivornmental Sciences and Management", "amenity": "university" }, "geometry": { "type": "Point", "coordinates": [ 3.63864, 6.67086 ] } },
{ "type": "Feature", "properties": { "name": "Prof. Idowu Sobowale School of Communication", "amenity": "university" }, "geometry": { "type": "Point", "coordinates": [ 3.63658, 6.66852 ] } },
{ "type": "Feature", "properties": { "name": "Futa Staff Primary School(PTA BUILDING)", "amenity": "school" }, "geometry": { "type": "Point", "coordinates": [ 5.14798, 7.29585 ] } },
{ "type": "Feature", "properties": { "name": "Microbiology Department", "amenity": "school" }, "geometry": { "type": "Point", "coordinates": [ 5.14841, 7.29613 ] } },
{ "type": "Feature", "properties": { "name": "Rehoboth College Of Health", "amenity": "college" }, "geometry": { "type": "Point", "coordinates": [ 5.1515, 7.28631 ] } },
{ "type": "Feature", "properties": { "name": "BBS Babcock Business School", "amenity": "university" }, "geometry": { "type": "Point", "coordinates": [ 3.72391, 6.89082 ] } },
{ "type": "Feature", "properties": { "name": "Kilanko Primary School, Ilorin, Nigeria", "amenity": "school" }, "geometry": { "type": "Point", "coordinates": [ 4.59999, 8.44764 ] } },
{ "type": "Feature", "properties": { "name": "Kwara polytechnics, Ilorin, Nigeria", "amenity": "school" }, "geometry": { "type": "Point", "coordinates": [ 4.54439, 8.53734 ] } },
{ "type": "Feature", "properties": { "name": "Kwara State Polytechnic, Share-Oja Oba Road, Ilorin, Nigeria", "amenity": "school" }, "geometry": { "type": "Point", "coordinates": [ 4.63426, 8.54334 ] } },
{ "type": "Feature", "properties": { "name": "HEADQUARTERS", "amenity": "university" }, "geometry": { "type": "Point", "coordinates": [ 7.44178, 10.60814 ] } },
{ "type": "Feature", "properties": { "name": "BURSARY DEPARTMENT", "amenity": "university" }, "geometry": { "type": "Point", "coordinates": [ 7.44142, 10.60793 ] } },
{ "type": "Feature", "properties": { "name": "Government Day Secondary School Nasarawa Burkullu", "amenity": "school" }, "geometry": { "type": "Point", "coordinates": [ 5.74326, 12.04518 ] } },
{ "type": "Feature", "properties": { "name": "Shehu Marafa Model Primary School Nasarawa Burkullu", "amenity": "school" }, "geometry": { "type": "Point", "coordinates": [ 5.74222, 12.05153 ] } },
{ "type": "Feature", "properties": { "name": "DAR ARQAM", "amenity": "school" }, "geometry": { "type": "Point", "coordinates": [ 8.58324, 12.05699 ] } },
{ "type": "Feature", "properties": { "name": "Durkwa Primary and Junior Secondary school", "amenity": "school" }, "geometry": { "type": "Point", "coordinates": [ 12.1212, 10.47907 ] } },
{ "type": "Feature", "properties": { "name": "St. Augustine Private School", "amenity": "school" }, "geometry": { "type": "Point", "coordinates": [ 8.84914, 9.87112 ] } },
{ "type": "Feature", "properties": { "name": "Umuchigbo Secondary School", "amenity": "school" }, "geometry": { "type": "Point", "coordinates": [ 7.53294, 6.49553 ] } },
{ "type": "Feature", "properties": { "name": "Enugu State University of Science and Technology (ESUT)", "amenity": "university" }, "geometry": { "type": "Point", "coordinates": [ 7.53767, 6.30686 ] } },
{ "type": "Feature", "properties": { "name": "FB1", "amenity": "university" }, "geometry": { "type": "Point", "coordinates": [ 6.32138, 4.79195 ] } },
{ "type": "Feature", "properties": { "name": "fountain block", "amenity": "university" }, "geometry": { "type": "Point", "coordinates": [ 6.32094, 4.79302 ] } },
{ "type": "Feature", "properties": { "name": "Page Schools", "amenity": "school" }, "geometry": { "type": "Point", "coordinates": [ 7.49215, 8.98217 ] } },
{ "type": "Feature", "properties": { "name": "Alagbado Primary School, Ilorin, Nigeria", "amenity": "school" }, "geometry": { "type": "Point", "coordinates": [ 4.53805, 8.53462 ] } },
{ "type": "Feature", "properties": { "name": "Sarkin Danko Model Primary School Nasarawa Burkullu", "amenity": "school" }, "geometry": { "type": "Point", "coordinates": [ 5.74364, 12.04473 ] } },
{ "type": "Feature", "properties": { "name": "Royal Cot Baby Care", "amenity": "kindergarten" }, "geometry": { "type": "Point", "coordinates": [ 5.60868, 6.31157 ] } },
{ "type": "Feature", "properties": { "name": "International School, Unilag", "amenity": "school" }, "geometry": { "type": "Point", "coordinates": [ 3.39135, 6.51198 ] } },
{ "type": "Feature", "properties": { "name": "YUSJIB COLLEGE OF HEALTH SCIENCES AND TECHNOLOGY (YUSCOHTECH)", "amenity": "school" }, "geometry": { "type": "Point", "coordinates": [ 4.59573, 8.43252 ] } },
{ "type": "Feature", "properties": { "name": "LR 301 and LR 302", "amenity": "university" }, "geometry": { "type": "Point", "coordinates": [ 7.44254, 10.61257 ] } },
{ "type": "Feature", "properties": { "name": "Roemichs international school Ajase-Ipo Road, Offa Garage, Ilorin", "amenity": "school" }, "geometry": { "type": "Point", "coordinates": [ 4.57565, 8.4592 ] } },
{ "type": "Feature", "properties": { "name": "Garu Islamic College Of Health Technology Bauchi", "amenity": "college" }, "geometry": { "type": "Point", "coordinates": [ 9.78788, 10.30504 ] } },
{ "type": "Feature", "properties": { "name": "Erin-Ijesa Grammar School", "amenity": "school" }, "geometry": { "type": "Point", "coordinates": [ 4.8897, 7.56772 ] } },
{ "type": "Feature", "properties": { "name": "Cross Kauwa Primary School", "amenity": "school" }, "geometry": { "type": "Point", "coordinates": [ 13.67567, 12.9408 ] } },
{ "type": "Feature", "properties": { "name": "Gold Academy Egbejila Road, Egbejila Road, Ilorin, Nigeria", "amenity": "school" }, "geometry": { "type": "Point", "coordinates": [ 4.52723, 8.44524 ] } },
{ "type": "Feature", "properties": { "name": "Unknown", "amenity": "school" }, "geometry": { "type": "Point", "coordinates": [ 5.40319, 6.74432 ] } },
{ "type": "Feature", "properties": { "name": "Hall", "amenity": "school" }, "geometry": { "type": "Point", "coordinates": [ 5.40339, 6.74284 ] } },
{ "type": "Feature", "properties": { "name": "College Of Business & Management Studies", "amenity": "college" }, "geometry": { "type": "Point", "coordinates": [ 5.4047, 6.7405 ] } },
{ "type": "Feature", "properties": { "name": "Theatre Art Department", "amenity": "college" }, "geometry": { "type": "Point", "coordinates": [ 5.40566, 6.74063 ] } },
{ "type": "Feature", "properties": { "name": "Main Campus Gate", "amenity": "school" }, "geometry": { "type": "Point", "coordinates": [ 5.41012, 6.74105 ] } },
{ "type": "Feature", "properties": { "name": "College Of Law Administrative Building", "amenity": "college" }, "geometry": { "type": "Point", "coordinates": [ 5.40329, 6.74468 ] } },
{ "type": "Feature", "properties": { "name": "Dean Of Student Affairs Building", "amenity": "school" }, "geometry": { "type": "Point", "coordinates": [ 5.40587, 6.7439 ] } },
{ "type": "Feature", "properties": { "name": "College of natural and applied science", "amenity": "college" }, "geometry": { "type": "Point", "coordinates": [ 5.40554, 6.74125 ] } },
{ "type": "Feature", "properties": { "name": "Faculty of Biosciences", "amenity": "university" }, "geometry": { "type": "Point", "coordinates": [ 7.11512, 6.25185 ] } },
{ "type": "Feature", "properties": { "name": "Muyhideen College of Education, Ilorin, Federal Road, Oko Erin, Nigeria", "amenity": "school" }, "geometry": { "type": "Point", "coordinates": [ 4.58585, 8.52783 ] } },
{ "type": "Feature", "properties": { "name": "National Open University Sobi Study Center, Sobi Road, Ilorin, Nigeria", "amenity": "school" }, "geometry": { "type": "Point", "coordinates": [ 4.55843, 8.56253 ] } },
{ "type": "Feature", "properties": { "name": "Osin Aremu Community Secondary School, Ilorin, Osin Aremu, LGA, Nigeria", "amenity": "school" }, "geometry": { "type": "Point", "coordinates": [ 4.57262, 8.43199 ] } },
{ "type": "Feature", "properties": { "name": "Police children school, Sango, Ilorin, Agunbiade Street, Oko Erin, Nigeria", "amenity": "school" }, "geometry": { "type": "Point", "coordinates": [ 4.59297, 8.52863 ] } },
{ "type": "Feature", "properties": { "name": "Edinwo Plaza Muritala, Ilorin, Kwara, Nigeria", "amenity": "school" }, "geometry": { "type": "Point", "coordinates": [ 4.56375, 8.48504 ] } },
{ "type": "Feature", "properties": { "name": "Senior Secondary School Danialu, Agbabiaka Road, Oko Erin, Nigeria", "amenity": "school" }, "geometry": { "type": "Point", "coordinates": [ 4.61225, 8.45764 ] } },
{ "type": "Feature", "properties": { "name": "St. Joseph Centenary Catholic College, Office Road, Oko Erin, Nigeria", "amenity": "school" }, "geometry": { "type": "Point", "coordinates": [ 4.57095, 8.48592 ] } },
{ "type": "Feature", "properties": { "name": "Trillium Learning Centre, New Yidi Road, Ilorin, Nigeria", "amenity": "school" }, "geometry": { "type": "Point", "coordinates": [ 4.55458, 8.47392 ] } },
{ "type": "Feature", "properties": { "name": "Ebenezer High School, Agba-Dam Road, Oko Erin, Nigeria", "amenity": "school" }, "geometry": { "type": "Point", "coordinates": [ 4.58486, 8.46997 ] } },
{ "type": "Feature", "properties": { "name": "University of Ilorin, Ilorin, Nigeria", "amenity": "university" }, "geometry": { "type": "Point", "coordinates": [ 4.67458, 8.4859 ] } },
{ "type": "Feature", "properties": { "name": "Adeta Primary School, Oko Erin, Nigeria", "amenity": "school" }, "geometry": { "type": "Point", "coordinates": [ 4.52231, 8.49057 ] } },
{ "type": "Feature", "properties": { "name": "Al-Hikmah University, Ilorin, Nigeria., Al Hikmah University, Adeta Road, Ilorin, Nigeria", "amenity": "school" }, "geometry": { "type": "Point", "coordinates": [ 4.50563, 8.48332 ] } },
{ "type": "Feature", "properties": { "name": "Lecture room 193", "amenity": "university" }, "geometry": { "type": "Point", "coordinates": [ 7.44126, 10.60945 ] } },
{ "type": "Feature", "properties": { "name": "Lecture room 192", "amenity": "university" }, "geometry": { "type": "Point", "coordinates": [ 7.44117, 10.60944 ] } },
{ "type": "Feature", "properties": { "name": "Lecture room 191", "amenity": "university" }, "geometry": { "type": "Point", "coordinates": [ 7.44106, 10.60944 ] } },
{ "type": "Feature", "properties": { "name": "Faculty of Air Engineering(FAE)", "amenity": "university" }, "geometry": { "type": "Point", "coordinates": [ 7.44103, 10.61176 ] } },
{ "type": "Feature", "properties": { "name": "Grace Christian Schools, G.R.A, Fate Road, Oko Erin, Nigeria", "amenity": "school" }, "geometry": { "type": "Point", "coordinates": [ 4.58379, 8.49093 ] } },
{ "type": "Feature", "properties": { "name": "Trove Schools, Pa Adebola Oyeyele Street, near Shoprite, behind Fresh Hotels, Ilorin, Nigeria", "amenity": "school" }, "geometry": { "type": "Point", "coordinates": [ 4.58424, 8.50086 ] } },
{ "type": "Feature", "properties": { "name": "Eruda L.G.E.A School, Eruda Area, Temidire Street, Ilorin, Nigeria", "amenity": "school" }, "geometry": { "type": "Point", "coordinates": [ 4.54251, 8.48536 ] } },
{ "type": "Feature", "properties": { "name": "Ganmo Secondary School Road, Ilorin, Nigeria", "amenity": "school" }, "geometry": { "type": "Point", "coordinates": [ 4.60358, 8.41502 ] } },
{ "type": "Feature", "properties": { "name": "Faculty of social and management science", "amenity": "university" }, "geometry": { "type": "Point", "coordinates": [ 7.44507, 10.60963 ] } },
{ "type": "Feature", "properties": { "name": "Faculty of science and computing", "amenity": "university" }, "geometry": { "type": "Point", "coordinates": [ 7.44464, 10.60931 ] } },
{ "type": "Feature", "properties": { "name": "28a University Rd, Ilorin, Nigeria", "amenity": "university" }, "geometry": { "type": "Point", "coordinates": [ 4.59745, 8.4849 ] } },
{ "type": "Feature", "properties": { "name": "Apata Yakuba Junior Secondary., Apata Yakuba, Nigeria", "amenity": "school" }, "geometry": { "type": "Point", "coordinates": [ 4.61998, 8.52811 ] } },
{ "type": "Feature", "properties": { "name": "Baboko Community Secondary School, Oko Erin, Nigeria", "amenity": "school" }, "geometry": { "type": "Point", "coordinates": [ 4.53896, 8.48975 ] } },
{ "type": "Feature", "properties": { "name": "Chapel Secondary School, Chapel Road, Oke Ogun, Nigeria", "amenity": "school" }, "geometry": { "type": "Point", "coordinates": [ 4.62352, 8.4781 ] } },
{ "type": "Feature", "properties": { "name": "Shamsudeen College of Arabic and Islamic Studies, Ilorin, A1, Oko Erin, Nigeria", "amenity": "school" }, "geometry": { "type": "Point", "coordinates": [ 4.55242, 8.50783 ] } },
{ "type": "Feature", "properties": { "name": "Danialu Junior Secondary School, Danialu Road, Oko Erin, Nigeria", "amenity": "school" }, "geometry": { "type": "Point", "coordinates": [ 4.60152, 8.4649 ] } },
{ "type": "Feature", "properties": { "name": "AbdulAzeez Attah Road, Ilorin, Nigeria", "amenity": "school" }, "geometry": { "type": "Point", "coordinates": [ 4.55274, 8.48124 ] } },
{ "type": "Feature", "properties": { "name": "Galad College Of Advanced Studies, Tanke Road, Ilorin, Nigeria", "amenity": "college" }, "geometry": { "type": "Point", "coordinates": [ 4.61216, 8.48101 ] } },
{ "type": "Feature", "properties": { "name": "Gbagba LGEA Nursery and Primary School Ilorin, Oko Erin, Nigeria", "amenity": "school" }, "geometry": { "type": "Point", "coordinates": [ 4.57729, 8.51553 ] } },
{ "type": "Feature", "properties": { "name": "GDJSS GAA-AKANBI, ILORIN., Oko Erin, Nigeria", "amenity": "school" }, "geometry": { "type": "Point", "coordinates": [ 4.58925, 8.46469 ] } },
{ "type": "Feature", "properties": { "name": "Queen Elizabeth Secondary School, Ibrahim Taiwo Road, Oko Erin, Nigeria", "amenity": "school" }, "geometry": { "type": "Point", "coordinates": [ 4.53332, 8.47644 ] } },
{ "type": "Feature", "properties": { "name": "Royal Crescent Valley International School, Ilorin, Nigeria", "amenity": "school" }, "geometry": { "type": "Point", "coordinates": [ 4.49477, 8.46523 ] } },
{ "type": "Feature", "properties": { "name": "Sango Junior Secondary School, Kulende, Ilorin, Kulende, Ilorin, Nigeria", "amenity": "school" }, "geometry": { "type": "Point", "coordinates": [ 4.59677, 8.50406 ] } },
{ "type": "Feature", "properties": { "name": "Chapel Secondary School, University Road, Oko Erin, Nigeria", "amenity": "school" }, "geometry": { "type": "Point", "coordinates": [ 4.59049, 8.48559 ] } },
{ "type": "Feature", "properties": { "name": "TMJ Education Service", "amenity": "school" }, "geometry": { "type": "Point", "coordinates": [ 5.60881, 6.31145 ] } },
{ "type": "Feature", "properties": { "name": "Ogbe-Ibuya Primary School", "amenity": "school" }, "geometry": { "type": "Point", "coordinates": [ 5.59125, 6.31425 ] } },
{ "type": "Feature", "properties": { "name": "Ogbe-Ibuya Primary School", "amenity": "school" }, "geometry": { "type": "Point", "coordinates": [ 5.59107, 6.31413 ] } },
{ "type": "Feature", "properties": { "name": "Uwa Primary School", "amenity": "school" }, "geometry": { "type": "Point", "coordinates": [ 5.63292, 6.32911 ] } },
{ "type": "Feature", "properties": { "name": "APEX COMPUTER INSTITUTE", "amenity": "school" }, "geometry": { "type": "Point", "coordinates": [ 5.63288, 6.37415 ] } },
{ "type": "Feature", "properties": { "name": "HIGH TOWER EDUCATION", "amenity": "school" }, "geometry": { "type": "Point", "coordinates": [ 5.62996, 6.37502 ] } },
{ "type": "Feature", "properties": { "name": "Amazing Academy Nurery, primary and Secondary", "amenity": "school" }, "geometry": { "type": "Point", "coordinates": [ 5.61429, 6.35352 ] } },
{ "type": "Feature", "properties": { "name": "Rakie Educational Centre", "amenity": "school" }, "geometry": { "type": "Point", "coordinates": [ 5.61383, 6.32522 ] } },
{ "type": "Feature", "properties": { "name": "Fountain Life Group of Schools", "amenity": "school" }, "geometry": { "type": "Point", "coordinates": [ 5.62754, 6.35963 ] } },
{ "type": "Feature", "properties": { "name": "Success Assurance Group of School", "amenity": "school" }, "geometry": { "type": "Point", "coordinates": [ 5.61781, 6.33219 ] } },
{ "type": "Feature", "properties": { "name": "Spring Hills Academy", "amenity": "school" }, "geometry": { "type": "Point", "coordinates": [ 5.60452, 6.3094 ] } },
{ "type": "Feature", "properties": { "name": "Owina Pry Sch.", "amenity": "school" }, "geometry": { "type": "Point", "coordinates": [ 5.6015, 6.33887 ] } },
{ "type": "Feature", "properties": { "name": "Mambayya House Bayero University", "amenity": "university" }, "geometry": { "type": "Point", "coordinates": [ 8.50623, 12.01498 ] } },
{ "type": "Feature", "properties": { "name": "The Springhall School", "amenity": "school" }, "geometry": { "type": "Point", "coordinates": [ 7.50384, 9.08854 ] } },
{ "type": "Feature", "properties": { "name": "The Springhall School", "amenity": "school" }, "geometry": { "type": "Point", "coordinates": [ 7.50404, 9.0888 ] } },
{ "type": "Feature", "properties": { "name": "University of Jos", "amenity": "university" }, "geometry": { "type": "Point", "coordinates": [ 8.88956, 9.94956 ] } },
{ "type": "Feature", "properties": { "name": "University of Jos", "amenity": "university" }, "geometry": { "type": "Point", "coordinates": [ 8.88183, 9.96934 ] } },
{ "type": "Feature", "properties": { "name": "Nigerian College of Aviation Technology", "amenity": "school" }, "geometry": { "type": "Point", "coordinates": [ 7.68793, 11.13063 ] } },
{ "type": "Feature", "properties": { "name": "NorthWest University", "amenity": "university" }, "geometry": { "type": "Point", "coordinates": [ 8.53144, 11.99155 ] } },
{ "type": "Feature", "properties": { "name": "Saint Gregory's College", "amenity": "college" }, "geometry": { "type": "Point", "coordinates": [ 3.41178, 6.44702 ] } },
{ "type": "Feature", "properties": { "name": "Students Affairs", "amenity": "university" }, "geometry": { "type": "Point", "coordinates": [ 3.8993, 7.44436 ] } },
{ "type": "Feature", "properties": { "name": "Oba Akenzua Primary School", "amenity": "school" }, "geometry": { "type": "Point", "coordinates": [ 5.60053, 6.34138 ] } },
{ "type": "Feature", "properties": { "name": "Oba Akenzua Primary School", "amenity": "school" }, "geometry": { "type": "Point", "coordinates": [ 5.60082, 6.34136 ] } },
{ "type": "Feature", "properties": { "name": "Oba Akenzua Primary School", "amenity": "school" }, "geometry": { "type": "Point", "coordinates": [ 5.60035, 6.34164 ] } },
{ "type": "Feature", "properties": { "name": "Oba Akenzua Primary School", "amenity": "school" }, "geometry": { "type": "Point", "coordinates": [ 5.60103, 6.34157 ] } },
{ "type": "Feature", "properties": { "name": "Owegie Primary School", "amenity": "school" }, "geometry": { "type": "Point", "coordinates": [ 5.60599, 6.3369 ] } },
{ "type": "Feature", "properties": { "name": "Owegie Primary School", "amenity": "school" }, "geometry": { "type": "Point", "coordinates": [ 5.60599, 6.33736 ] } },
{ "type": "Feature", "properties": { "name": "Students Affairs", "amenity": "university" }, "geometry": { "type": "Point", "coordinates": [ 3.89892, 7.44453 ] } },
{ "type": "Feature", "properties": { "name": "Students Affairs", "amenity": "university" }, "geometry": { "type": "Point", "coordinates": [ 3.89913, 7.4441 ] } },
{ "type": "Feature", "properties": { "name": "Pinacle Academy", "amenity": "school" }, "geometry": { "type": "Point", "coordinates": [ 5.59997, 6.32302 ] } },
{ "type": "Feature", "properties": { "name": "College of Engineering", "amenity": "college" }, "geometry": { "type": "Point", "coordinates": [ 5.40666, 6.74184 ] } },
{ "type": "Feature", "properties": { "name": "Arts and social science", "amenity": "college" }, "geometry": { "type": "Point", "coordinates": [ 5.40586, 6.7422 ] } },
{ "type": "Feature", "properties": { "name": "College of Law", "amenity": "college" }, "geometry": { "type": "Point", "coordinates": [ 5.40444, 6.74486 ] } },
{ "type": "Feature", "properties": { "name": "GSS Doka Boys School", "amenity": "school" }, "geometry": { "type": "Point", "coordinates": [ 7.42914, 10.50401 ] } },
{ "type": "Feature", "properties": { "name": "Kaduna Capital School", "amenity": "school" }, "geometry": { "type": "Point", "coordinates": [ 7.46286, 10.54897 ] } },
{ "type": "Feature", "properties": { "name": "Owina Pry Sch.", "amenity": "school" }, "geometry": { "type": "Point", "coordinates": [ 5.60216, 6.33897 ] } },
{ "type": "Feature", "properties": { "name": "Nigeria Police Training School", "amenity": "college" }, "geometry": { "type": "Point", "coordinates": [ 7.44336, 10.50869 ] } },
{ "type": "Feature", "properties": { "name": "Administrative Staff College Of Nigeria", "amenity": "school" }, "geometry": { "type": "Point", "coordinates": [ 2.93857, 6.41157 ] } },
{ "type": "Feature", "properties": { "name": "Government Secondary School Dawaki", "amenity": "school" }, "geometry": { "type": "Point", "coordinates": [ 9.56967, 9.4293 ] } },
{ "type": "Feature", "properties": { "name": "Abdulmu'unin Educational Foundation", "amenity": "school" }, "geometry": { "type": "Point", "coordinates": [ 10.09363, 10.25427 ] } },
{ "type": "Feature", "properties": { "name": "Namu Model School", "amenity": "school" }, "geometry": { "type": "Point", "coordinates": [ 13.15138, 11.82296 ] } },
{ "type": "Feature", "properties": { "name": "Abande Memorial School", "amenity": "school" }, "geometry": { "type": "Point", "coordinates": [ 13.15379, 11.82318 ] } },
{ "type": "Feature", "properties": { "name": "Hill Top Model Academy", "amenity": "school" }, "geometry": { "type": "Point", "coordinates": [ 9.78741, 10.29399 ] } },
{ "type": "Feature", "properties": { "name": "Unifac Group of School", "amenity": "school" }, "geometry": { "type": "Point", "coordinates": [ 5.60722, 6.34565 ] } },
{ "type": "Feature", "properties": { "name": "GGSS Maimuna Gwarzo", "amenity": "school" }, "geometry": { "type": "Point", "coordinates": [ 7.40849, 10.52456 ] } },
{ "type": "Feature", "properties": { "name": "Owina Pry Sch.", "amenity": "school" }, "geometry": { "type": "Point", "coordinates": [ 5.60187, 6.33913 ] } },
{ "type": "Feature", "properties": { "name": "Ezomo Primary School", "amenity": "school" }, "geometry": { "type": "Point", "coordinates": [ 5.60871, 6.33963 ] } },
{ "type": "Feature", "properties": { "name": "Ezomo Primary School", "amenity": "school" }, "geometry": { "type": "Point", "coordinates": [ 5.60845, 6.33967 ] } },
{ "type": "Feature", "properties": { "name": "Obaseki Primary School", "amenity": "school" }, "geometry": { "type": "Point", "coordinates": [ 5.61463, 6.32938 ] } },
{ "type": "Feature", "properties": { "name": "Madrid Academy", "amenity": "school" }, "geometry": { "type": "Point", "coordinates": [ 5.59844, 6.34618 ] } },
{ "type": "Feature", "properties": { "name": "Peace Group of Schools", "amenity": "school" }, "geometry": { "type": "Point", "coordinates": [ 5.60269, 6.3403 ] } },
{ "type": "Feature", "properties": { "name": "Believer's Int'l School", "amenity": "school" }, "geometry": { "type": "Point", "coordinates": [ 5.57968, 6.35656 ] } },
{ "type": "Feature", "properties": { "name": "Ogbe Secondary School", "amenity": "school" }, "geometry": { "type": "Point", "coordinates": [ 5.61459, 6.32997 ] } },
{ "type": "Feature", "properties": { "name": "Owegie Primary School", "amenity": "school" }, "geometry": { "type": "Point", "coordinates": [ 5.60571, 6.33702 ] } },
{ "type": "Feature", "properties": { "name": "Christ Model Academy", "amenity": "school" }, "geometry": { "type": "Point", "coordinates": [ 5.59874, 6.34683 ] } },
{ "type": "Feature", "properties": { "name": "Rosie Marie Intl School", "amenity": "school" }, "geometry": { "type": "Point", "coordinates": [ 5.61529, 6.35094 ] } },
{ "type": "Feature", "properties": { "name": "Centre for Community Development Education", "amenity": "college" }, "geometry": { "type": "Point", "coordinates": [ 5.62061, 6.32718 ] } },
{ "type": "Feature", "properties": { "name": "DARUL SAHABA", "amenity": "school" }, "geometry": { "type": "Point", "coordinates": [ 8.47198, 11.95657 ] } },
{ "type": "Feature", "properties": { "name": "BINAYAH MODEL SCHOOLS", "amenity": "school" }, "geometry": { "type": "Point", "coordinates": [ 8.47186, 11.95655 ] } },
{ "type": "Feature", "properties": { "name": "DARUL KAIR INTNL SCHOOLS", "amenity": "school" }, "geometry": { "type": "Point", "coordinates": [ 8.47092, 11.95658 ] } },
{ "type": "Feature", "properties": { "name": "HAFSA LITAHAFEZUL QUR AN", "amenity": "school" }, "geometry": { "type": "Point", "coordinates": [ 8.47275, 11.95863 ] } },
{ "type": "Feature", "properties": { "name": "MADINA COLLEGE KANO", "amenity": "school" }, "geometry": { "type": "Point", "coordinates": [ 8.46955, 11.96576 ] } },
{ "type": "Feature", "properties": { "name": "MAKARANTAR MALAN HARISU DORAYI", "amenity": "school" }, "geometry": { "type": "Point", "coordinates": [ 8.46926, 11.96465 ] } },
{ "type": "Feature", "properties": { "name": "DOGARA MODEL COLLEGE", "amenity": "school" }, "geometry": { "type": "Point", "coordinates": [ 8.47911, 11.96649 ] } },
{ "type": "Feature", "properties": { "name": "GSS, Ilorin, Nigeria", "amenity": "school" }, "geometry": { "type": "Point", "coordinates": [ 4.57598, 8.49932 ] } },
{ "type": "Feature", "properties": { "name": "PEACE INTERNATIONAL COLLEGE", "amenity": "school" }, "geometry": { "type": "Point", "coordinates": [ 8.4748, 11.9674 ] } },
{ "type": "Feature", "properties": { "name": "GOV'T SECOND SCHOOL DORAYI KARAMA", "amenity": "school" }, "geometry": { "type": "Point", "coordinates": [ 8.47271, 11.96781 ] } },
{ "type": "Feature", "properties": { "name": "AL-FAUZ GLOBAL COLLEGE", "amenity": "school" }, "geometry": { "type": "Point", "coordinates": [ 8.4697, 11.96776 ] } },
{ "type": "Feature", "properties": { "name": "NASARUN MINALLAH MODEL", "amenity": "school" }, "geometry": { "type": "Point", "coordinates": [ 8.4762, 11.96342 ] } },
{ "type": "Feature", "properties": { "name": "ROYAL CHILD", "amenity": "school" }, "geometry": { "type": "Point", "coordinates": [ 8.46867, 11.96688 ] } },
{ "type": "Feature", "properties": { "name": "TWO STAR INTERNATIONAL SCHOOL", "amenity": "school" }, "geometry": { "type": "Point", "coordinates": [ 8.46794, 11.96653 ] } },
{ "type": "Feature", "properties": { "name": "MADINA COLLEGE OF HEALTH SCIENCES", "amenity": "school" }, "geometry": { "type": "Point", "coordinates": [ 8.4783, 11.9669 ] } },
{ "type": "Feature", "properties": { "name": "BRIGHT MIFTAHULKHAIR", "amenity": "school" }, "geometry": { "type": "Point", "coordinates": [ 8.47543, 11.96623 ] } },
{ "type": "Feature", "properties": { "name": "MUBINA GROUP OF SCHOOL", "amenity": "school" }, "geometry": { "type": "Point", "coordinates": [ 8.4782, 11.96627 ] } },
{ "type": "Feature", "properties": { "name": "AFDB HALL", "amenity": "school" }, "geometry": { "type": "Point", "coordinates": [ 7.41963, 8.99908 ] } },
{ "type": "Feature", "properties": { "name": "Mustard Seed Nursery And Primary School", "amenity": "school" }, "geometry": { "type": "Point", "coordinates": [ 8.91931, 9.93577 ] } },
{ "type": "Feature", "properties": { "name": "GOVT GIRL DORAYI KARAMA", "amenity": "school" }, "geometry": { "type": "Point", "coordinates": [ 8.47306, 11.96669 ] } },
{ "type": "Feature", "properties": { "name": "BEST TALENTS ACADEMY", "amenity": "school" }, "geometry": { "type": "Point", "coordinates": [ 8.47209, 11.96888 ] } },
{ "type": "Feature", "properties": { "name": "ANNOOR ACADEMY", "amenity": "school" }, "geometry": { "type": "Point", "coordinates": [ 8.4713, 11.95938 ] } },
{ "type": "Feature", "properties": { "name": "TSANGAYAR MALAN BALA", "amenity": "school" }, "geometry": { "type": "Point", "coordinates": [ 8.47104, 11.95912 ] } },
{ "type": "Feature", "properties": { "name": "BINAYAT MODEL SCHOOLS", "amenity": "school" }, "geometry": { "type": "Point", "coordinates": [ 8.47056, 11.95967 ] } },
{ "type": "Feature", "properties": { "name": "Brynno International School", "amenity": "school" }, "geometry": { "type": "Point", "coordinates": [ 7.06717, 4.86162 ] } },
{ "type": "Feature", "properties": { "name": "READING ACADEMY", "amenity": "school" }, "geometry": { "type": "Point", "coordinates": [ 8.47443, 11.96123 ] } },
{ "type": "Feature", "properties": { "name": "Gani Development College Pil Ganii", "amenity": "school" }, "geometry": { "type": "Point", "coordinates": [ 9.87838, 9.18702 ] } },
{ "type": "Feature", "properties": { "name": "Olabisi Onabanjo University, Ibogun", "amenity": "university" }, "geometry": { "type": "Point", "coordinates": [ 3.11133, 6.81118 ] } },
{ "type": "Feature", "properties": { "name": "Jauro Tudun Wada Primary School", "amenity": "school" }, "geometry": { "type": "Point", "coordinates": [ 11.17108, 10.30046 ] } },
{ "type": "Feature", "properties": { "name": "Story Academy Special needs school", "amenity": "school" }, "geometry": { "type": "Point", "coordinates": [ 3.37987, 6.56824 ] } },
{ "type": "Feature", "properties": { "name": "Esteemed Private School", "amenity": "school" }, "geometry": { "type": "Point", "coordinates": [ 8.91002, 9.93561 ] } },
{ "type": "Feature", "properties": { "name": "Jerusalem Mission Sch", "amenity": "school" }, "geometry": { "type": "Point", "coordinates": [ 8.91137, 9.93728 ] } },
{ "type": "Feature", "properties": { "name": "AL AZHAR COLLEGE OF SCIENCE AND HUMANITIES", "amenity": "school" }, "geometry": { "type": "Point", "coordinates": [ 8.47616, 11.96215 ] } },
{ "type": "Feature", "properties": { "name": "ABBA CUSTOM SPECIAL PRIMARY SCHOOL", "amenity": "school" }, "geometry": { "type": "Point", "coordinates": [ 8.47525, 11.96385 ] } },
{ "type": "Feature", "properties": { "name": "Orbit Montessori School", "amenity": "school" }, "geometry": { "type": "Point", "coordinates": [ 7.06628, 4.86275 ] } },
{ "type": "Feature", "properties": { "name": "EDUCATION", "amenity": "school" }, "geometry": { "type": "Point", "coordinates": [ 8.47225, 11.95858 ] } },
{ "type": "Feature", "properties": { "name": "ALKHAIRAT ACADEMY", "amenity": "school" }, "geometry": { "type": "Point", "coordinates": [ 8.46697, 11.96062 ] } },
{ "type": "Feature", "properties": { "name": "MAKARANTAR LAYIN ISIYAKU MAI KIFI", "amenity": "school" }, "geometry": { "type": "Point", "coordinates": [ 8.47148, 11.95656 ] } },
{ "type": "Feature", "properties": { "name": "TUNGA SCIENCE ACADEMY", "amenity": "school" }, "geometry": { "type": "Point", "coordinates": [ 8.46693, 11.96222 ] } },
{ "type": "Feature", "properties": { "name": "MADARASATUL ZUBAIRU BIN AWWAM", "amenity": "school" }, "geometry": { "type": "Point", "coordinates": [ 8.46712, 11.96166 ] } },
{ "type": "Feature", "properties": { "name": "NASHRUL ULUMI AL-ISLAMIYYA PRIMARY SEC.DORAYI KARAMA", "amenity": "school" }, "geometry": { "type": "Point", "coordinates": [ 8.47968, 11.96437 ] } },
{ "type": "Feature", "properties": { "name": "SALDANS ROYAL ACADEMY", "amenity": "school" }, "geometry": { "type": "Point", "coordinates": [ 8.4777, 11.96071 ] } },
{ "type": "Feature", "properties": { "name": "DR.MORIKI ISLAMIC ACADEMY", "amenity": "school" }, "geometry": { "type": "Point", "coordinates": [ 8.47864, 11.96019 ] } },
{ "type": "Feature", "properties": { "name": "MADARATU UBAIYI BIN KA'AB", "amenity": "school" }, "geometry": { "type": "Point", "coordinates": [ 8.47951, 11.96307 ] } },
{ "type": "Feature", "properties": { "name": "PREMIER COLLEGE OF ART AND SCIENCE SCHOOL", "amenity": "school" }, "geometry": { "type": "Point", "coordinates": [ 8.47959, 11.9631 ] } },
{ "type": "Feature", "properties": { "name": "RAYYAN MODEL SCHOOL", "amenity": "school" }, "geometry": { "type": "Point", "coordinates": [ 8.47901, 11.96127 ] } },
{ "type": "Feature", "properties": { "name": "SULTAN ROYAL ACADEMY;HAFSA ACADEMY KANO;UMMULKHAIR ISLAMIYYA AND PRIMARY SCHOOL", "amenity": "school" }, "geometry": { "type": "Point", "coordinates": [ 8.47349, 11.95953 ] } },
{ "type": "Feature", "properties": { "name": "MAKARATAR MLM ABDULMUMINU", "amenity": "school" }, "geometry": { "type": "Point", "coordinates": [ 8.4778, 11.96271 ] } },
{ "type": "Feature", "properties": { "name": "MAKARANTAR MLM ISUHU", "amenity": "school" }, "geometry": { "type": "Point", "coordinates": [ 8.47866, 11.962 ] } },
{ "type": "Feature", "properties": { "name": "ZAHEERA INTERNATIONAL SCHOOL", "amenity": "school" }, "geometry": { "type": "Point", "coordinates": [ 8.57417, 12.05175 ] } },
{ "type": "Feature", "properties": { "name": "ULIN NUHA NURSERY AND PRIMARY", "amenity": "school" }, "geometry": { "type": "Point", "coordinates": [ 8.57892, 12.05239 ] } },
{ "type": "Feature", "properties": { "name": "MIGA INTERNATIONAL ACADEMY", "amenity": "school" }, "geometry": { "type": "Point", "coordinates": [ 8.47513, 11.96141 ] } },
{ "type": "Feature", "properties": { "name": "ABU HANIFA ACADEMY", "amenity": "school" }, "geometry": { "type": "Point", "coordinates": [ 8.47851, 11.95911 ] } },
{ "type": "Feature", "properties": { "name": "SALLDANS ROYAL ACADEMY", "amenity": "school" }, "geometry": { "type": "Point", "coordinates": [ 8.47747, 11.95993 ] } },
{ "type": "Feature", "properties": { "name": "MUHAMMADU SUNUSI RAYADU SALIHIN SCHOOL", "amenity": "school" }, "geometry": { "type": "Point", "coordinates": [ 8.47701, 11.95879 ] } },
{ "type": "Feature", "properties": { "name": "SHEIK ABUBAKAR RAMADAN LITAHFIZUL QUR AN", "amenity": "school" }, "geometry": { "type": "Point", "coordinates": [ 8.47431, 11.95964 ] } },
{ "type": "Feature", "properties": { "name": "ASHABUL KAHFI QADIRIYYA RIYADUL JANNAH", "amenity": "school" }, "geometry": { "type": "Point", "coordinates": [ 8.4757, 11.95967 ] } },
{ "type": "Feature", "properties": { "name": "ALYUSIRA MODEL SCHOOLS", "amenity": "school" }, "geometry": { "type": "Point", "coordinates": [ 8.47019, 11.9598 ] } },
{ "type": "Feature", "properties": { "name": "HEART LAND SPECIAL ACADEMY", "amenity": "school" }, "geometry": { "type": "Point", "coordinates": [ 8.47044, 11.96039 ] } },
{ "type": "Feature", "properties": { "name": "IMAM SULAIMAN ACADEMY", "amenity": "school" }, "geometry": { "type": "Point", "coordinates": [ 8.47066, 11.96121 ] } },
{ "type": "Feature", "properties": { "name": "ANAS BIN MALEEK", "amenity": "school" }, "geometry": { "type": "Point", "coordinates": [ 8.47637, 11.95719 ] } },
{ "type": "Feature", "properties": { "name": "TUNGA SCIENCE ACADEMY", "amenity": "school" }, "geometry": { "type": "Point", "coordinates": [ 8.46687, 11.96195 ] } },
{ "type": "Feature", "properties": { "name": "JAUDATU SPECIAL PRIMARY SCHOOL", "amenity": "school" }, "geometry": { "type": "Point", "coordinates": [ 8.47007, 11.95913 ] } },
{ "type": "Feature", "properties": { "name": "HAJARA MEMORIAL SCIENCE SCHOOL", "amenity": "school" }, "geometry": { "type": "Point", "coordinates": [ 8.47074, 11.96071 ] } },
{ "type": "Feature", "properties": { "name": "SAUBAN ACADEMY", "amenity": "school" }, "geometry": { "type": "Point", "coordinates": [ 8.46798, 11.96243 ] } },
{ "type": "Feature", "properties": { "name": "MAKARANTAR MALAM SAMA'ILA", "amenity": "school" }, "geometry": { "type": "Point", "coordinates": [ 8.47222, 11.95982 ] } },
{ "type": "Feature", "properties": { "name": "DARUL QIR'AN FOUNDATION", "amenity": "school" }, "geometry": { "type": "Point", "coordinates": [ 8.47387, 11.95608 ] } },
{ "type": "Feature", "properties": { "name": "AMATULRAHAMAN ROYAL INTNL SCHOOLS", "amenity": "school" }, "geometry": { "type": "Point", "coordinates": [ 8.46857, 11.96116 ] } },
{ "type": "Feature", "properties": { "name": "Union Baptist Grammar School, 1 Yashikira Road, ilorin, Oko Erin 240101, Kwara, Nigeria", "amenity": "school" }, "geometry": { "type": "Point", "coordinates": [ 4.58518, 8.46265 ] } },
{ "type": "Feature", "properties": { "name": "Zumratul Adabiyah (Arabic school), Kamal-Deen Street, Oko Erin, Nigeria", "amenity": "school" }, "geometry": { "type": "Point", "coordinates": [ 4.53898, 8.50362 ] } },
{ "type": "Feature", "properties": { "name": "SCHOOL OF BASIC AND REMEDIAL STUDIES", "amenity": "university" }, "geometry": { "type": "Point", "coordinates": [ 7.44181, 10.6088 ] } },
{ "type": "Feature", "properties": { "name": "GENERAL STUDIES UNIT", "amenity": "university" }, "geometry": { "type": "Point", "coordinates": [ 7.44239, 10.60914 ] } },
{ "type": "Feature", "properties": { "name": "Mechanical Lecture Room", "amenity": "university" }, "geometry": { "type": "Point", "coordinates": [ 7.44191, 10.6121 ] } },
{ "type": "Feature", "properties": { "name": "AFIT Armament Engineering Department", "amenity": "university" }, "geometry": { "type": "Point", "coordinates": [ 7.44338, 10.61121 ] } },
{ "type": "Feature", "properties": { "name": "Civil and Environmental Engineering Department (CEED)", "amenity": "university" }, "geometry": { "type": "Point", "coordinates": [ 7.44334, 10.60997 ] } },
{ "type": "Feature", "properties": { "name": "Lecture room 194", "amenity": "university" }, "geometry": { "type": "Point", "coordinates": [ 7.44135, 10.60946 ] } },
{ "type": "Feature", "properties": { "name": "Gov. primary school simpil", "amenity": "school" }, "geometry": { "type": "Point", "coordinates": [ 9.89398, 9.18924 ] } },
{ "type": "Feature", "properties": { "name": "St John's Primary School", "amenity": "school" }, "geometry": { "type": "Point", "coordinates": [ 5.43237, 7.46167 ] } },
{ "type": "Feature", "properties": { "name": "St Mark's High School", "amenity": "school" }, "geometry": { "type": "Point", "coordinates": [ 5.43146, 7.46223 ] } },
{ "type": "Feature", "properties": { "name": "Girls' Secondary School", "amenity": "school" }, "geometry": { "type": "Point", "coordinates": [ 6.89493, 6.04102 ] } },
{ "type": "Feature", "properties": { "name": "AED lecture Room (Hall A, Hall B2. Hall B3, Hall C2, Hall C3)", "amenity": "university" }, "geometry": { "type": "Point", "coordinates": [ 7.43993, 10.61168 ] } },
{ "type": "Feature", "properties": { "name": "AFIT Electrical Electronics Department", "amenity": "university" }, "geometry": { "type": "Point", "coordinates": [ 7.44058, 10.61054 ] } },
{ "type": "Feature", "properties": { "name": "School of Basic and Remidal Studies, Airforce institute of technology kaduna Nigeria", "amenity": "university" }, "geometry": { "type": "Point", "coordinates": [ 7.44267, 10.60934 ] } },
{ "type": "Feature", "properties": { "name": "AMAO hall", "amenity": "university" }, "geometry": { "type": "Point", "coordinates": [ 7.44021, 10.60981 ] } },
{ "type": "Feature", "properties": { "name": "Air Force Research And Development Centre (AFRDC)", "amenity": "university" }, "geometry": { "type": "Point", "coordinates": [ 7.44289, 10.6107 ] } },
{ "type": "Feature", "properties": { "name": "FSP Local Government Nursery & Primary School", "amenity": "school" }, "geometry": { "type": "Point", "coordinates": [ 5.42527, 7.46539 ] } },
{ "type": "Feature", "properties": { "name": "HisGrace College of Education Ilorin, Mubo Street, Oko Erin, Nigeria", "amenity": "school" }, "geometry": { "type": "Point", "coordinates": [ 4.57239, 8.50295 ] } },
{ "type": "Feature", "properties": { "name": "Balogun Nursery & Primary School Ibrahim Taiwo Road, Ilorin, Nigeria", "amenity": "school" }, "geometry": { "type": "Point", "coordinates": [ 4.55115, 8.48295 ] } },
{ "type": "Feature", "properties": { "name": "Joel Best Legacy Int'L Nursery/Primary School, Oko Erin, Nigeria", "amenity": "school" }, "geometry": { "type": "Point", "coordinates": [ 4.54009, 8.4681 ] } },
{ "type": "Feature", "properties": { "name": "Kingsland College oke foma ilorin, Ilorin, Nigeria", "amenity": "school" }, "geometry": { "type": "Point", "coordinates": [ 4.50476, 8.49418 ] } },
{ "type": "Feature", "properties": { "name": "messiah high school, Tipper Garage Road, Oko Erin, Nigeria", "amenity": "school" }, "geometry": { "type": "Point", "coordinates": [ 4.61697, 8.49419 ] } },
{ "type": "Feature", "properties": { "name": "Michael Imoudu National Institute Ilorin lFor Labour Studies, Ilorin, Nigeria", "amenity": "university" }, "geometry": { "type": "Point", "coordinates": [ 4.59546, 8.43895 ] } },
{ "type": "Feature", "properties": { "name": "Minaret Islamic School, Awolowo Road, Oko Erin, Nigeria", "amenity": "school" }, "geometry": { "type": "Point", "coordinates": [ 4.61191, 8.47055 ] } },
{ "type": "Feature", "properties": { "name": "National Open University, Ilorin Study Centre, Sango Road, Oko Erin, Nigeria", "amenity": "university" }, "geometry": { "type": "Point", "coordinates": [ 4.58264, 8.5142 ] } },
{ "type": "Feature", "properties": { "name": "The Deenway Academy Early Years And Primary School, Along Alao farm, Tanke, Oko Erin, Nigeria", "amenity": "school" }, "geometry": { "type": "Point", "coordinates": [ 4.61072, 8.46783 ] } },
{ "type": "Feature", "properties": { "name": "Olumawu Basic School, Oni Kanga Road, Oko Erin, Nigeria", "amenity": "school" }, "geometry": { "type": "Point", "coordinates": [ 4.56679, 8.47668 ] } },
{ "type": "Feature", "properties": { "name": "Unijos Naraguta campus", "amenity": "school" }, "geometry": { "type": "Point", "coordinates": [ 8.8117, 9.95083 ] } },
{ "type": "Feature", "properties": { "name": "Precious Kids Academy", "amenity": "school" }, "geometry": { "type": "Point", "coordinates": [ 9.80285, 10.2719 ] } },
{ "type": "Feature", "properties": { "name": "Moussa Unity Academy", "amenity": "school" }, "geometry": { "type": "Point", "coordinates": [ 9.78006, 10.29013 ] } },
{ "type": "Feature", "properties": { "name": "Madarasatul Nurul Islam", "amenity": "school" }, "geometry": { "type": "Point", "coordinates": [ 9.78336, 10.2924 ] } },
{ "type": "Feature", "properties": { "name": "St Anthony School, Office Road, Ilorin, Nigeria", "amenity": "school" }, "geometry": { "type": "Point", "coordinates": [ 4.57179, 8.48534 ] } },
{ "type": "Feature", "properties": { "name": "St James CAC Schools, New Yidi Road, Oko Erin, Nigeria", "amenity": "school" }, "geometry": { "type": "Point", "coordinates": [ 4.55392, 8.47328 ] } },
{ "type": "Feature", "properties": { "name": "THE DANIALU LGEA PRIAMRY SCHOOL, Ilorin, Nigeria", "amenity": "school" }, "geometry": { "type": "Point", "coordinates": [ 4.60155, 8.46456 ] } },
{ "type": "Feature", "properties": { "name": "Okelele Secondary School, Okelele, Oko Erin, Nigeria", "amenity": "school" }, "geometry": { "type": "Point", "coordinates": [ 4.5299, 8.51347 ] } },
{ "type": "Feature", "properties": { "name": "St Theresa Primary", "amenity": "school" }, "geometry": { "type": "Point", "coordinates": [ 5.4194, 7.46456 ] } },
{ "type": "Feature", "properties": { "name": "St Marks Primary School", "amenity": "school" }, "geometry": { "type": "Point", "coordinates": [ 5.4309, 7.46181 ] } },
{ "type": "Feature", "properties": { "name": "Bap", "amenity": "school" }, "geometry": { "type": "Point", "coordinates": [ 5.42677, 7.46709 ] } },
{ "type": "Feature", "properties": { "name": "CAC Primary School", "amenity": "school" }, "geometry": { "type": "Point", "coordinates": [ 5.42598, 7.4664 ] } },
{ "type": "Feature", "properties": { "name": "MAKARANTAR MALAM MAI KUMSA", "amenity": "school" }, "geometry": { "type": "Point", "coordinates": [ 8.47516, 11.96162 ] } },
{ "type": "Feature", "properties": { "name": "BILAL ACADEMY", "amenity": "school" }, "geometry": { "type": "Point", "coordinates": [ 8.47604, 11.96208 ] } },
{ "type": "Feature", "properties": { "name": "UMMUL QURA ISLAMIYYA", "amenity": "school" }, "geometry": { "type": "Point", "coordinates": [ 8.47756, 11.96434 ] } },
{ "type": "Feature", "properties": { "name": "ABDULLAH BIN ABBAS PRIMARY SCHOOL", "amenity": "school" }, "geometry": { "type": "Point", "coordinates": [ 8.47646, 11.96349 ] } },
{ "type": "Feature", "properties": { "name": "AETD Hangar", "amenity": "university" }, "geometry": { "type": "Point", "coordinates": [ 7.44287, 10.60895 ] } },
{ "type": "Feature", "properties": { "name": "Ebony Kids International School", "amenity": "school" }, "geometry": { "type": "Point", "coordinates": [ 6.9279, 6.03745 ] } },
{ "type": "Feature", "properties": { "name": "Mount Ephraim school, Calabar", "amenity": "school" }, "geometry": { "type": "Point", "coordinates": [ 8.35978, 4.99932 ] } },
{ "type": "Feature", "properties": { "name": "The Apostles Academy Laranto", "amenity": "school" }, "geometry": { "type": "Point", "coordinates": [ 8.87427, 9.94287 ] } },
{ "type": "Feature", "properties": { "name": "Remnant Adventist School Laranto", "amenity": "school" }, "geometry": { "type": "Point", "coordinates": [ 8.87259, 9.94352 ] } },
{ "type": "Feature", "properties": { "name": "Shining Grace College & Salama Triumph Private School", "amenity": "school" }, "geometry": { "type": "Point", "coordinates": [ 8.87136, 9.94507 ] } },
{ "type": "Feature", "properties": { "name": "S.D.A Primary School Laranto", "amenity": "school" }, "geometry": { "type": "Point", "coordinates": [ 8.87479, 9.94286 ] } },
{ "type": "Feature", "properties": { "name": "ORPHAN SECONDARY SCHOOL", "amenity": "school" }, "geometry": { "type": "Point", "coordinates": [ 9.89219, 9.1975 ] } },
{ "type": "Feature", "properties": { "name": "C.C.S.S AGBURA", "amenity": "school" }, "geometry": { "type": "Point", "coordinates": [ 6.27126, 4.85312 ] } },
{ "type": "Feature", "properties": { "name": "Chumet Institute Ltd", "amenity": "school" }, "geometry": { "type": "Point", "coordinates": [ 6.89512, 6.04158 ] } },
{ "type": "Feature", "properties": { "name": "Ayedere Ajibola Sernior High School.", "amenity": "school" }, "geometry": { "type": "Point", "coordinates": [ 3.38816, 6.60751 ] } },
{ "type": "Feature", "properties": { "name": "Ayedere Ajibola Junior Secoundary School", "amenity": "school" }, "geometry": { "type": "Point", "coordinates": [ 3.3877, 6.60927 ] } },
{ "type": "Feature", "properties": { "name": "Yisa Doko Hall", "amenity": "university" }, "geometry": { "type": "Point", "coordinates": [ 7.44196, 10.60853 ] } },
{ "type": "Feature", "properties": { "name": "MECHANICAL & AEROSPACE GROUND ENGINEERING(MAGED)", "amenity": "university" }, "geometry": { "type": "Point", "coordinates": [ 7.44156, 10.60882 ] } },
{ "type": "Feature", "properties": { "name": "AirForce Institute of Technology Kaduna", "amenity": "university" }, "geometry": { "type": "Point", "coordinates": [ 7.43911, 10.60813 ] } },
{ "type": "Feature", "properties": { "name": "Faculty of Art Unilag", "amenity": "school" }, "geometry": { "type": "Point", "coordinates": [ 3.39782, 6.51981 ] } },
{ "type": "Feature", "properties": { "name": "Philomath University", "amenity": "university" }, "geometry": { "type": "Point", "coordinates": [ 7.26239, 8.89189 ] } },
{ "type": "Feature", "properties": { "name": "Flo Valley", "amenity": "school" }, "geometry": { "type": "Point", "coordinates": [ 6.72471, 6.18822 ] } },
{ "type": "Feature", "properties": { "name": "Nogohom Community Primary School", "amenity": "school" }, "geometry": { "type": "Point", "coordinates": [ 8.9331, 9.96177 ] } },
{ "type": "Feature", "properties": { "name": "Nigerian Tulip International School", "amenity": "school" }, "geometry": { "type": "Point", "coordinates": [ 7.47, 9.07991 ] } },
{ "type": "Feature", "properties": { "name": "Ecwa Kauna Secondary Schools", "amenity": "school" }, "geometry": { "type": "Point", "coordinates": [ 9.79695, 10.2654 ] } },
{ "type": "Feature", "properties": { "name": "Thomas Kent Academy", "amenity": "school" }, "geometry": { "type": "Point", "coordinates": [ 9.79645, 10.26573 ] } },
{ "type": "Feature", "properties": { "name": "Divine Grace Secondary School", "amenity": "school" }, "geometry": { "type": "Point", "coordinates": [ 8.91689, 9.93778 ] } },
{ "type": "Feature", "properties": { "name": "Cocin Treasure Academy", "amenity": "school" }, "geometry": { "type": "Point", "coordinates": [ 8.91759, 9.93039 ] } },
{ "type": "Feature", "properties": { "name": "Confidence Model International School", "amenity": "school" }, "geometry": { "type": "Point", "coordinates": [ 8.90844, 9.93006 ] } },
{ "type": "Feature", "properties": { "name": "Solid Rock view Private School", "amenity": "school" }, "geometry": { "type": "Point", "coordinates": [ 8.90864, 9.92885 ] } },
{ "type": "Feature", "properties": { "name": "Buschords High School", "amenity": "school" }, "geometry": { "type": "Point", "coordinates": [ 8.9175, 9.92971 ] } },
{ "type": "Feature", "properties": { "name": "Shanaham", "amenity": "university" }, "geometry": { "type": "Point", "coordinates": [ 6.77862, 6.16185 ] } },
{ "type": "Feature", "properties": { "name": "Faculty of law Gombe state university", "amenity": "school" }, "geometry": { "type": "Point", "coordinates": [ 11.17284, 10.30752 ] } },
{ "type": "Feature", "properties": { "name": "Break Forth Academy", "amenity": "school" }, "geometry": { "type": "Point", "coordinates": [ 7.03483, 4.86753 ] } },
{ "type": "Feature", "properties": { "name": "Faith primary school", "amenity": "school" }, "geometry": { "type": "Point", "coordinates": [ 8.86311, 9.89806 ] } },
{ "type": "Feature", "properties": { "name": "Albakans pre science school", "amenity": "school" }, "geometry": { "type": "Point", "coordinates": [ 8.86515, 9.89757 ] } },
{ "type": "Feature", "properties": { "name": "Government secondary school Mafo Tudun Wada", "amenity": "school" }, "geometry": { "type": "Point", "coordinates": [ 8.86097, 9.89972 ] } },
{ "type": "Feature", "properties": { "name": "Chinakwe International School Dakibiyu", "amenity": "school" }, "geometry": { "type": "Point", "coordinates": [ 7.42667, 9.05854 ] } },
{ "type": "Feature", "properties": { "name": "Divine Turning Point International School", "amenity": "school" }, "geometry": { "type": "Point", "coordinates": [ 6.95381, 4.88356 ] } },
{ "type": "Feature", "properties": { "name": "Govt Day Secondary school Bakari Dukku", "amenity": "school" }, "geometry": { "type": "Point", "coordinates": [ 9.827, 10.31159 ] } },
{ "type": "Feature", "properties": { "name": "Stanford Model High school", "amenity": "school" }, "geometry": { "type": "Point", "coordinates": [ 9.78929, 10.29127 ] } },
{ "type": "Feature", "properties": { "name": "Jesuit Memorial College Port Harcourt", "amenity": "school" }, "geometry": { "type": "Point", "coordinates": [ 6.96716, 4.92631 ] } },
{ "type": "Feature", "properties": { "name": "Dinny Green international School", "amenity": "school" }, "geometry": { "type": "Point", "coordinates": [ 7.03649, 4.86616 ] } },
{ "type": "Feature", "properties": { "name": "Baptist Science Grammar School", "amenity": "school" }, "geometry": { "type": "Point", "coordinates": [ 8.9124, 9.92596 ] } },
{ "type": "Feature", "properties": { "name": "Agboola Model School", "amenity": "school" }, "geometry": { "type": "Point", "coordinates": [ 8.91285, 9.92527 ] } },
{ "type": "Feature", "properties": { "name": "Community Secondary School Obelle", "amenity": "school" }, "geometry": { "type": "Point", "coordinates": [ 6.81294, 5.06787 ] } },
{ "type": "Feature", "properties": { "name": "Rosy Premium Success Academy Nursery and Primary School Kuchigoro", "amenity": "school" }, "geometry": { "type": "Point", "coordinates": [ 7.41963, 9.01752 ] } },
{ "type": "Feature", "properties": { "name": "Royal Step Academy", "amenity": "school" }, "geometry": { "type": "Point", "coordinates": [ 7.42074, 9.01868 ] } },
{ "type": "Feature", "properties": { "name": "Divine Heritage Nursey and Primary School", "amenity": "school" }, "geometry": { "type": "Point", "coordinates": [ 7.42331, 9.01887 ] } },
{ "type": "Feature", "properties": { "name": "Madaratsul tafuzal quran", "amenity": "school" }, "geometry": { "type": "Point", "coordinates": [ 7.42216, 9.01687 ] } },
{ "type": "Feature", "properties": { "name": "Yonwuren College Warri", "amenity": "college" }, "geometry": { "type": "Point", "coordinates": [ 5.7173, 5.52877 ] } },
{ "type": "Feature", "properties": { "name": "Federal Government College Warri", "amenity": "college" }, "geometry": { "type": "Point", "coordinates": [ 5.72388, 5.53011 ] } },
{ "type": "Feature", "properties": { "name": "Ikengbuwa Primary School", "amenity": "school" }, "geometry": { "type": "Point", "coordinates": [ 5.73639, 5.52782 ] } },
{ "type": "Feature", "properties": { "name": "Dom Domingos College Warri", "amenity": "college" }, "geometry": { "type": "Point", "coordinates": [ 5.74308, 5.53799 ] } },
{ "type": "Feature", "properties": { "name": "Nana College Warri", "amenity": "college" }, "geometry": { "type": "Point", "coordinates": [ 5.74021, 5.52139 ] } },
{ "type": "Feature", "properties": { "name": "P.H.E Department", "amenity": "university" }, "geometry": { "type": "Point", "coordinates": [ 8.88971, 9.97299 ] } },
{ "type": "Feature", "properties": { "name": "Omega High School", "amenity": "school" }, "geometry": { "type": "Point", "coordinates": [ 8.93331, 9.87163 ] } },
{ "type": "Feature", "properties": { "name": "Kingdomite Academy", "amenity": "school" }, "geometry": { "type": "Point", "coordinates": [ 8.93454, 9.87394 ] } },
{ "type": "Feature", "properties": { "name": "Alders Town Primary School Warri", "amenity": "school" }, "geometry": { "type": "Point", "coordinates": [ 5.75378, 5.51107 ] } },
{ "type": "Feature", "properties": { "name": "Army Children School", "amenity": "school" }, "geometry": { "type": "Point", "coordinates": [ 9.81406, 10.33074 ] } },
{ "type": "Feature", "properties": { "name": "Divine Int'l School", "amenity": "school" }, "geometry": { "type": "Point", "coordinates": [ 9.78049, 10.26744 ] } },
{ "type": "Feature", "properties": { "name": "Gibril Aminu model school", "amenity": "school" }, "geometry": { "type": "Point", "coordinates": [ 9.79863, 10.31016 ] } },
{ "type": "Feature", "properties": { "name": "LYS Academy", "amenity": "school" }, "geometry": { "type": "Point", "coordinates": [ 9.80033, 10.2917 ] } },
{ "type": "Feature", "properties": { "name": "Nassarawa Primary School", "amenity": "school" }, "geometry": { "type": "Point", "coordinates": [ 9.83625, 10.30807 ] } },
{ "type": "Feature", "properties": { "name": "Entrepreneurship Centre", "amenity": "university" }, "geometry": { "type": "Point", "coordinates": [ 8.88611, 9.96502 ] } },
{ "type": "Feature", "properties": { "name": "Faculty of Engineering", "amenity": "university" }, "geometry": { "type": "Point", "coordinates": [ 8.88463, 9.96511 ] } },
{ "type": "Feature", "properties": { "name": "Geography and planning", "amenity": "school" }, "geometry": { "type": "Point", "coordinates": [ 8.87969, 9.9668 ] } },
{ "type": "Feature", "properties": { "name": "College of Agric", "amenity": "college" }, "geometry": { "type": "Point", "coordinates": [ 9.7975, 10.28402 ] } },
{ "type": "Feature", "properties": { "name": "faculty of law, unijos", "amenity": "university" }, "geometry": { "type": "Point", "coordinates": [ 8.88353, 9.96102 ] } },
{ "type": "Feature", "properties": { "name": "Government Secondary School Bomo BOMO", "amenity": "school" }, "geometry": { "type": "Point", "coordinates": [ 7.63235, 11.18236 ] } },
{ "type": "Feature", "properties": { "name": "Government Day Sec School Basawa.", "amenity": "school" }, "geometry": { "type": "Point", "coordinates": [ 7.6688, 11.18249 ] } },
{ "type": "Feature", "properties": { "name": "Government Girls Secondary School", "amenity": "school" }, "geometry": { "type": "Point", "coordinates": [ 7.66, 11.1697 ] } },
{ "type": "Feature", "properties": { "name": "Hussey College Warri", "amenity": "college" }, "geometry": { "type": "Point", "coordinates": [ 5.74935, 5.523 ] } },
{ "type": "Feature", "properties": { "name": "Mighty Mercy International School", "amenity": "school" }, "geometry": { "type": "Point", "coordinates": [ 7.42935, 8.93953 ] } },
{ "type": "Feature", "properties": { "name": "Federal Polythecnic", "amenity": "school" }, "geometry": { "type": "Point", "coordinates": [ 9.77363, 10.25932 ] } },
{ "type": "Feature", "properties": { "name": "A.T.B.U Yelwa Campus", "amenity": "university" }, "geometry": { "type": "Point", "coordinates": [ 9.79481, 10.27836 ] } },
{ "type": "Feature", "properties": { "name": "unijos ICT permanent site", "amenity": "university" }, "geometry": { "type": "Point", "coordinates": [ 8.88338, 9.96557 ] } },
{ "type": "Feature", "properties": { "name": "Beacon Height School", "amenity": "school" }, "geometry": { "type": "Point", "coordinates": [ 7.38027, 9.14009 ] } },
{ "type": "Feature", "properties": { "name": "faculty of veterinary medicine", "amenity": "university" }, "geometry": { "type": "Point", "coordinates": [ 8.88571, 9.97708 ] } },
{ "type": "Feature", "properties": { "name": "Sleek International School", "amenity": "school" }, "geometry": { "type": "Point", "coordinates": [ 7.37779, 9.14068 ] } },
{ "type": "Feature", "properties": { "name": "Unique Angels Montessori School", "amenity": "school" }, "geometry": { "type": "Point", "coordinates": [ 7.37737, 9.14086 ] } },
{ "type": "Feature", "properties": { "name": "School for Arqabic and Islamic Studies", "amenity": "school" }, "geometry": { "type": "Point", "coordinates": [ 12.4878, 9.20667 ] } },
{ "type": "Feature", "properties": { "name": "Adamawa Agricultural Development Program", "amenity": "school" }, "geometry": { "type": "Point", "coordinates": [ 12.48761, 9.20777 ] } },
{ "type": "Feature", "properties": { "name": "Hammawa Primary School", "amenity": "school" }, "geometry": { "type": "Point", "coordinates": [ 12.48645, 9.20676 ] } },
{ "type": "Feature", "properties": { "name": "Nkwegu Community Primary School", "amenity": "school" }, "geometry": { "type": "Point", "coordinates": [ 8.11004, 6.25146 ] } },
{ "type": "Feature", "properties": { "name": "Hagios International School", "amenity": "school" }, "geometry": { "type": "Point", "coordinates": [ 8.10475, 6.23526 ] } },
{ "type": "Feature", "properties": { "name": "Redeemers Private School", "amenity": "school" }, "geometry": { "type": "Point", "coordinates": [ 7.37924, 9.14053 ] } },
{ "type": "Feature", "properties": { "name": "Faculth of Agricultural Science", "amenity": "university" }, "geometry": { "type": "Point", "coordinates": [ 8.8864, 9.97896 ] } },
{ "type": "Feature", "properties": { "name": "El shamma school", "amenity": "school" }, "geometry": { "type": "Point", "coordinates": [ 8.96489, 9.94404 ] } },
{ "type": "Feature", "properties": { "name": "Command Secondary School Abakaliki", "amenity": "school" }, "geometry": { "type": "Point", "coordinates": [ 8.1114, 6.25728 ] } },
{ "type": "Feature", "properties": { "name": "Degracia Model Secondary School", "amenity": "school" }, "geometry": { "type": "Point", "coordinates": [ 7.37057, 9.1383 ] } },
{ "type": "Feature", "properties": { "name": "The Day Spring College", "amenity": "school" }, "geometry": { "type": "Point", "coordinates": [ 7.36612, 9.1497 ] } },
{ "type": "Feature", "properties": { "name": "Divine Faith Preparatory School", "amenity": "school" }, "geometry": { "type": "Point", "coordinates": [ 7.37024, 9.13747 ] } },
{ "type": "Feature", "properties": { "name": "Degracia Model Primary School", "amenity": "school" }, "geometry": { "type": "Point", "coordinates": [ 7.3702, 9.13807 ] } },
{ "type": "Feature", "properties": { "name": "L. E. A primary school Dutse Alhaji", "amenity": "school" }, "geometry": { "type": "Point", "coordinates": [ 7.37222, 9.14059 ] } },
{ "type": "Feature", "properties": { "name": "School of Postgraduate", "amenity": "school" }, "geometry": { "type": "Point", "coordinates": [ 8.88011, 9.96839 ] } },
{ "type": "Feature", "properties": { "name": "Jumol International Academy", "amenity": "school" }, "geometry": { "type": "Point", "coordinates": [ 7.38053, 9.1431 ] } },
{ "type": "Feature", "properties": { "name": "Confidence INT'L Academy", "amenity": "school" }, "geometry": { "type": "Point", "coordinates": [ 7.38128, 9.14185 ] } },
{ "type": "Feature", "properties": { "name": "Multiple Grace Academy", "amenity": "school" }, "geometry": { "type": "Point", "coordinates": [ 7.38148, 9.14158 ] } },
{ "type": "Feature", "properties": { "name": "Star Hope Nursery and Primary School", "amenity": "school" }, "geometry": { "type": "Point", "coordinates": [ 7.43329, 8.94177 ] } },
{ "type": "Feature", "properties": { "name": "LEA Primary School Kabusa", "amenity": "school" }, "geometry": { "type": "Point", "coordinates": [ 7.4449, 8.95039 ] } },
{ "type": "Feature", "properties": { "name": "Government Secondary School Kabusa", "amenity": "school" }, "geometry": { "type": "Point", "coordinates": [ 7.44482, 8.95044 ] } },
{ "type": "Feature", "properties": { "name": "Ogiame Primary School Warri", "amenity": "school" }, "geometry": { "type": "Point", "coordinates": [ 5.73115, 5.52292 ] } },
{ "type": "Feature", "properties": { "name": "Department of Building", "amenity": "school" }, "geometry": { "type": "Point", "coordinates": [ 8.87927, 9.96736 ] } },
{ "type": "Feature", "properties": { "name": "Destined Champions Academy", "amenity": "school" }, "geometry": { "type": "Point", "coordinates": [ 7.37702, 9.1432 ] } },
{ "type": "Feature", "properties": { "name": "Dominion Integrated School", "amenity": "school" }, "geometry": { "type": "Point", "coordinates": [ 8.91317, 9.93435 ] } },
{ "type": "Feature", "properties": { "name": "Ogulagha Secondary school", "amenity": "school" }, "geometry": { "type": "Point", "coordinates": [ 5.34409, 5.35072 ] } },
{ "type": "Feature", "properties": { "name": "Yelwa Practicing School", "amenity": "school" }, "geometry": { "type": "Point", "coordinates": [ 9.80314, 10.27852 ] } },
{ "type": "Feature", "properties": { "name": "ATBU Women Society Nursery School", "amenity": "school" }, "geometry": { "type": "Point", "coordinates": [ 9.79088, 10.27669 ] } },
{ "type": "Feature", "properties": { "name": "GSTC Gombe state", "amenity": "school" }, "geometry": { "type": "Point", "coordinates": [ 11.17808, 10.29562 ] } },
{ "type": "Feature", "properties": { "name": "GSTC Vocational Gombe state", "amenity": "school" }, "geometry": { "type": "Point", "coordinates": [ 11.17839, 10.29578 ] } },
{ "type": "Feature", "properties": { "name": "idi primary school Gombe", "amenity": "school" }, "geometry": { "type": "Point", "coordinates": [ 11.17831, 10.29369 ] } },
{ "type": "Feature", "properties": { "name": "Gandu primary school", "amenity": "school" }, "geometry": { "type": "Point", "coordinates": [ 11.17248, 10.30162 ] } },
{ "type": "Feature", "properties": { "name": "Government Day", "amenity": "school" }, "geometry": { "type": "Point", "coordinates": [ 9.81457, 10.32965 ] } },
{ "type": "Feature", "properties": { "name": "Gombe state university src park", "amenity": "school" }, "geometry": { "type": "Point", "coordinates": [ 11.17496, 10.3068 ] } },
{ "type": "Feature", "properties": { "name": "Src secretariat gombe state university", "amenity": "school" }, "geometry": { "type": "Point", "coordinates": [ 11.17468, 10.30676 ] } },
{ "type": "Feature", "properties": { "name": "Pioneer Academy", "amenity": "school" }, "geometry": { "type": "Point", "coordinates": [ 9.78493, 10.28666 ] } },
{ "type": "Feature", "properties": { "name": "New Heritage Crest International School", "amenity": "school" }, "geometry": { "type": "Point", "coordinates": [ 6.95868, 4.8723 ] } },
{ "type": "Feature", "properties": { "name": "Karima International Academy", "amenity": "school" }, "geometry": { "type": "Point", "coordinates": [ 9.78734, 10.28742 ] } },
{ "type": "Feature", "properties": { "name": "Karima International Academy", "amenity": "school" }, "geometry": { "type": "Point", "coordinates": [ 9.78791, 10.2849 ] } },
{ "type": "Feature", "properties": { "name": "Bethany Christian Academy", "amenity": "school" }, "geometry": { "type": "Point", "coordinates": [ 8.91004, 9.51611 ] } },
{ "type": "Feature", "properties": { "name": "G.G Bauchi", "amenity": "school" }, "geometry": { "type": "Point", "coordinates": [ 9.84504, 10.3387 ] } },
{ "type": "Feature", "properties": { "name": "f c e (T) administrative block", "amenity": "school" }, "geometry": { "type": "Point", "coordinates": [ 11.14833, 10.31484 ] } },
{ "type": "Feature", "properties": { "name": "Faculty of law gombe state university", "amenity": "school" }, "geometry": { "type": "Point", "coordinates": [ 11.17284, 10.30743 ] } },
{ "type": "Feature", "properties": { "name": "faculty of law Gombe state university", "amenity": "school" }, "geometry": { "type": "Point", "coordinates": [ 11.1732, 10.30651 ] } },
{ "type": "Feature", "properties": { "name": "School", "amenity": "school" }, "geometry": { "type": "Point", "coordinates": [ 11.17805, 10.29359 ] } },
{ "type": "Feature", "properties": { "name": "Department of Nursing Science", "amenity": "school" }, "geometry": { "type": "Point", "coordinates": [ 11.17561, 10.3028 ] } },
{ "type": "Feature", "properties": { "name": "Government Technocal College, Erin-Ile", "amenity": "school" }, "geometry": { "type": "Point", "coordinates": [ 4.70434, 8.11174 ] } },
{ "type": "Feature", "properties": { "name": "Little Angels Private School", "amenity": "school" }, "geometry": { "type": "Point", "coordinates": [ 8.91111, 9.91229 ] } },
{ "type": "Feature", "properties": { "name": "Jasher International Academy", "amenity": "school" }, "geometry": { "type": "Point", "coordinates": [ 8.94463, 9.90343 ] } },
{ "type": "Feature", "properties": { "name": "Glory Land Academy", "amenity": "school" }, "geometry": { "type": "Point", "coordinates": [ 8.94127, 9.90135 ] } },
{ "type": "Feature", "properties": { "name": "SOES FACULTY", "amenity": "university" }, "geometry": { "type": "Point", "coordinates": [ 6.99334, 5.38504 ] } },
{ "type": "Feature", "properties": { "name": "DEPARTMENT OF ARCHITECTURE", "amenity": "university" }, "geometry": { "type": "Point", "coordinates": [ 6.99121, 5.38428 ] } },
{ "type": "Feature", "properties": { "name": "Thomas Moore College of Health Technology", "amenity": "college" }, "geometry": { "type": "Point", "coordinates": [ 9.83338, 10.3198 ] } },
{ "type": "Feature", "properties": { "name": "General Hassan Usman Katsina (Unity College)", "amenity": "school" }, "geometry": { "type": "Point", "coordinates": [ 9.80095, 10.27833 ] } },
{ "type": "Feature", "properties": { "name": "Special Education Center", "amenity": "school" }, "geometry": { "type": "Point", "coordinates": [ 9.80034, 10.28015 ] } },
{ "type": "Feature", "properties": { "name": "Thomas Moore College of Health Technology", "amenity": "college" }, "geometry": { "type": "Point", "coordinates": [ 9.79616, 10.27192 ] } },
{ "type": "Feature", "properties": { "name": "PEVA International Academy", "amenity": "school" }, "geometry": { "type": "Point", "coordinates": [ 9.78701, 10.28877 ] } },
{ "type": "Feature", "properties": { "name": "Pentecost Academy", "amenity": "school" }, "geometry": { "type": "Point", "coordinates": [ 9.79941, 10.27282 ] } },
{ "type": "Feature", "properties": { "name": "Alfurqan International Academy", "amenity": "school" }, "geometry": { "type": "Point", "coordinates": [ 9.79897, 10.2911 ] } },
{ "type": "Feature", "properties": { "name": "Community Secondary School Obelle", "amenity": "school" }, "geometry": { "type": "Point", "coordinates": [ 6.81187, 5.07197 ] } },
{ "type": "Feature", "properties": { "name": "School of Nursing and Midwifery", "amenity": "college" }, "geometry": { "type": "Point", "coordinates": [ 9.84491, 10.33615 ] } },
{ "type": "Feature", "properties": { "name": "Rumuekini primary school", "amenity": "school" }, "geometry": { "type": "Point", "coordinates": [ 6.94629, 4.88636 ] } },
{ "type": "Feature", "properties": { "name": "Amina Zwindila Foundation School", "amenity": "school" }, "geometry": { "type": "Point", "coordinates": [ 8.911, 9.92025 ] } },
{ "type": "Feature", "properties": { "name": "Federal University of Technology Minna, Bosso Campus", "amenity": "university" }, "geometry": { "type": "Point", "coordinates": [ 6.52875, 9.65607 ] } },
{ "type": "Feature", "properties": { "name": "Oviarien Primary School", "amenity": "school" }, "geometry": { "type": "Point", "coordinates": [ 5.92233, 5.36991 ] } },
{ "type": "Feature", "properties": { "name": "VICTORY HIGH SCHOOL", "amenity": "school" }, "geometry": { "type": "Point", "coordinates": [ 8.86556, 9.96311 ] } },
{ "type": "Feature", "properties": { "name": "VICTORY PRIVATE PRIMARY SCHOOL", "amenity": "school" }, "geometry": { "type": "Point", "coordinates": [ 8.86515, 9.96306 ] } },
{ "type": "Feature", "properties": { "name": "ST Malachy Academy", "amenity": "school" }, "geometry": { "type": "Point", "coordinates": [ 8.2881, 10.67742 ] } },
{ "type": "Feature", "properties": { "name": "Command Secondary School", "amenity": "school" }, "geometry": { "type": "Point", "coordinates": [ 9.8145, 10.33411 ] } },
{ "type": "Feature", "properties": { "name": "state primary school (rumueme)", "amenity": "school" }, "geometry": { "type": "Point", "coordinates": [ 6.98136, 4.82617 ] } },
{ "type": "Feature", "properties": { "name": "City Comprehensive", "amenity": "school" }, "geometry": { "type": "Point", "coordinates": [ 9.82296, 10.31946 ] } },
{ "type": "Feature", "properties": { "name": "Command Children School", "amenity": "school" }, "geometry": { "type": "Point", "coordinates": [ 9.82346, 10.32459 ] } },
{ "type": "Feature", "properties": { "name": "Erin-Ile Secondary School", "amenity": "school" }, "geometry": { "type": "Point", "coordinates": [ 4.70598, 8.10912 ] } },
{ "type": "Feature", "properties": { "name": "Crane Schools", "amenity": "school" }, "geometry": { "type": "Point", "coordinates": [ 3.62835, 6.47043 ] } },
{ "type": "Feature", "properties": { "name": "Crane College", "amenity": "school" }, "geometry": { "type": "Point", "coordinates": [ 3.62856, 6.47175 ] } },
{ "type": "Feature", "properties": { "name": "Christ The Rock Of Ages International School", "amenity": "school" }, "geometry": { "type": "Point", "coordinates": [ 3.62915, 6.47049 ] } },
{ "type": "Feature", "properties": { "name": "Prison Children Staff School", "amenity": "school" }, "geometry": { "type": "Point", "coordinates": [ 8.94651, 9.90896 ] } },
{ "type": "Feature", "properties": { "name": "Anesther Private School", "amenity": "school" }, "geometry": { "type": "Point", "coordinates": [ 8.94695, 9.91031 ] } },
{ "type": "Feature", "properties": { "name": "Sabon Kaura Primary School", "amenity": "school" }, "geometry": { "type": "Point", "coordinates": [ 9.78616, 10.29276 ] } },
{ "type": "Feature", "properties": { "name": "Manga Saleh Primary School", "amenity": "school" }, "geometry": { "type": "Point", "coordinates": [ 9.83592, 10.31043 ] } },
{ "type": "Feature", "properties": { "name": "Kobi Primary School", "amenity": "school" }, "geometry": { "type": "Point", "coordinates": [ 9.83921, 10.31146 ] } },
{ "type": "Feature", "properties": { "name": "St. Paul Nur/Pri School", "amenity": "school" }, "geometry": { "type": "Point", "coordinates": [ 9.83346, 10.32069 ] } },
{ "type": "Feature", "properties": { "name": "St. Paul Secondary School", "amenity": "school" }, "geometry": { "type": "Point", "coordinates": [ 9.83298, 10.32031 ] } },
{ "type": "Feature", "properties": { "name": "Our Lady's Nur/Pri School", "amenity": "school" }, "geometry": { "type": "Point", "coordinates": [ 9.83301, 10.31956 ] } },
{ "type": "Feature", "properties": { "name": "Sky Crest High School", "amenity": "school" }, "geometry": { "type": "Point", "coordinates": [ 9.82469, 10.31328 ] } },
{ "type": "Feature", "properties": { "name": "Bauchi State University, Bauchi Campus", "amenity": "university" }, "geometry": { "type": "Point", "coordinates": [ 9.82562, 10.31346 ] } },
{ "type": "Feature", "properties": { "name": "Sunshine Int'l", "amenity": "school" }, "geometry": { "type": "Point", "coordinates": [ 9.8053, 10.30048 ] } },
{ "type": "Feature", "properties": { "name": "Baptist College of Theology", "amenity": "college" }, "geometry": { "type": "Point", "coordinates": [ 8.94491, 9.90733 ] } },
{ "type": "Feature", "properties": { "name": "Obey primary school", "amenity": "school" }, "geometry": { "type": "Point", "coordinates": [ 5.93103, 6.90294 ] } },
{ "type": "Feature", "properties": { "name": "Holy Trinity Grammar School", "amenity": "school" }, "geometry": { "type": "Point", "coordinates": [ 5.938, 6.89772 ] } },
{ "type": "Feature", "properties": { "name": "University of Nigeria Nsukka", "amenity": "university" }, "geometry": { "type": "Point", "coordinates": [ 7.40842, 6.86509 ] } },
{ "type": "Feature", "properties": { "name": "GCI football pitch", "amenity": "school" }, "geometry": { "type": "Point", "coordinates": [ 3.83493, 7.38258 ] } },
{ "type": "Feature", "properties": { "name": "Secondary Technical School, Ofeme (SETESCO)", "amenity": "college" }, "geometry": { "type": "Point", "coordinates": [ 7.43462, 5.639 ] } },
{ "type": "Feature", "properties": { "name": "Odongunyan Secondary School", "amenity": "school" }, "geometry": { "type": "Point", "coordinates": [ 3.52049, 6.66408 ] } },
{ "type": "Feature", "properties": { "name": "ALSCON STAFF SCHOOL", "amenity": "school" }, "geometry": { "type": "Point", "coordinates": [ 7.59521, 4.58181 ] } },
{ "type": "Feature", "properties": { "name": "AMBASSADOR KIDDIES COLLEGE", "amenity": "kindergarten" }, "geometry": { "type": "Point", "coordinates": [ 5.63131, 6.38086 ] } },
{ "type": "Feature", "properties": { "name": "Community Primary School", "amenity": "school" }, "geometry": { "type": "Point", "coordinates": [ 6.46264, 5.07925 ] } },
{ "type": "Feature", "properties": { "name": "Yobe State University", "amenity": "university" }, "geometry": { "type": "Point", "coordinates": [ 11.94441, 11.68344 ] } },
{ "type": "Feature", "properties": { "name": "Demonstartion Pry School", "amenity": "school" }, "geometry": { "type": "Point", "coordinates": [ 3.33379, 7.12361 ] } },
{ "type": "Feature", "properties": { "name": "MacJob Junior Sec. School", "amenity": "school" }, "geometry": { "type": "Point", "coordinates": [ 3.336, 7.12262 ] } },
{ "type": "Feature", "properties": { "name": "Igoba Community High School", "amenity": "school" }, "geometry": { "type": "Point", "coordinates": [ 5.23095, 7.29522 ] } },
{ "type": "Feature", "properties": { "name": "Tofab School", "amenity": "school" }, "geometry": { "type": "Point", "coordinates": [ 5.17559, 7.24769 ] } },
{ "type": "Feature", "properties": { "name": "Olufunmilayo group of school", "amenity": "school" }, "geometry": { "type": "Point", "coordinates": [ 5.16795, 7.27082 ] } },
{ "type": "Feature", "properties": { "name": "Genesis School", "amenity": "school" }, "geometry": { "type": "Point", "coordinates": [ 3.57982, 6.48775 ] } },
{ "type": "Feature", "properties": { "name": "Kins Comprehensive College", "amenity": "school" }, "geometry": { "type": "Point", "coordinates": [ 6.64288, 5.32947 ] } },
{ "type": "Feature", "properties": { "name": "Chike Okoli", "amenity": "university" }, "geometry": { "type": "Point", "coordinates": [ 7.11673, 6.24591 ] } },
{ "type": "Feature", "properties": { "name": "Management Sciences", "amenity": "university" }, "geometry": { "type": "Point", "coordinates": [ 7.11264, 6.24969 ] } },
{ "type": "Feature", "properties": { "name": "Confucious Institute", "amenity": "university" }, "geometry": { "type": "Point", "coordinates": [ 7.12122, 6.24778 ] } },
{ "type": "Feature", "properties": { "name": "Utility Building", "amenity": "university" }, "geometry": { "type": "Point", "coordinates": [ 7.12074, 6.24691 ] } },
{ "type": "Feature", "properties": { "name": "Kaduna Polytechnic", "amenity": "university" }, "geometry": { "type": "Point", "coordinates": [ 7.44168, 10.52199 ] } },
{ "type": "Feature", "properties": { "name": "Technical College", "amenity": "university" }, "geometry": { "type": "Point", "coordinates": [ 7.46923, 10.55487 ] } },
{ "type": "Feature", "properties": { "name": "Omolaja Sodipo School", "amenity": "school" }, "geometry": { "type": "Point", "coordinates": [ 3.33355, 7.12059 ] } },
{ "type": "Feature", "properties": { "name": "Ladoke Akintola University of Technology, Ogbomoso", "amenity": "university" }, "geometry": { "type": "Point", "coordinates": [ 4.26525, 8.16907 ] } },
{ "type": "Feature", "properties": { "name": "Baze University", "amenity": "university" }, "geometry": { "type": "Point", "coordinates": [ 7.4045, 9.0062 ] } },
{ "type": "Feature", "properties": { "name": "Admin block A", "amenity": "university" }, "geometry": { "type": "Point", "coordinates": [ 7.11835, 6.24486 ] } },
{ "type": "Feature", "properties": { "name": "Ikorodu Senior Grammar School", "amenity": "school" }, "geometry": { "type": "Point", "coordinates": [ 3.51846, 6.61933 ] } },
{ "type": "Feature", "properties": { "name": "Government Technical College Ikorodu", "amenity": "school" }, "geometry": { "type": "Point", "coordinates": [ 3.51809, 6.61738 ] } },
{ "type": "Feature", "properties": { "name": "Lead City University Jericho Campus", "amenity": "university" }, "geometry": { "type": "Point", "coordinates": [ 3.86644, 7.40011 ] } },
{ "type": "Feature", "properties": { "name": "ESUT College of Medicine Enugu", "amenity": "university" }, "geometry": { "type": "Point", "coordinates": [ 7.4947, 6.4623 ] } },
{ "type": "Feature", "properties": { "name": "Christ The Redeemer's College", "amenity": "school" }, "geometry": { "type": "Point", "coordinates": [ 3.57081, 6.7922 ] } },
{ "type": "Feature", "properties": { "name": "Art Faculty", "amenity": "university" }, "geometry": { "type": "Point", "coordinates": [ 7.11655, 6.24458 ] } },
{ "type": "Feature", "properties": { "name": "MPH", "amenity": "university" }, "geometry": { "type": "Point", "coordinates": [ 7.11734, 6.24376 ] } },
{ "type": "Feature", "properties": { "name": "Admin Block B", "amenity": "university" }, "geometry": { "type": "Point", "coordinates": [ 7.11773, 6.24549 ] } },
{ "type": "Feature", "properties": { "name": "Faithful International Academy, Creche, Nursery & Primary", "amenity": "school" }, "geometry": { "type": "Point", "coordinates": [ 7.42787, 8.99306 ] } },
{ "type": "Feature", "properties": { "name": "Nigerian Army University, Biu", "amenity": "university" }, "geometry": { "type": "Point", "coordinates": [ 12.14936, 10.60316 ] } },
{ "type": "Feature", "properties": { "name": "PROF. A. MAHDI ACADEMY(SECONDARY)", "amenity": "school" }, "geometry": { "type": "Point", "coordinates": [ 11.17645, 10.31154 ] } },
{ "type": "Feature", "properties": { "name": "PROF. A. MAHDI ACADEMY (PRIMARY)", "amenity": "school" }, "geometry": { "type": "Point", "coordinates": [ 11.17669, 10.31174 ] } },
{ "type": "Feature", "properties": { "name": "JAURO TUDUN WADA PRIMARY T/WADA", "amenity": "school" }, "geometry": { "type": "Point", "coordinates": [ 11.17093, 10.3005 ] } },
{ "type": "Feature", "properties": { "name": "Graccy Royalfield Schools", "amenity": "school" }, "geometry": { "type": "Point", "coordinates": [ 3.41424, 6.5804 ] } },
{ "type": "Feature", "properties": { "name": "Charity Foundation School", "amenity": "school" }, "geometry": { "type": "Point", "coordinates": [ 3.41436, 6.58088 ] } },
{ "type": "Feature", "properties": { "name": "Graccy High School", "amenity": "school" }, "geometry": { "type": "Point", "coordinates": [ 3.41526, 6.58015 ] } },
{ "type": "Feature", "properties": { "name": "Gafariya Muslim School", "amenity": "school" }, "geometry": { "type": "Point", "coordinates": [ 3.41328, 6.5815 ] } },
{ "type": "Feature", "properties": { "name": "Treasure Goal schools", "amenity": "school" }, "geometry": { "type": "Point", "coordinates": [ 3.41314, 6.58015 ] } },
{ "type": "Feature", "properties": { "name": "Agboyi 2 Primary School", "amenity": "school" }, "geometry": { "type": "Point", "coordinates": [ 3.4094, 6.58035 ] } },
{ "type": "Feature", "properties": { "name": "Assemblies of God School", "amenity": "school" }, "geometry": { "type": "Point", "coordinates": [ 3.41303, 6.58038 ] } },
{ "type": "Feature", "properties": { "name": "LEA Primary School Galadimawa", "amenity": "school" }, "geometry": { "type": "Point", "coordinates": [ 7.42558, 8.9945 ] } },
{ "type": "Feature", "properties": { "name": "Junior Secondary School Galadimawa", "amenity": "school" }, "geometry": { "type": "Point", "coordinates": [ 7.42536, 8.98608 ] } },
{ "type": "Feature", "properties": { "name": "Federal School of Surveying", "amenity": "school" }, "geometry": { "type": "Point", "coordinates": [ 3.95154, 7.84253 ] } },
{ "type": "Feature", "properties": { "name": "Omolola Group of Schools", "amenity": "school" }, "geometry": { "type": "Point", "coordinates": [ 3.62654, 6.83206 ] } },
{ "type": "Feature", "properties": { "name": "Agboyi Nursery/ Primary School, Alakpere Ketu", "amenity": "school" }, "geometry": { "type": "Point", "coordinates": [ 3.40992, 6.5781 ] } },
{ "type": "Feature", "properties": { "name": "Ogiame Primary School", "amenity": "school" }, "geometry": { "type": "Point", "coordinates": [ 5.73113, 5.52298 ] } },
{ "type": "Feature", "properties": { "name": "ECWA Bethel School", "amenity": "school" }, "geometry": { "type": "Point", "coordinates": [ 7.41967, 9.01824 ] } },
{ "type": "Feature", "properties": { "name": "MJ Salasi International School", "amenity": "school" }, "geometry": { "type": "Point", "coordinates": [ 7.41776, 9.0201 ] } },
{ "type": "Feature", "properties": { "name": "LEA Primary, Junior and Senior Secondary School Kuchigoro", "amenity": "school" }, "geometry": { "type": "Point", "coordinates": [ 7.42002, 9.01372 ] } },
{ "type": "Feature", "properties": { "name": "Uwangue College Warri", "amenity": "college" }, "geometry": { "type": "Point", "coordinates": [ 5.74597, 5.51667 ] } },
{ "type": "Feature", "properties": { "name": "Odo-Okun Secondary School, Oboghoro", "amenity": "school" }, "geometry": { "type": "Point", "coordinates": [ 5.08639, 5.80844 ] } },
{ "type": "Feature", "properties": { "name": "Ogedegbe Primary School, Warri", "amenity": "school" }, "geometry": { "type": "Point", "coordinates": [ 5.76177, 5.50742 ] } },
{ "type": "Feature", "properties": { "name": "Pessu Primary School, Warri", "amenity": "school" }, "geometry": { "type": "Point", "coordinates": [ 5.76369, 5.51188 ] } },
{ "type": "Feature", "properties": { "name": "Excel Christabel Nursery and Primary School", "amenity": "school" }, "geometry": { "type": "Point", "coordinates": [ 7.42774, 8.99338 ] } },
{ "type": "Feature", "properties": { "name": "Community Primary School Abachaeke", "amenity": "school" }, "geometry": { "type": "Point", "coordinates": [ 6.72994, 5.50419 ] } },
{ "type": "Feature", "properties": { "name": "Lilybest academy", "amenity": "school" }, "geometry": { "type": "Point", "coordinates": [ 6.72473, 5.50203 ] } },
{ "type": "Feature", "properties": { "name": "Ukwugba Community School Egbema", "amenity": "school" }, "geometry": { "type": "Point", "coordinates": [ 6.75335, 5.55491 ] } },
{ "type": "Feature", "properties": { "name": "Obafemi Awolowo University", "amenity": "university" }, "geometry": { "type": "Point", "coordinates": [ 4.52322, 7.52 ] } },
{ "type": "Feature", "properties": { "name": "Africa University of Science and Technology", "amenity": "university" }, "geometry": { "type": "Point", "coordinates": [ 7.42536, 8.99786 ] } },
{ "type": "Feature", "properties": { "name": "Landmark University", "amenity": "university" }, "geometry": { "type": "Point", "coordinates": [ 5.08061, 8.12114 ] } },
{ "type": "Feature", "properties": { "name": "Faith Field Academy", "amenity": "school" }, "geometry": { "type": "Point", "coordinates": [ 7.42661, 8.98869 ] } },
{ "type": "Feature", "properties": { "name": "Nabel International College", "amenity": "school" }, "geometry": { "type": "Point", "coordinates": [ 7.42615, 8.98697 ] } },
{ "type": "Feature", "properties": { "name": "Community Primary School Ground, Barayira", "amenity": "school" }, "geometry": { "type": "Point", "coordinates": [ 7.20259, 4.74396 ] } },
{ "type": "Feature", "properties": { "name": "Ihya;ussunnah Jauro kuna", "amenity": "school" }, "geometry": { "type": "Point", "coordinates": [ 11.17054, 10.31062 ] } },
{ "type": "Feature", "properties": { "name": "TEENEE TODDS DAY NURSERY", "amenity": "school" }, "geometry": { "type": "Point", "coordinates": [ 7.48142, 9.10748 ] } },
{ "type": "Feature", "properties": { "name": "Accolade House Montessori School", "amenity": "school" }, "geometry": { "type": "Point", "coordinates": [ 3.65181, 6.45656 ] } },
{ "type": "Feature", "properties": { "name": "Moshood Abiola Polytechnic MAPOLY Abeokuta", "amenity": "school" }, "geometry": { "type": "Point", "coordinates": [ 3.32147, 7.09228 ] } },
{ "type": "Feature", "properties": { "name": "Auchi Polytechnic", "amenity": "college" }, "geometry": { "type": "Point", "coordinates": [ 6.2733, 7.06334 ] } },
{ "type": "Feature", "properties": { "name": "Edo University", "amenity": "college" }, "geometry": { "type": "Point", "coordinates": [ 6.30252, 7.13419 ] } },
{ "type": "Feature", "properties": { "name": "The Federal College of Education (Technical), Omoku", "amenity": "college" }, "geometry": { "type": "Point", "coordinates": [ 6.64989, 5.33087 ] } },
{ "type": "Feature", "properties": { "name": "MUSA YAR'ADUA MEMORIAL PRIMARY SCHOOL (AMBUTTAI)", "amenity": "school" }, "geometry": { "type": "Point", "coordinates": [ 7.59837, 12.99214 ] } },
{ "type": "Feature", "properties": { "name": "Salvation college", "amenity": "school" }, "geometry": { "type": "Point", "coordinates": [ 3.43319, 6.60892 ] } },
{ "type": "Feature", "properties": { "name": "Towolo Community Primary School", "amenity": "school" }, "geometry": { "type": "Point", "coordinates": [ 3.4412, 6.61262 ] } },
{ "type": "Feature", "properties": { "name": "Destiny Christian Academy", "amenity": "school" }, "geometry": { "type": "Point", "coordinates": [ 7.42637, 8.99006 ] } },
{ "type": "Feature", "properties": { "name": "Admiralty University of Nigeria (ADUN)", "amenity": "college" }, "geometry": { "type": "Point", "coordinates": [ 6.57578, 6.16676 ] } },
{ "type": "Feature", "properties": { "name": "Anglican Girls Grammar School", "amenity": "school" }, "geometry": { "type": "Point", "coordinates": [ 3.90413, 6.8338 ] } },
{ "type": "Feature", "properties": { "name": "Manara Primary School", "amenity": "school" }, "geometry": { "type": "Point", "coordinates": [ 11.47186, 10.17314 ] } },
{ "type": "Feature", "properties": { "name": "Lano Community Secondary School", "amenity": "school" }, "geometry": { "type": "Point", "coordinates": [ 11.47517, 10.1735 ] } },
{ "type": "Feature", "properties": { "name": "DEBA CENTRAL PRIMARY SCHOOL", "amenity": "school" }, "geometry": { "type": "Point", "coordinates": [ 11.38424, 10.21262 ] } },
{ "type": "Feature", "properties": { "name": "JIBWIS ARAWA", "amenity": "school" }, "geometry": { "type": "Point", "coordinates": [ 11.17342, 10.31275 ] } },
{ "type": "Feature", "properties": { "name": "Ajayi Crowther University", "amenity": "university" }, "geometry": { "type": "Point", "coordinates": [ 3.94809, 7.8489 ] } },
{ "type": "Feature", "properties": { "name": "Olosun Primary School", "amenity": "school" }, "geometry": { "type": "Point", "coordinates": [ 3.37524, 6.59108 ] } },
{ "type": "Feature", "properties": { "name": "Imo State University", "amenity": "university" }, "geometry": { "type": "Point", "coordinates": [ 7.04445, 5.50531 ] } },
{ "type": "Feature", "properties": { "name": "Beulla School", "amenity": "school" }, "geometry": { "type": "Point", "coordinates": [ 3.25079, 6.6886 ] } },
{ "type": "Feature", "properties": { "name": "Oxbridge Tutorial College", "amenity": "school" }, "geometry": { "type": "Point", "coordinates": [ 3.35763, 6.57761 ] } },
{ "type": "Feature", "properties": { "name": "Government Technical College Agidingbi", "amenity": "school" }, "geometry": { "type": "Point", "coordinates": [ 3.35384, 6.62266 ] } },
{ "type": "Feature", "properties": { "name": "Fountain Heights Secondary School", "amenity": "school" }, "geometry": { "type": "Point", "coordinates": [ 3.34915, 6.49396 ] } },
{ "type": "Feature", "properties": { "name": "Lagos Baptist Academy", "amenity": "school" }, "geometry": { "type": "Point", "coordinates": [ 3.37091, 6.54633 ] } },
{ "type": "Feature", "properties": { "name": "Apata Memorial Schools", "amenity": "school" }, "geometry": { "type": "Point", "coordinates": [ 3.32146, 6.52046 ] } },
{ "type": "Feature", "properties": { "name": "Estaport Schools", "amenity": "school" }, "geometry": { "type": "Point", "coordinates": [ 3.38368, 6.56127 ] } },
{ "type": "Feature", "properties": { "name": "Anwar ul-Islam Girls High School", "amenity": "school" }, "geometry": { "type": "Point", "coordinates": [ 3.29328, 6.6605 ] } },
{ "type": "Feature", "properties": { "name": "Olabisi Onabanjo University", "amenity": "university" }, "geometry": { "type": "Point", "coordinates": [ 3.87144, 6.92185 ] } },
{ "type": "Feature", "properties": { "name": "Ewutuntun Grammar School", "amenity": "school" }, "geometry": { "type": "Point", "coordinates": [ 3.3375, 6.56504 ] } },
{ "type": "Feature", "properties": { "name": "Sabo Oniba Primary School", "amenity": "school" }, "geometry": { "type": "Point", "coordinates": [ 3.17222, 6.46346 ] } },
{ "type": "Feature", "properties": { "name": "GSS Lafia East", "amenity": "school" }, "geometry": { "type": "Point", "coordinates": [ 8.51758, 8.46976 ] } },
{ "type": "Feature", "properties": { "name": "LEA Secondary School", "amenity": "school" }, "geometry": { "type": "Point", "coordinates": [ 7.43274, 10.45182 ] } },
{ "type": "Feature", "properties": { "name": "Sokoto State University", "amenity": "university" }, "geometry": { "type": "Point", "coordinates": [ 5.19778, 12.94104 ] } },
{ "type": "Feature", "properties": { "name": "Ikorodu High School", "amenity": "school" }, "geometry": { "type": "Point", "coordinates": [ 3.50918, 6.63878 ] } },
{ "type": "Feature", "properties": { "name": "Strong Tower Academy", "amenity": "school" }, "geometry": { "type": "Point", "coordinates": [ 3.5224, 6.6217 ] } },
{ "type": "Feature", "properties": { "name": "Tosfeb Presidency schools", "amenity": "school" }, "geometry": { "type": "Point", "coordinates": [ 3.62402, 6.6009 ] } },
{ "type": "Feature", "properties": { "name": "Temidire Primary School", "amenity": "school" }, "geometry": { "type": "Point", "coordinates": [ 3.51891, 6.61889 ] } },
{ "type": "Feature", "properties": { "name": "Radiology Dept, Enugu State University Teaching Hospital", "amenity": "university" }, "geometry": { "type": "Point", "coordinates": [ 7.49428, 6.46307 ] } },
{ "type": "Feature", "properties": { "name": "Theatre, Enugu State University Teaching Hospital", "amenity": "university" }, "geometry": { "type": "Point", "coordinates": [ 7.49413, 6.46232 ] } },
{ "type": "Feature", "properties": { "name": "Surgical Ward, Enugu State University Teaching Hospital", "amenity": "university" }, "geometry": { "type": "Point", "coordinates": [ 7.49445, 6.46183 ] } },
{ "type": "Feature", "properties": { "name": "Mammography Unit, Enugu State University Teaching Hospital", "amenity": "university" }, "geometry": { "type": "Point", "coordinates": [ 7.49399, 6.46301 ] } },
{ "type": "Feature", "properties": { "name": "National Veterinary Reseach Institute", "amenity": "university" }, "geometry": { "type": "Point", "coordinates": [ 5.61803, 6.31574 ] } },
{ "type": "Feature", "properties": { "name": "University of Benin", "amenity": "university" }, "geometry": { "type": "Point", "coordinates": [ 5.60068, 6.3343 ] } },
{ "type": "Feature", "properties": { "name": "Hopeful Kids", "amenity": "school" }, "geometry": { "type": "Point", "coordinates": [ 3.24467, 6.49854 ] } },
{ "type": "Feature", "properties": { "name": "Physiotherapy Dept, Enugu State University Teaching Hospital", "amenity": "university" }, "geometry": { "type": "Point", "coordinates": [ 7.49402, 6.46135 ] } },
{ "type": "Feature", "properties": { "name": "Federal College of Fisheries and Marine Technology", "amenity": "school" }, "geometry": { "type": "Point", "coordinates": [ 3.41189, 6.42151 ] } },
{ "type": "Feature", "properties": { "name": "Salvation Army Primary School", "amenity": "school" }, "geometry": { "type": "Point", "coordinates": [ 3.50678, 6.62026 ] } },
{ "type": "Feature", "properties": { "name": "Mogho Primary School", "amenity": "school" }, "geometry": { "type": "Point", "coordinates": [ 5.74739, 5.51768 ] } },
{ "type": "Feature", "properties": { "name": "Government Girls Secondary School Chibok", "amenity": "school" }, "geometry": { "type": "Point", "coordinates": [ 12.83475, 10.88135 ] } },
{ "type": "Feature", "properties": { "name": "Student Union Building", "amenity": "university" }, "geometry": { "type": "Point", "coordinates": [ 3.89848, 7.44429 ] } },
{ "type": "Feature", "properties": { "name": "Ceta international school", "amenity": "school" }, "geometry": { "type": "Point", "coordinates": [ 5.60699, 6.3047 ] } },
{ "type": "Feature", "properties": { "name": "Federal University of Transportation Daura", "amenity": "university" }, "geometry": { "type": "Point", "coordinates": [ 8.34689, 12.97366 ] } },
{ "type": "Feature", "properties": { "name": "Model Orphanage Integrated School", "amenity": "school" }, "geometry": { "type": "Point", "coordinates": [ 13.16288, 11.80772 ] } },
{ "type": "Feature", "properties": { "name": "North East Children’s Trust (NECT), The Learning Centre 1", "amenity": "school" }, "geometry": { "type": "Point", "coordinates": [ 13.11523, 11.82727 ] } },
{ "type": "Feature", "properties": { "name": "Nigeria Arabic Language Village Ngala", "amenity": "school" }, "geometry": { "type": "Point", "coordinates": [ 13.16147, 11.82041 ] } },
{ "type": "Feature", "properties": { "name": "Namu Model Secondary School", "amenity": "school" }, "geometry": { "type": "Point", "coordinates": [ 13.15207, 11.81537 ] } },
{ "type": "Feature", "properties": { "name": "Potter's Touch High School", "amenity": "school" }, "geometry": { "type": "Point", "coordinates": [ 6.41354, 5.0417 ] } },
{ "type": "Feature", "properties": { "name": "Nigerian Law School", "amenity": "college" }, "geometry": { "type": "Point", "coordinates": [ 6.37729, 4.98346 ] } },
{ "type": "Feature", "properties": { "name": "St. Judes's Girl's Secondary School, Amarata", "amenity": "school" }, "geometry": { "type": "Point", "coordinates": [ 6.282, 4.93644 ] } },
{ "type": "Feature", "properties": { "name": "Bayelsa Medical University", "amenity": "university" }, "geometry": { "type": "Point", "coordinates": [ 6.27935, 4.93368 ] } },
{ "type": "Feature", "properties": { "name": "Oghor Technical College", "amenity": "college" }, "geometry": { "type": "Point", "coordinates": [ 6.02528, 5.46451 ] } },
{ "type": "Feature", "properties": { "name": "Niger Delta University", "amenity": "university" }, "geometry": { "type": "Point", "coordinates": [ 6.10311, 4.97796 ] } },
{ "type": "Feature", "properties": { "name": "The Centagon International School", "amenity": "school" }, "geometry": { "type": "Point", "coordinates": [ 7.48533, 9.09217 ] } },
{ "type": "Feature", "properties": { "name": "Christian Community School", "amenity": "school" }, "geometry": { "type": "Point", "coordinates": [ 7.47319, 9.07397 ] } },
{ "type": "Feature", "properties": { "name": "Ibru College", "amenity": "college" }, "geometry": { "type": "Point", "coordinates": [ 6.08217, 5.53728 ] } },
{ "type": "Feature", "properties": { "name": "University of Ibadan", "amenity": "university" }, "geometry": { "type": "Point", "coordinates": [ 3.8909, 7.46173 ] } },
{ "type": "Feature", "properties": { "name": "University of Calabar", "amenity": "university" }, "geometry": { "type": "Point", "coordinates": [ 8.34858, 4.94647 ] } },
{ "type": "Feature", "properties": { "name": "DEPARTMENT OF SURVEYING AND GEOINFORMATICS", "amenity": "university" }, "geometry": { "type": "Point", "coordinates": [ 4.23885, 12.46527 ] } },
{ "type": "Feature", "properties": { "name": "Law Auditorium Closed Door", "amenity": "school" }, "geometry": { "type": "Point", "coordinates": [ 5.40381, 6.74397 ] } },
{ "type": "Feature", "properties": { "name": "Center fo Entrepreneurship Development", "amenity": "university" }, "geometry": { "type": "Point", "coordinates": [ 7.44326, 10.6132 ] } },
{ "type": "Feature", "properties": { "name": "Airforce Primary School", "amenity": "school" }, "geometry": { "type": "Point", "coordinates": [ 8.88582, 9.87252 ] } },
{ "type": "Feature", "properties": { "name": "University of Uyo", "amenity": "university" }, "geometry": { "type": "Point", "coordinates": [ 7.95053, 5.03789 ] } },
{ "type": "Feature", "properties": { "name": "Al-Ansar Academy", "amenity": "school" }, "geometry": { "type": "Point", "coordinates": [ 13.15397, 11.81548 ] } },
{ "type": "Feature", "properties": { "name": "Enugu Smart School", "amenity": "school" }, "geometry": { "type": "Point", "coordinates": [ 7.5659, 6.44145 ] } },
{ "type": "Feature", "properties": { "name": "Enugu State University of Science and Technology (ESUT)", "amenity": "university" }, "geometry": { "type": "Point", "coordinates": [ 7.5375, 6.30527 ] } },
{ "type": "Feature", "properties": { "name": "University of Nigeria Enugu Campus (UNEC)", "amenity": "university" }, "geometry": { "type": "Point", "coordinates": [ 7.50453, 6.42326 ] } },
{ "type": "Feature", "properties": { "name": "Institute of Management and Technology (IMT)", "amenity": "university" }, "geometry": { "type": "Point", "coordinates": [ 7.5134, 6.43001 ] } },
{ "type": "Feature", "properties": { "name": "LR 301 and LR 302", "amenity": "university" }, "geometry": { "type": "Point", "coordinates": [ 7.44255, 10.61257 ] } },
{ "type": "Feature", "properties": { "name": "Maimisari School", "amenity": "school" }, "geometry": { "type": "Point", "coordinates": [ 13.18281, 11.80983 ] } },
{ "type": "Feature", "properties": { "name": "Goverment Secondary School", "amenity": "school" }, "geometry": { "type": "Point", "coordinates": [ 13.18207, 11.81141 ] } },
{ "type": "Feature", "properties": { "name": "Ken Sarowiwa Polytechnic", "amenity": "college" }, "geometry": { "type": "Point", "coordinates": [ 7.25969, 4.71891 ] } },
{ "type": "Feature", "properties": { "name": "Comprehensive High School Azuzuama", "amenity": "school" }, "geometry": { "type": "Point", "coordinates": [ 5.94224, 4.71419 ] } },
{ "type": "Feature", "properties": { "name": "Olobo Premier College", "amenity": "school" }, "geometry": { "type": "Point", "coordinates": [ 6.91186, 4.89459 ] } },
{ "type": "Feature", "properties": { "name": "City High School Ogrute", "amenity": "school" }, "geometry": { "type": "Point", "coordinates": [ 7.455, 6.97042 ] } },
{ "type": "Feature", "properties": { "name": "Rivers State University", "amenity": "university" }, "geometry": { "type": "Point", "coordinates": [ 6.981, 4.79666 ] } },
{ "type": "Feature", "properties": { "name": "Kenyi Secondary School", "amenity": "school" }, "geometry": { "type": "Point", "coordinates": [ 7.9319, 9.55277 ] } },
{ "type": "Feature", "properties": { "name": "Renaissance University, Ugbawka", "amenity": "university" }, "geometry": { "type": "Point", "coordinates": [ 7.56216, 6.27827 ] } },
{ "type": "Feature", "properties": { "name": "Al-Ansar University", "amenity": "university" }, "geometry": { "type": "Point", "coordinates": [ 13.12621, 11.86813 ] } },
{ "type": "Feature", "properties": { "name": "College of Basic Medical and Health Sciences", "amenity": "university" }, "geometry": { "type": "Point", "coordinates": [ 12.9841, 11.85319 ] } },
{ "type": "Feature", "properties": { "name": "unizik high school", "amenity": "school" }, "geometry": { "type": "Point", "coordinates": [ 7.11189, 6.26027 ] } },
{ "type": "Feature", "properties": { "name": "Old site faculty of social sciencies", "amenity": "university" }, "geometry": { "type": "Point", "coordinates": [ 7.10991, 6.25905 ] } },
{ "type": "Feature", "properties": { "name": "University of Ilorin", "amenity": "university" }, "geometry": { "type": "Point", "coordinates": [ 4.65774, 8.4766 ] } },
{ "type": "Feature", "properties": { "name": "Charterhouse Lagos", "amenity": "school" }, "geometry": { "type": "Point", "coordinates": [ 3.59482, 6.44146 ] } },
{ "type": "Feature", "properties": { "name": "Jatto Memorial Christian College", "amenity": "college" }, "geometry": { "type": "Point", "coordinates": [ 5.58689, 6.32567 ] } },
{ "type": "Feature", "properties": { "name": "Mea Mater Elizabeth High School, Orjiagu", "amenity": "school" }, "geometry": { "type": "Point", "coordinates": [ 7.55807, 6.28737 ] } },
{ "type": "Feature", "properties": { "name": "Alliance Francaise - Mike Adenuga Center", "amenity": "school" }, "geometry": { "type": "Point", "coordinates": [ 3.43223, 6.46019 ] } },
{ "type": "Feature", "properties": { "name": "Akanu Ibiam Federal Polytechnic Unwana Ebonyi State", "amenity": "university" }, "geometry": { "type": "Point", "coordinates": [ 7.91764, 5.80046 ] } },
{ "type": "Feature", "properties": { "name": "Federal Polytechnic Nekede", "amenity": "university" }, "geometry": { "type": "Point", "coordinates": [ 7.03418, 5.43242 ] } },
{ "type": "Feature", "properties": { "name": "Sir Francis Ibiam Grammar School", "amenity": "college" }, "geometry": { "type": "Point", "coordinates": [ 7.9292, 5.87192 ] } },
{ "type": "Feature", "properties": { "name": "Afikpo Government Secondary School", "amenity": "college" }, "geometry": { "type": "Point", "coordinates": [ 7.92837, 5.8955 ] } },
{ "type": "Feature", "properties": { "name": "Magregor College", "amenity": "college" }, "geometry": { "type": "Point", "coordinates": [ 7.91263, 5.88883 ] } },
{ "type": "Feature", "properties": { "name": "Hope Waddell Training Institution", "amenity": "college" }, "geometry": { "type": "Point", "coordinates": [ 8.32627, 4.9758 ] } },
{ "type": "Feature", "properties": { "name": "Pyakasa Government Science Secondary School", "amenity": "school" }, "geometry": { "type": "Point", "coordinates": [ 7.47937, 9.08611 ] } },
{ "type": "Feature", "properties": { "name": "Amuro/Mgbom Community Secondary School", "amenity": "school" }, "geometry": { "type": "Point", "coordinates": [ 7.93343, 5.88421 ] } },
{ "type": "Feature", "properties": { "name": "Model Secondary School Ogulagha", "amenity": "school" }, "geometry": { "type": "Point", "coordinates": [ 5.33888, 5.35134 ] } },
{ "type": "Feature", "properties": { "name": "Senate Building", "amenity": "university" }, "geometry": { "type": "Point", "coordinates": [ 7.65455, 11.15064 ] } },
{ "type": "Feature", "properties": { "name": "Law Faculty", "amenity": "university" }, "geometry": { "type": "Point", "coordinates": [ 7.11416, 6.24688 ] } },
{ "type": "Feature", "properties": { "name": "Nnamdi Azikiwe University", "amenity": "university" }, "geometry": { "type": "Point", "coordinates": [ 7.11551, 6.24681 ] } },
{ "type": "Feature", "properties": { "name": "British Spring College", "amenity": "college" }, "geometry": { "type": "Point", "coordinates": [ 7.09612, 6.21306 ] } },
{ "type": "Feature", "properties": { "name": "Port Harcourt Federal Government College", "amenity": "college" }, "geometry": { "type": "Point", "coordinates": [ 6.98975, 4.86283 ] } },
{ "type": "Feature", "properties": { "name": "Asaba Federal College of Education (Technical)", "amenity": "college" }, "geometry": { "type": "Point", "coordinates": [ 6.70084, 6.18538 ] } },
{ "type": "Feature", "properties": { "name": "Army Day Secondary School", "amenity": "college" }, "geometry": { "type": "Point", "coordinates": [ 6.8122, 6.1347 ] } },
{ "type": "Feature", "properties": { "name": "Girls Model Secondary School Evwreni", "amenity": "college" }, "geometry": { "type": "Point", "coordinates": [ 6.06376, 5.39164 ] } },
{ "type": "Feature", "properties": { "name": "Rochas Foundation College", "amenity": "college" }, "geometry": { "type": "Point", "coordinates": [ 7.06096, 5.52136 ] } },
{ "type": "Feature", "properties": { "name": "Alvan Ikoku Federal College of Education", "amenity": "college" }, "geometry": { "type": "Point", "coordinates": [ 7.02274, 5.49881 ] } },
{ "type": "Feature", "properties": { "name": "Holy Ghost", "amenity": "college" }, "geometry": { "type": "Point", "coordinates": [ 7.02013, 5.4917 ] } },
{ "type": "Feature", "properties": { "name": "Polytechnic Ozoro", "amenity": "school" }, "geometry": { "type": "Point", "coordinates": [ 6.24451, 5.56502 ] } },
{ "type": "Feature", "properties": { "name": "Kaduna State University Main Campus", "amenity": "university" }, "geometry": { "type": "Point", "coordinates": [ 7.45168, 10.51958 ] } },
{ "type": "Feature", "properties": { "name": "Micho and  Ccecelia  Ibru  University", "amenity": "college" }, "geometry": { "type": "Point", "coordinates": [ 6.06295, 5.5383 ] } },
{ "type": "Feature", "properties": { "name": "Delta State University", "amenity": "university" }, "geometry": { "type": "Point", "coordinates": [ 6.1218, 5.79301 ] } },
{ "type": "Feature", "properties": { "name": "University of Maiduguri", "amenity": "university" }, "geometry": { "type": "Point", "coordinates": [ 13.19942, 11.80868 ] } },
{ "type": "Feature", "properties": { "name": "rhemaville", "amenity": "school" }, "geometry": { "type": "Point", "coordinates": [ 8.85516, 9.8574 ] } },
{ "type": "Feature", "properties": { "name": "Rhemaville Christian Academy", "amenity": "school" }, "geometry": { "type": "Point", "coordinates": [ 8.85587, 9.8574 ] } },
{ "type": "Feature", "properties": { "name": "St louis girls secoundary school", "amenity": "school" }, "geometry": { "type": "Point", "coordinates": [ 8.87888, 9.92607 ] } },
{ "type": "Feature", "properties": { "name": "St murumba college", "amenity": "school" }, "geometry": { "type": "Point", "coordinates": [ 8.86714, 9.94569 ] } },
{ "type": "Feature", "properties": { "name": "newton education center", "amenity": "school" }, "geometry": { "type": "Point", "coordinates": [ 8.86649, 9.94224 ] } },
{ "type": "Feature", "properties": { "name": "bishops college", "amenity": "school" }, "geometry": { "type": "Point", "coordinates": [ 8.86606, 9.94242 ] } },
{ "type": "Feature", "properties": { "name": "Federal University of Technology Minna, Bosso Campus", "amenity": "university" }, "geometry": { "type": "Point", "coordinates": [ 6.52586, 9.65383 ] } },
{ "type": "Feature", "properties": { "name": "AIR FORCE INSTITUTE OF TECHNOLOGY (AFIT), Kaduna", "amenity": "university" }, "geometry": { "type": "Point", "coordinates": [ 7.44946, 10.61234 ] } },
{ "type": "Feature", "properties": { "name": "Founders Internationa school", "amenity": "school" }, "geometry": { "type": "Point", "coordinates": [ 8.85426, 9.85109 ] } },
{ "type": "Feature", "properties": { "name": "Evangel Private School", "amenity": "school" }, "geometry": { "type": "Point", "coordinates": [ 8.86411, 9.85306 ] } },
{ "type": "Feature", "properties": { "name": "Glory Land Academy", "amenity": "school" }, "geometry": { "type": "Point", "coordinates": [ 8.86337, 9.86297 ] } },
{ "type": "Feature", "properties": { "name": "SCHOOL OF NURSING GOMBE", "amenity": "school" }, "geometry": { "type": "Point", "coordinates": [ 11.15611, 10.28758 ] } },
{ "type": "Feature", "properties": { "name": "FCE (T) GOMBE", "amenity": "school" }, "geometry": { "type": "Point", "coordinates": [ 11.15436, 10.31687 ] } },
{ "type": "Feature", "properties": { "name": "NURAIN SCHOOL ALKAHIRA", "amenity": "school" }, "geometry": { "type": "Point", "coordinates": [ 11.16078, 10.31927 ] } },
{ "type": "Feature", "properties": { "name": "UNIVERSAL PRIMARYY SCHOOL ALKAHIRA", "amenity": "school" }, "geometry": { "type": "Point", "coordinates": [ 11.16936, 10.31293 ] } },
{ "type": "Feature", "properties": { "name": "UBE Kalaring", "amenity": "school" }, "geometry": { "type": "Point", "coordinates": [ 11.30918, 9.8119 ] } },
{ "type": "Feature", "properties": { "name": "federal polytechnic kaltungo,", "amenity": "college" }, "geometry": { "type": "Point", "coordinates": [ 11.28813, 9.82778 ] } },
{ "type": "Feature", "properties": { "name": "L.G.E.A. Primary School", "amenity": "school" }, "geometry": { "type": "Point", "coordinates": [ 8.54113, 7.7257 ] } },
{ "type": "Feature", "properties": { "name": "ziebok High school", "amenity": "school" }, "geometry": { "type": "Point", "coordinates": [ 8.85698, 9.86354 ] } },
{ "type": "Feature", "properties": { "name": "Odion Primary School", "amenity": "school" }, "geometry": { "type": "Point", "coordinates": [ 6.11596, 5.51006 ] } },
{ "type": "Feature", "properties": { "name": "Baptist High School", "amenity": "school" }, "geometry": { "type": "Point", "coordinates": [ 6.54556, 9.62757 ] } },
{ "type": "Feature", "properties": { "name": "Secondary School  Sheretti", "amenity": "school" }, "geometry": { "type": "Point", "coordinates": [ 7.43849, 8.94188 ] } },
{ "type": "Feature", "properties": { "name": "Kabusa Community Secondary School", "amenity": "school" }, "geometry": { "type": "Point", "coordinates": [ 7.43948, 8.94978 ] } },
{ "type": "Feature", "properties": { "name": "Victory Academy", "amenity": "school" }, "geometry": { "type": "Point", "coordinates": [ 7.44284, 8.94995 ] } },
{ "type": "Feature", "properties": { "name": "Eternal Love School", "amenity": "school" }, "geometry": { "type": "Point", "coordinates": [ 7.44047, 8.95714 ] } },
{ "type": "Feature", "properties": { "name": "Ojojo Primary School", "amenity": "school" }, "geometry": { "type": "Point", "coordinates": [ 5.74774, 5.51388 ] } },
{ "type": "Feature", "properties": { "name": "Government Secondary School", "amenity": "school" }, "geometry": { "type": "Point", "coordinates": [ 7.55605, 8.81643 ] } },
{ "type": "Feature", "properties": { "name": "Emevor Mixed Secondary School", "amenity": "school" }, "geometry": { "type": "Point", "coordinates": [ 6.12227, 5.53282 ] } },
{ "type": "Feature", "properties": { "name": "Government College Umuahia", "amenity": "school" }, "geometry": { "type": "Point", "coordinates": [ 7.53581, 5.49965 ] } },
{ "type": "Feature", "properties": { "name": "Joglo international academy", "amenity": "school" }, "geometry": { "type": "Point", "coordinates": [ 7.03646, 4.86786 ] } },
{ "type": "Feature", "properties": { "name": "Maranatha Academy & Mt Tabor International Schools", "amenity": "school" }, "geometry": { "type": "Point", "coordinates": [ 8.85963, 9.8629 ] } },
{ "type": "Feature", "properties": { "name": "govt secondary school korinya", "amenity": "school" }, "geometry": { "type": "Point", "coordinates": [ 8.93618, 6.93373 ] } },
{ "type": "Feature", "properties": { "name": "korinya city technical academy", "amenity": "university" }, "geometry": { "type": "Point", "coordinates": [ 8.90332, 6.9085 ] } },
{ "type": "Feature", "properties": { "name": "FCT department of mass education", "amenity": "school" }, "geometry": { "type": "Point", "coordinates": [ 7.56875, 8.82174 ] } },
{ "type": "Feature", "properties": { "name": "Mitchell School", "amenity": "school" }, "geometry": { "type": "Point", "coordinates": [ 7.57655, 8.82865 ] } },
{ "type": "Feature", "properties": { "name": "Aura Primary School", "amenity": "school" }, "geometry": { "type": "Point", "coordinates": [ 7.57973, 8.82839 ] } },
{ "type": "Feature", "properties": { "name": "Islamic Moral International School", "amenity": "school" }, "geometry": { "type": "Point", "coordinates": [ 7.57625, 8.82871 ] } },
{ "type": "Feature", "properties": { "name": "St Andrew  Nursrey and Primary School", "amenity": "school" }, "geometry": { "type": "Point", "coordinates": [ 3.32489, 7.12529 ] } },
{ "type": "Feature", "properties": { "name": "Institution of continuing education Warri", "amenity": "college" }, "geometry": { "type": "Point", "coordinates": [ 5.74684, 5.51865 ] } },
{ "type": "Feature", "properties": { "name": "adzer beke college korinya city", "amenity": "college" }, "geometry": { "type": "Point", "coordinates": [ 8.93157, 6.92329 ] } },
{ "type": "Feature", "properties": { "name": "Opi High School Opi", "amenity": "school" }, "geometry": { "type": "Point", "coordinates": [ 7.43278, 6.76185 ] } },
{ "type": "Feature", "properties": { "name": "Igwebuike Grammar School", "amenity": "school" }, "geometry": { "type": "Point", "coordinates": [ 7.66853, 6.30663 ] } },
{ "type": "Feature", "properties": { "name": "Community Primary School Obile", "amenity": "school" }, "geometry": { "type": "Point", "coordinates": [ 6.77738, 5.38503 ] } },
{ "type": "Feature", "properties": { "name": "Community Primary School Obokofia", "amenity": "school" }, "geometry": { "type": "Point", "coordinates": [ 6.80122, 5.52277 ] } },
{ "type": "Feature", "properties": { "name": "Egbema Secondary School", "amenity": "school" }, "geometry": { "type": "Point", "coordinates": [ 6.7986, 5.53865 ] } },
{ "type": "Feature", "properties": { "name": "Community Primary School Obokofia", "amenity": "school" }, "geometry": { "type": "Point", "coordinates": [ 6.80304, 5.54108 ] } },
{ "type": "Feature", "properties": { "name": "Town School Obiakpu", "amenity": "school" }, "geometry": { "type": "Point", "coordinates": [ 6.75493, 5.50379 ] } },
{ "type": "Feature", "properties": { "name": "Hussey College Warri", "amenity": "college" }, "geometry": { "type": "Point", "coordinates": [ 5.74894, 5.5237 ] } },
{ "type": "Feature", "properties": { "name": "Ikengbuwa Primary School", "amenity": "school" }, "geometry": { "type": "Point", "coordinates": [ 5.73639, 5.52794 ] } },
{ "type": "Feature", "properties": { "name": "Nana Model College, Warri", "amenity": "college" }, "geometry": { "type": "Point", "coordinates": [ 5.73988, 5.52125 ] } },
{ "type": "Feature", "properties": { "name": "Dore Numa College Warri", "amenity": "college" }, "geometry": { "type": "Point", "coordinates": [ 5.76235, 5.50749 ] } },
{ "type": "Feature", "properties": { "name": "University of Abuja", "amenity": "university" }, "geometry": { "type": "Point", "coordinates": [ 7.17701, 8.97904 ] } },
{ "type": "Feature", "properties": { "name": "Corban Nursery & Primary School", "amenity": "school" }, "geometry": { "type": "Point", "coordinates": [ 3.56268, 6.63457 ] } },
{ "type": "Feature", "properties": { "name": "Alders Town Primary School Warri", "amenity": "school" }, "geometry": { "type": "Point", "coordinates": [ 5.75365, 5.51108 ] } },
{ "type": "Feature", "properties": { "name": "Awwaliyya Nursery and Primary School Annex 2", "amenity": "school" }, "geometry": { "type": "Point", "coordinates": [ 7.60182, 9.0094 ] } },
{ "type": "Feature", "properties": { "name": "Higer Ground international academic pil Gani", "amenity": "school" }, "geometry": { "type": "Point", "coordinates": [ 9.88979, 9.19202 ] } },
{ "type": "Feature", "properties": { "name": "St. John School", "amenity": "school" }, "geometry": { "type": "Point", "coordinates": [ 3.51581, 6.53745 ] } },
{ "type": "Feature", "properties": { "name": "Agog Private Schools", "amenity": "school" }, "geometry": { "type": "Point", "coordinates": [ 3.51721, 6.53736 ] } },
{ "type": "Feature", "properties": { "name": "Reri Secoundry School", "amenity": "college" }, "geometry": { "type": "Point", "coordinates": [ 3.51824, 6.53917 ] } },
{ "type": "Feature", "properties": { "name": "Lassandi Primary School", "amenity": "school" }, "geometry": { "type": "Point", "coordinates": [ 11.35866, 8.94458 ] } },
{ "type": "Feature", "properties": { "name": "Believers High School", "amenity": "school" }, "geometry": { "type": "Point", "coordinates": [ 8.86369, 9.8653 ] } },
{ "type": "Feature", "properties": { "name": "Windsor Locks School", "amenity": "school" }, "geometry": { "type": "Point", "coordinates": [ 7.40415, 9.07323 ] } },
{ "type": "Feature", "properties": { "name": "African Church Grammar School", "amenity": "school" }, "geometry": { "type": "Point", "coordinates": [ 5.79691, 7.46086 ] } },
{ "type": "Feature", "properties": { "name": "Ebunoluwa International School", "amenity": "school" }, "geometry": { "type": "Point", "coordinates": [ 4.51039, 7.77711 ] } },
{ "type": "Feature", "properties": { "name": "Federal University of Petroleum Resources", "amenity": "university" }, "geometry": { "type": "Point", "coordinates": [ 5.83934, 5.57146 ] } },
{ "type": "Feature", "properties": { "name": "Meadow Hall School", "amenity": "school" }, "geometry": { "type": "Point", "coordinates": [ 3.4382, 6.44418 ] } },
{ "type": "Feature", "properties": { "name": "Government Science College Basaura", "amenity": "school" }, "geometry": { "type": "Point", "coordinates": [ 4.26063, 12.32037 ] } },
{ "type": "Feature", "properties": { "name": "casher office", "amenity": "school" }, "geometry": { "type": "Point", "coordinates": [ 9.8782, 9.1872 ] } },
{ "type": "Feature", "properties": { "name": "Laboratory", "amenity": "school" }, "geometry": { "type": "Point", "coordinates": [ 9.8789, 9.18709 ] } },
{ "type": "Feature", "properties": { "name": "Government Day Secondary School (GDSS) Howei", "amenity": "school" }, "geometry": { "type": "Point", "coordinates": [ 11.36922, 8.95743 ] } },
{ "type": "Feature", "properties": { "name": "UPWA International Secondary School", "amenity": "school" }, "geometry": { "type": "Point", "coordinates": [ 6.91268, 4.90295 ] } },
{ "type": "Feature", "properties": { "name": "Almannar Academy Kado", "amenity": "school" }, "geometry": { "type": "Point", "coordinates": [ 7.41328, 9.08322 ] } },
{ "type": "Feature", "properties": { "name": "Oil and Gas Polytechnic,", "amenity": "college" }, "geometry": { "type": "Point", "coordinates": [ 7.1935, 4.43167 ] } },
{ "type": "Feature", "properties": { "name": "class rooms", "amenity": "school" }, "geometry": { "type": "Point", "coordinates": [ 9.87863, 9.18691 ] } },
{ "type": "Feature", "properties": { "name": "class rooms", "amenity": "school" }, "geometry": { "type": "Point", "coordinates": [ 9.8782, 9.18679 ] } },
{ "type": "Feature", "properties": { "name": "Government Secondary School", "amenity": "school" }, "geometry": { "type": "Point", "coordinates": [ 7.50438, 8.97307 ] } },
{ "type": "Feature", "properties": { "name": "Kirfin Sama Primary School", "amenity": "school" }, "geometry": { "type": "Point", "coordinates": [ 10.42101, 10.40785 ] } },
{ "type": "Feature", "properties": { "name": "LEA Primary and Secondary School, Galadinma", "amenity": "school" }, "geometry": { "type": "Point", "coordinates": [ 7.38574, 9.11715 ] } },
{ "type": "Feature", "properties": { "name": "pilot primary school pil gani", "amenity": "school" }, "geometry": { "type": "Point", "coordinates": [ 9.88284, 9.19745 ] } },
{ "type": "Feature", "properties": { "name": "COMPOREHENSIVE DAY GABKKA.", "amenity": "school" }, "geometry": { "type": "Point", "coordinates": [ 11.16299, 10.27193 ] } },
{ "type": "Feature", "properties": { "name": "Emewha Primary School", "amenity": "school" }, "geometry": { "type": "Point", "coordinates": [ 6.12256, 5.51804 ] } },
{ "type": "Feature", "properties": { "name": "creative minds Internationa school", "amenity": "school" }, "geometry": { "type": "Point", "coordinates": [ 8.85897, 9.85963 ] } },
{ "type": "Feature", "properties": { "name": "Block Of Classrooms", "amenity": "university" }, "geometry": { "type": "Point", "coordinates": [ 7.4412, 10.60948 ] } },
{ "type": "Feature", "properties": { "name": "AFIT Electrical Electronics Departmen", "amenity": "university" }, "geometry": { "type": "Point", "coordinates": [ 7.44055, 10.61081 ] } },
{ "type": "Feature", "properties": { "name": "Hall A, Hall B", "amenity": "university" }, "geometry": { "type": "Point", "coordinates": [ 7.44003, 10.61158 ] } },
{ "type": "Feature", "properties": { "name": "Civil and Environmental Engineering Department (CEED)", "amenity": "university" }, "geometry": { "type": "Point", "coordinates": [ 7.44337, 10.60994 ] } },
{ "type": "Feature", "properties": { "name": "Anglican Girls Grammar School", "amenity": "school" }, "geometry": { "type": "Point", "coordinates": [ 7.47412, 9.0097 ] } },
{ "type": "Feature", "properties": { "name": "Hall C", "amenity": "university" }, "geometry": { "type": "Point", "coordinates": [ 7.43995, 10.61192 ] } },
{ "type": "Feature", "properties": { "name": "Air Force Girls Comprehensive School", "amenity": "school" }, "geometry": { "type": "Point", "coordinates": [ 7.26373, 8.97841 ] } },
{ "type": "Feature", "properties": { "name": "Hill crest Schools", "amenity": "school" }, "geometry": { "type": "Point", "coordinates": [ 8.88276, 9.89402 ] } },
{ "type": "Feature", "properties": { "name": "St Lukes", "amenity": "school" }, "geometry": { "type": "Point", "coordinates": [ 8.86207, 9.86871 ] } },
{ "type": "Feature", "properties": { "name": "GSS kufang", "amenity": "school" }, "geometry": { "type": "Point", "coordinates": [ 8.85658, 9.86892 ] } },
{ "type": "Feature", "properties": { "name": "Educare Private Schools", "amenity": "school" }, "geometry": { "type": "Point", "coordinates": [ 8.86662, 9.861 ] } },
{ "type": "Feature", "properties": { "name": "MECHANICAL & AEROSPACE GROUND ENGINEERING", "amenity": "university" }, "geometry": { "type": "Point", "coordinates": [ 7.44145, 10.60885 ] } },
{ "type": "Feature", "properties": { "name": "Ave Maria International Academy", "amenity": "school" }, "geometry": { "type": "Point", "coordinates": [ 7.05086, 4.8644 ] } },
{ "type": "Feature", "properties": { "name": "Children's International School", "amenity": "school" }, "geometry": { "type": "Point", "coordinates": [ 3.48414, 6.44951 ] } },
{ "type": "Feature", "properties": { "name": "Faculty of Natural Science", "amenity": "university" }, "geometry": { "type": "Point", "coordinates": [ 8.89104, 9.9499 ] } },
{ "type": "Feature", "properties": { "name": "Bells Univerisity of Technology", "amenity": "university" }, "geometry": { "type": "Point", "coordinates": [ 3.17062, 6.6868 ] } },
{ "type": "Feature", "properties": { "name": "Union Baptist Church, Nursery and Primary School", "amenity": "school" }, "geometry": { "type": "Point", "coordinates": [ 4.48068, 7.72607 ] } },
{ "type": "Feature", "properties": { "name": "Evonae School", "amenity": "school" }, "geometry": { "type": "Point", "coordinates": [ 3.14502, 6.47737 ] } },
{ "type": "Feature", "properties": { "name": "ADENIRAN MEMORIAL GRAMMAR SCHOOL", "amenity": "school" }, "geometry": { "type": "Point", "coordinates": [ 4.21148, 8.13593 ] } },
{ "type": "Feature", "properties": { "name": "All Saints' School", "amenity": "school" }, "geometry": { "type": "Point", "coordinates": [ 7.4698, 9.05894 ] } },
{ "type": "Feature", "properties": { "name": "Community school Nnarambia(Anyanonu)", "amenity": "school" }, "geometry": { "type": "Point", "coordinates": [ 7.26859, 5.51727 ] } },
{ "type": "Feature", "properties": { "name": "De Dynamic Comprehensive College", "amenity": "school" }, "geometry": { "type": "Point", "coordinates": [ 3.2491, 6.69151 ] } },
{ "type": "Feature", "properties": { "name": "Air Force Research And Development Centre (AFRDC)", "amenity": "university" }, "geometry": { "type": "Point", "coordinates": [ 7.44257, 10.61071 ] } },
{ "type": "Feature", "properties": { "name": "AFIT Armament Engineering Department", "amenity": "university" }, "geometry": { "type": "Point", "coordinates": [ 7.4435, 10.6112 ] } },
{ "type": "Feature", "properties": { "name": "IBB School Minna", "amenity": "school" }, "geometry": { "type": "Point", "coordinates": [ 6.55114, 9.62313 ] } },
{ "type": "Feature", "properties": { "name": "Hilltop Primary School Ubah Umuakah", "amenity": "school" }, "geometry": { "type": "Point", "coordinates": [ 7.01747, 5.67367 ] } },
{ "type": "Feature", "properties": { "name": "First Class Grammar School", "amenity": "school" }, "geometry": { "type": "Point", "coordinates": [ 4.52726, 7.77628 ] } },
{ "type": "Feature", "properties": { "name": "Nigerian Law School", "amenity": "university" }, "geometry": { "type": "Point", "coordinates": [ 3.42776, 6.43834 ] } },
{ "type": "Feature", "properties": { "name": "Jafaru LEA Primary School Playground", "amenity": "school" }, "geometry": { "type": "Point", "coordinates": [ 7.73449, 11.1104 ] } },
{ "type": "Feature", "properties": { "name": "University of Port Harcourt Demostration Secondary School", "amenity": "school" }, "geometry": { "type": "Point", "coordinates": [ 6.91013, 4.91064 ] } },
{ "type": "Feature", "properties": { "name": "CMS Grammar School", "amenity": "school" }, "geometry": { "type": "Point", "coordinates": [ 3.3875, 6.53314 ] } },
{ "type": "Feature", "properties": { "name": "Premiere Academy (School Number 1)", "amenity": "school" }, "geometry": { "type": "Point", "coordinates": [ 7.35491, 8.98691 ] } },
{ "type": "Feature", "properties": { "name": "Day Waterman College", "amenity": "school" }, "geometry": { "type": "Point", "coordinates": [ 3.48986, 7.02397 ] } },
{ "type": "Feature", "properties": { "name": "Dietams International Secondary School", "amenity": "school" }, "geometry": { "type": "Point", "coordinates": [ 7.03426, 4.79714 ] } },
{ "type": "Feature", "properties": { "name": "Word of Faith Group of Schools Classroom", "amenity": "school" }, "geometry": { "type": "Point", "coordinates": [ 7.04933, 4.82514 ] } },
{ "type": "Feature", "properties": { "name": "Lagos Preparatory School", "amenity": "school" }, "geometry": { "type": "Point", "coordinates": [ 3.43689, 6.45306 ] } },
{ "type": "Feature", "properties": { "name": "Institute of Petroleum Studies", "amenity": "university" }, "geometry": { "type": "Point", "coordinates": [ 6.91588, 4.89407 ] } },
{ "type": "Feature", "properties": { "name": "Isemi Ile Grammar School", "amenity": "school" }, "geometry": { "type": "Point", "coordinates": [ 3.37501, 7.99826 ] } },
{ "type": "Feature", "properties": { "name": "ADS Primaryy School Isemi Ile", "amenity": "school" }, "geometry": { "type": "Point", "coordinates": [ 3.37446, 7.99246 ] } },
{ "type": "Feature", "properties": { "name": "Netherlands International School Lagos", "amenity": "school" }, "geometry": { "type": "Point", "coordinates": [ 3.40675, 6.43901 ] } },
{ "type": "Feature", "properties": { "name": "New Horizons Nigeria Ikeja Campus", "amenity": "school" }, "geometry": { "type": "Point", "coordinates": [ 3.34002, 6.59774 ] } },
{ "type": "Feature", "properties": { "name": "Police College Ikeja", "amenity": "school" }, "geometry": { "type": "Point", "coordinates": [ 3.35004, 6.58918 ] } },
{ "type": "Feature", "properties": { "name": "Greenwood House School", "amenity": "school" }, "geometry": { "type": "Point", "coordinates": [ 3.4465, 6.46081 ] } },
{ "type": "Feature", "properties": { "name": "Saint Saviour's School Ikoyi", "amenity": "school" }, "geometry": { "type": "Point", "coordinates": [ 3.4504, 6.44759 ] } },
{ "type": "Feature", "properties": { "name": "Rumuekini primary school", "amenity": "school" }, "geometry": { "type": "Point", "coordinates": [ 6.94148, 4.88305 ] } },
{ "type": "Feature", "properties": { "name": "Lagos Business School", "amenity": "college" }, "geometry": { "type": "Point", "coordinates": [ 3.60342, 6.47223 ] } },
{ "type": "Feature", "properties": { "name": "Greater Scholars International School", "amenity": "school" }, "geometry": { "type": "Point", "coordinates": [ 3.58812, 6.46603 ] } },
{ "type": "Feature", "properties": { "name": "University of Lagos", "amenity": "university" }, "geometry": { "type": "Point", "coordinates": [ 3.39414, 6.51201 ] } },
{ "type": "Feature", "properties": { "name": "American International School Lagos", "amenity": "school" }, "geometry": { "type": "Point", "coordinates": [ 3.43451, 6.4369 ] } },
{ "type": "Feature", "properties": { "name": "Government Junior College Victoria Island", "amenity": "college" }, "geometry": { "type": "Point", "coordinates": [ 3.41333, 6.43342 ] } },
{ "type": "Feature", "properties": { "name": "King's College \"Annex\" Victoria Island Campus", "amenity": "college" }, "geometry": { "type": "Point", "coordinates": [ 3.42612, 6.43629 ] } },
{ "type": "Feature", "properties": { "name": "Avi-Cenna International School", "amenity": "school" }, "geometry": { "type": "Point", "coordinates": [ 3.35236, 6.58791 ] } },
{ "type": "Feature", "properties": { "name": "Methodist Boys' High School", "amenity": "school" }, "geometry": { "type": "Point", "coordinates": [ 3.43565, 6.42752 ] } },
{ "type": "Feature", "properties": { "name": "Lycée Français Louis Pasteur", "amenity": "school" }, "geometry": { "type": "Point", "coordinates": [ 3.436, 6.42647 ] } },
{ "type": "Feature", "properties": { "name": "Divine Mercy Secondary School", "amenity": "school" }, "geometry": { "type": "Point", "coordinates": [ 7.51049, 9.04918 ] } },
{ "type": "Feature", "properties": { "name": "College of Basic and Remedial Studies, Kaduna State University", "amenity": "university" }, "geometry": { "type": "Point", "coordinates": [ 7.43274, 10.50673 ] } },
{ "type": "Feature", "properties": { "name": "FAMAKS British School", "amenity": "school" }, "geometry": { "type": "Point", "coordinates": [ 7.4669, 10.57921 ] } },
{ "type": "Feature", "properties": { "name": "Corona School Victoria Island", "amenity": "school" }, "geometry": { "type": "Point", "coordinates": [ 3.41333, 6.43408 ] } },
{ "type": "Feature", "properties": { "name": "Kashim Ibrahim University", "amenity": "university" }, "geometry": { "type": "Point", "coordinates": [ 13.00127, 11.84305 ] } },
{ "type": "Feature", "properties": { "name": "Sea School", "amenity": "school" }, "geometry": { "type": "Point", "coordinates": [ 3.34976, 6.42912 ] } },
{ "type": "Feature", "properties": { "name": "Sokoto State Polytechnic", "amenity": "university" }, "geometry": { "type": "Point", "coordinates": [ 5.20059, 13.0165 ] } },
{ "type": "Feature", "properties": { "name": "Ladoke Akintola University of Technology Teaching Hospital", "amenity": "university" }, "geometry": { "type": "Point", "coordinates": [ 4.25267, 8.15225 ] } },
{ "type": "Feature", "properties": { "name": "American University of Nigeria", "amenity": "university" }, "geometry": { "type": "Point", "coordinates": [ 12.50076, 9.19135 ] } },
{ "type": "Feature", "properties": { "name": "National Defence College", "amenity": "college" }, "geometry": { "type": "Point", "coordinates": [ 7.48736, 9.04747 ] } },
{ "type": "Feature", "properties": { "name": "Federal University of Technology, Minna", "amenity": "university" }, "geometry": { "type": "Point", "coordinates": [ 6.4469, 9.53101 ] } },
{ "type": "Feature", "properties": { "name": "Baptist Primary School Isemi Ile", "amenity": "school" }, "geometry": { "type": "Point", "coordinates": [ 3.37287, 7.99006 ] } },
{ "type": "Feature", "properties": { "name": "Lagos State Polytechnic", "amenity": "university" }, "geometry": { "type": "Point", "coordinates": [ 3.33386, 6.52949 ] } },
{ "type": "Feature", "properties": { "name": "Essence International School African Heritage Village", "amenity": "school" }, "geometry": { "type": "Point", "coordinates": [ 7.45506, 10.53602 ] } },
{ "type": "Feature", "properties": { "name": "Zamani College", "amenity": "school" }, "geometry": { "type": "Point", "coordinates": [ 7.46687, 10.54829 ] } },
{ "type": "Feature", "properties": { "name": "Legacy School", "amenity": "school" }, "geometry": { "type": "Point", "coordinates": [ 7.46976, 10.53488 ] } },
{ "type": "Feature", "properties": { "name": "Madarasatu Tarbiyyatul Islam", "amenity": "school" }, "geometry": { "type": "Point", "coordinates": [ 7.46495, 10.54102 ] } },
{ "type": "Feature", "properties": { "name": "Mary Travis", "amenity": "school" }, "geometry": { "type": "Point", "coordinates": [ 7.46353, 10.54194 ] } },
{ "type": "Feature", "properties": { "name": "Hassan Usman Katsina Polytechnic", "amenity": "university" }, "geometry": { "type": "Point", "coordinates": [ 7.59221, 12.92282 ] } },
{ "type": "Feature", "properties": { "name": "Marubeni CSR School", "amenity": "school" }, "geometry": { "type": "Point", "coordinates": [ 5.68811, 6.41503 ] } },
{ "type": "Feature", "properties": { "name": "Ideani Community Secondary School", "amenity": "school" }, "geometry": { "type": "Point", "coordinates": [ 6.93248, 6.08938 ] } },
{ "type": "Feature", "properties": { "name": "LEA Maiduguri Road", "amenity": "school" }, "geometry": { "type": "Point", "coordinates": [ 7.43434, 10.50531 ] } },
{ "type": "Feature", "properties": { "name": "Covenant University", "amenity": "university" }, "geometry": { "type": "Point", "coordinates": [ 3.1587, 6.6713 ] } },
{ "type": "Feature", "properties": { "name": "Babcock University", "amenity": "university" }, "geometry": { "type": "Point", "coordinates": [ 3.72297, 6.89 ] } },
{ "type": "Feature", "properties": { "name": "African univeristy of science and technology", "amenity": "school" }, "geometry": { "type": "Point", "coordinates": [ 7.42604, 8.99753 ] } },
{ "type": "Feature", "properties": { "name": "International Community School", "amenity": "school" }, "geometry": { "type": "Point", "coordinates": [ 7.41613, 9.05332 ] } },
{ "type": "Feature", "properties": { "name": "Isiyaka Rabiu College of Quranic Studies", "amenity": "university" }, "geometry": { "type": "Point", "coordinates": [ 8.49481, 11.97864 ] } },
{ "type": "Feature", "properties": { "name": "University Primary School", "amenity": "school" }, "geometry": { "type": "Point", "coordinates": [ 7.40515, 6.86053 ] } },
{ "type": "Feature", "properties": { "name": "sasa community school", "amenity": "school" }, "geometry": { "type": "Point", "coordinates": [ 3.91306, 7.48567 ] } },
{ "type": "Feature", "properties": { "name": "Moremi High School", "amenity": "school" }, "geometry": { "type": "Point", "coordinates": [ 4.54513, 7.51146 ] } },
{ "type": "Feature", "properties": { "name": "GIWEO INTERNATIONAL ACADEMY", "amenity": "school" }, "geometry": { "type": "Point", "coordinates": [ 6.92205, 4.92473 ] } },
{ "type": "Feature", "properties": { "name": "Postgraduate College", "amenity": "college" }, "geometry": { "type": "Point", "coordinates": [ 4.53, 7.51623 ] } },
{ "type": "Feature", "properties": { "name": "STT&T", "amenity": "school" }, "geometry": { "type": "Point", "coordinates": [ 3.3509, 6.57435 ] } },
{ "type": "Feature", "properties": { "name": "Fadil School Adewumi", "amenity": "school" }, "geometry": { "type": "Point", "coordinates": [ 4.03666, 7.45326 ] } },
{ "type": "Feature", "properties": { "name": "Idi-Ito High School", "amenity": "school" }, "geometry": { "type": "Point", "coordinates": [ 4.05771, 7.45373 ] } },
{ "type": "Feature", "properties": { "name": "St Peter Ojuolape", "amenity": "school" }, "geometry": { "type": "Point", "coordinates": [ 4.03065, 7.44708 ] } },
{ "type": "Feature", "properties": { "name": "The Rock Montessori School", "amenity": "school" }, "geometry": { "type": "Point", "coordinates": [ 3.47189, 6.44009 ] } },
{ "type": "Feature", "properties": { "name": "L.G. Primary School", "amenity": "school" }, "geometry": { "type": "Point", "coordinates": [ 5.84041, 8.26293 ] } },
{ "type": "Feature", "properties": { "name": "Chukwuemeka Odumegwu Ojukwu University, Uli", "amenity": "school" }, "geometry": { "type": "Point", "coordinates": [ 6.8351, 5.76932 ] } },
{ "type": "Feature", "properties": { "name": "Abbot Boys Secondary School Ihiala", "amenity": "school" }, "geometry": { "type": "Point", "coordinates": [ 6.85852, 5.83854 ] } },
{ "type": "Feature", "properties": { "name": "Gwange III Primary School", "amenity": "school" }, "geometry": { "type": "Point", "coordinates": [ 13.17152, 11.8267 ] } },
{ "type": "Feature", "properties": { "name": "E.C.W.A. Primary School", "amenity": "school" }, "geometry": { "type": "Point", "coordinates": [ 5.84329, 8.25987 ] } },
{ "type": "Feature", "properties": { "name": "Eloba International School", "amenity": "school" }, "geometry": { "type": "Point", "coordinates": [ 5.76829, 5.55832 ] } },
{ "type": "Feature", "properties": { "name": "New Era Model School", "amenity": "school" }, "geometry": { "type": "Point", "coordinates": [ 5.77684, 5.55736 ] } },
{ "type": "Feature", "properties": { "name": "St. Steven School", "amenity": "school" }, "geometry": { "type": "Point", "coordinates": [ 5.77321, 5.55679 ] } },
{ "type": "Feature", "properties": { "name": "Word of Faith Group of School", "amenity": "school" }, "geometry": { "type": "Point", "coordinates": [ 5.77012, 5.56083 ] } },
{ "type": "Feature", "properties": { "name": "Federal Government College Warri", "amenity": "college" }, "geometry": { "type": "Point", "coordinates": [ 5.72345, 5.53113 ] } },
{ "type": "Feature", "properties": { "name": "Kadawa Primary School", "amenity": "college" }, "geometry": { "type": "Point", "coordinates": [ 10.46646, 12.87845 ] } },
{ "type": "Feature", "properties": { "name": "Noble International Comprehensive Academy", "amenity": "school" }, "geometry": { "type": "Point", "coordinates": [ 6.72773, 5.05703 ] } },
{ "type": "Feature", "properties": { "name": "Victoria Island Nursery & Primary School", "amenity": "school" }, "geometry": { "type": "Point", "coordinates": [ 3.43868, 6.43637 ] } },
{ "type": "Feature", "properties": { "name": "Kalabari National College", "amenity": "college" }, "geometry": { "type": "Point", "coordinates": [ 6.85722, 4.74024 ] } },
{ "type": "Feature", "properties": { "name": "CPS Ndiofutu", "amenity": "school" }, "geometry": { "type": "Point", "coordinates": [ 8.29795, 6.16546 ] } },
{ "type": "Feature", "properties": { "name": "National High School,Obuda-Aba", "amenity": "school" }, "geometry": { "type": "Point", "coordinates": [ 7.34789, 5.09075 ] } },
{ "type": "Feature", "properties": { "name": "Al-Hikmah University, Ilorin", "amenity": "university" }, "geometry": { "type": "Point", "coordinates": [ 4.50436, 8.48141 ] } },
{ "type": "Feature", "properties": { "name": "Westwood Park School, Jos", "amenity": "school" }, "geometry": { "type": "Point", "coordinates": [ 8.88736, 9.86833 ] } },
{ "type": "Feature", "properties": { "name": "Rochas Foundation College, Jos", "amenity": "school" }, "geometry": { "type": "Point", "coordinates": [ 8.87686, 9.87715 ] } },
{ "type": "Feature", "properties": { "name": "Hope and Ireti Primary Schools", "amenity": "school" }, "geometry": { "type": "Point", "coordinates": [ 3.43647, 6.44408 ] } },
{ "type": "Feature", "properties": { "name": "Corona Primary School Ikoyi", "amenity": "school" }, "geometry": { "type": "Point", "coordinates": [ 3.43701, 6.44415 ] } },
{ "type": "Feature", "properties": { "name": "Neander International School", "amenity": "school" }, "geometry": { "type": "Point", "coordinates": [ 3.94112, 6.57234 ] } },
{ "type": "Feature", "properties": { "name": "School field", "amenity": "school" }, "geometry": { "type": "Point", "coordinates": [ 6.90421, 4.88433 ] } },
{ "type": "Feature", "properties": { "name": "Open Heaven Academy", "amenity": "school" }, "geometry": { "type": "Point", "coordinates": [ 6.91341, 4.87702 ] } },
{ "type": "Feature", "properties": { "name": "Crisland School Lekki", "amenity": "school" }, "geometry": { "type": "Point", "coordinates": [ 3.47042, 6.44698 ] } },
{ "type": "Feature", "properties": { "name": "Lekki British Junior School", "amenity": "school" }, "geometry": { "type": "Point", "coordinates": [ 3.47145, 6.4452 ] } },
{ "type": "Feature", "properties": { "name": "Lekki British School", "amenity": "school" }, "geometry": { "type": "Point", "coordinates": [ 3.47099, 6.44412 ] } },
{ "type": "Feature", "properties": { "name": "Lagoon School", "amenity": "school" }, "geometry": { "type": "Point", "coordinates": [ 3.46774, 6.43469 ] } },
{ "type": "Feature", "properties": { "name": "Federal Polytechnic Ilaro", "amenity": "university" }, "geometry": { "type": "Point", "coordinates": [ 2.98315, 6.89505 ] } },
{ "type": "Feature", "properties": { "name": "Enrico Mattei Italian International School Lagos", "amenity": "school" }, "geometry": { "type": "Point", "coordinates": [ 3.46574, 6.44494 ] } },
{ "type": "Feature", "properties": { "name": "Universal basic education", "amenity": "school" }, "geometry": { "type": "Point", "coordinates": [ 13.13858, 11.83534 ] } },
{ "type": "Feature", "properties": { "name": "Ramat College Polytechnic Maiduguri", "amenity": "university" }, "geometry": { "type": "Point", "coordinates": [ 13.13256, 11.83789 ] } },
{ "type": "Feature", "properties": { "name": "Ocean Crest School", "amenity": "school" }, "geometry": { "type": "Point", "coordinates": [ 3.46574, 6.42854 ] } },
{ "type": "Feature", "properties": { "name": "Kashim Ibrahim College", "amenity": "university" }, "geometry": { "type": "Point", "coordinates": [ 13.12724, 11.83647 ] } },
{ "type": "Feature", "properties": { "name": "Yerma - Government Girls Secondary School (GGSS)", "amenity": "school" }, "geometry": { "type": "Point", "coordinates": [ 13.11964, 11.83531 ] } },
{ "type": "Feature", "properties": { "name": "College of Islamic Theology - Elkanemi", "amenity": "college" }, "geometry": { "type": "Point", "coordinates": [ 13.11233, 11.83294 ] } },
{ "type": "Feature", "properties": { "name": "Government Girls College", "amenity": "university" }, "geometry": { "type": "Point", "coordinates": [ 13.14155, 11.83343 ] } },
{ "type": "Feature", "properties": { "name": "Islamic School", "amenity": "kindergarten" }, "geometry": { "type": "Point", "coordinates": [ 13.16087, 11.82216 ] } },
{ "type": "Feature", "properties": { "name": "Lagos State University", "amenity": "university" }, "geometry": { "type": "Point", "coordinates": [ 3.19995, 6.47379 ] } },
{ "type": "Feature", "properties": { "name": "Home Science Association Nursery & Primary School Ikoyi", "amenity": "school" }, "geometry": { "type": "Point", "coordinates": [ 3.44522, 6.45119 ] } },
{ "type": "Feature", "properties": { "name": "St. John Paul II School", "amenity": "school" }, "geometry": { "type": "Point", "coordinates": [ 3.42719, 6.45659 ] } },
{ "type": "Feature", "properties": { "name": "Banana Island School", "amenity": "school" }, "geometry": { "type": "Point", "coordinates": [ 3.45394, 6.46375 ] } },
{ "type": "Feature", "properties": { "name": "Government Day Secondary School Yandaka", "amenity": "school" }, "geometry": { "type": "Point", "coordinates": [ 7.586, 12.97835 ] } },
{ "type": "Feature", "properties": { "name": "Umar Musa Yaraddua University, Katsina", "amenity": "university" }, "geometry": { "type": "Point", "coordinates": [ 7.57232, 12.89002 ] } },
{ "type": "Feature", "properties": { "name": "College of Arabic and Islamic Studies", "amenity": "school" }, "geometry": { "type": "Point", "coordinates": [ 7.60002, 12.97778 ] } },
{ "type": "Feature", "properties": { "name": "Little Angel Schools", "amenity": "school" }, "geometry": { "type": "Point", "coordinates": [ 7.63038, 13.00425 ] } },
{ "type": "Feature", "properties": { "name": "National Open University of Nigeria", "amenity": "university" }, "geometry": { "type": "Point", "coordinates": [ 3.40958, 6.43422 ] } },
{ "type": "Feature", "properties": { "name": "FUTA SECONDARY SCHOOL", "amenity": "school" }, "geometry": { "type": "Point", "coordinates": [ 5.14918, 7.29388 ] } },
{ "type": "Feature", "properties": { "name": "Baptist High School", "amenity": "college" }, "geometry": { "type": "Point", "coordinates": [ 5.61088, 6.34869 ] } },
{ "type": "Feature", "properties": { "name": "Baptist College Of Theology", "amenity": "college" }, "geometry": { "type": "Point", "coordinates": [ 5.61152, 6.34885 ] } },
{ "type": "Feature", "properties": { "name": "Zonal Advanced Spaced Applications Laboratory", "amenity": "university" }, "geometry": { "type": "Point", "coordinates": [ 8.43026, 11.97485 ] } },
{ "type": "Feature", "properties": { "name": "Security Office", "amenity": "university" }, "geometry": { "type": "Point", "coordinates": [ 8.42883, 11.96821 ] } },
{ "type": "Feature", "properties": { "name": "Security Office", "amenity": "university" }, "geometry": { "type": "Point", "coordinates": [ 8.42857, 11.96823 ] } },
{ "type": "Feature", "properties": { "name": "Dangote Business School", "amenity": "university" }, "geometry": { "type": "Point", "coordinates": [ 8.42715, 11.96721 ] } },
{ "type": "Feature", "properties": { "name": "Laboratory & Learning Resource Centre", "amenity": "university" }, "geometry": { "type": "Point", "coordinates": [ 8.43051, 11.97299 ] } },
{ "type": "Feature", "properties": { "name": "Kwara State University", "amenity": "university" }, "geometry": { "type": "Point", "coordinates": [ 4.48251, 8.72122 ] } },
{ "type": "Feature", "properties": { "name": "Department of Sociology and Geography", "amenity": "university" }, "geometry": { "type": "Point", "coordinates": [ 8.43002, 11.97163 ] } },
{ "type": "Feature", "properties": { "name": "Department of Education", "amenity": "university" }, "geometry": { "type": "Point", "coordinates": [ 8.42972, 11.97374 ] } },
{ "type": "Feature", "properties": { "name": "Centre for Research in Nigeria Languages and Folklore", "amenity": "university" }, "geometry": { "type": "Point", "coordinates": [ 8.43007, 11.97136 ] } },
{ "type": "Feature", "properties": { "name": "Centre for African Entrepreneurship Research & Traininng", "amenity": "university" }, "geometry": { "type": "Point", "coordinates": [ 8.42893, 11.97426 ] } },
{ "type": "Feature", "properties": { "name": "Bayero University Kano", "amenity": "university" }, "geometry": { "type": "Point", "coordinates": [ 8.42529, 11.971 ] } },
{ "type": "Feature", "properties": { "name": "Department of Business Administration and Entrepreneurship", "amenity": "university" }, "geometry": { "type": "Point", "coordinates": [ 8.42871, 11.97374 ] } },
{ "type": "Feature", "properties": { "name": "QUEEN HANNAHBEL DEMOSTRATION SHCOOL", "amenity": "school" }, "geometry": { "type": "Point", "coordinates": [ 5.62758, 6.35879 ] } },
{ "type": "Feature", "properties": { "name": "Oxonian Academy", "amenity": "school" }, "geometry": { "type": "Point", "coordinates": [ 5.63827, 6.37652 ] } },
{ "type": "Feature", "properties": { "name": "Faculty of Education Complex", "amenity": "university" }, "geometry": { "type": "Point", "coordinates": [ 8.43032, 11.97278 ] } },
{ "type": "Feature", "properties": { "name": "Faculty of Computer Science & Information Technology/Centre for Information Technology", "amenity": "university" }, "geometry": { "type": "Point", "coordinates": [ 8.42479, 11.97462 ] } },
{ "type": "Feature", "properties": { "name": "Abbas Maje Nassarawa Secondary Secondary", "amenity": "school" }, "geometry": { "type": "Point", "coordinates": [ 8.5361, 12.03303 ] } },
{ "type": "Feature", "properties": { "name": "Abbas Maje Nassarawa Secondary Secondary", "amenity": "school" }, "geometry": { "type": "Point", "coordinates": [ 8.53603, 12.03308 ] } },
{ "type": "Feature", "properties": { "name": "Bayero University Kano", "amenity": "university" }, "geometry": { "type": "Point", "coordinates": [ 8.47766, 11.98099 ] } },
{ "type": "Feature", "properties": { "name": "Prime Collage International", "amenity": "school" }, "geometry": { "type": "Point", "coordinates": [ 8.55729, 11.99425 ] } },
{ "type": "Feature", "properties": { "name": "Government School", "amenity": "school" }, "geometry": { "type": "Point", "coordinates": [ 8.55778, 11.99444 ] } },
{ "type": "Feature", "properties": { "name": "Hudaibiyya Primary School", "amenity": "school" }, "geometry": { "type": "Point", "coordinates": [ 8.52053, 11.97422 ] } },
{ "type": "Feature", "properties": { "name": "Centre for Excellence", "amenity": "university" }, "geometry": { "type": "Point", "coordinates": [ 8.42756, 11.97056 ] } },
{ "type": "Feature", "properties": { "name": "Federal College of Education, Obudu", "amenity": "college" }, "geometry": { "type": "Point", "coordinates": [ 9.17303, 6.67908 ] } },
{ "type": "Feature", "properties": { "name": "Zonal Advanced Spaced Applications Laboratory", "amenity": "university" }, "geometry": { "type": "Point", "coordinates": [ 8.42959, 11.97585 ] } },
{ "type": "Feature", "properties": { "name": "Zonal Advanced Spaced Applications Laboratory", "amenity": "university" }, "geometry": { "type": "Point", "coordinates": [ 8.42995, 11.97554 ] } },
{ "type": "Feature", "properties": { "name": "Zonal Advanced Spaced Applications Laboratory", "amenity": "university" }, "geometry": { "type": "Point", "coordinates": [ 8.42926, 11.97525 ] } },
{ "type": "Feature", "properties": { "name": "Zonal Advanced Spaced Applications Laboratory", "amenity": "university" }, "geometry": { "type": "Point", "coordinates": [ 8.42988, 11.97535 ] } },
{ "type": "Feature", "properties": { "name": "Baga primary school", "amenity": "college" }, "geometry": { "type": "Point", "coordinates": [ 13.8201, 13.09441 ] } },
{ "type": "Feature", "properties": { "name": "College of Education", "amenity": "university" }, "geometry": { "type": "Point", "coordinates": [ 10.21521, 11.68037 ] } },
{ "type": "Feature", "properties": { "name": "Public Primary School", "amenity": "school" }, "geometry": { "type": "Point", "coordinates": [ 3.91957, 7.36402 ] } },
{ "type": "Feature", "properties": { "name": "Makarantar Galadima", "amenity": "school" }, "geometry": { "type": "Point", "coordinates": [ 8.51388, 11.98865 ] } },
{ "type": "Feature", "properties": { "name": "Zonal Advanced Spaced Applications Laboratory", "amenity": "university" }, "geometry": { "type": "Point", "coordinates": [ 8.4305, 11.9755 ] } },
{ "type": "Feature", "properties": { "name": "Olumayokun Nursery and Primary School", "amenity": "school" }, "geometry": { "type": "Point", "coordinates": [ 4.79862, 8.27739 ] } },
{ "type": "Feature", "properties": { "name": "Federal College of Education Pankshin", "amenity": "school" }, "geometry": { "type": "Point", "coordinates": [ 9.39196, 9.34061 ] } },
{ "type": "Feature", "properties": { "name": "Children University Academy", "amenity": "school" }, "geometry": { "type": "Point", "coordinates": [ 5.62829, 6.36357 ] } },
{ "type": "Feature", "properties": { "name": "USEH PRIMARY SCHOOL", "amenity": "school" }, "geometry": { "type": "Point", "coordinates": [ 5.58326, 6.36178 ] } },
{ "type": "Feature", "properties": { "name": "Powerline Academy School", "amenity": "school" }, "geometry": { "type": "Point", "coordinates": [ 5.57328, 6.35532 ] } },
{ "type": "Feature", "properties": { "name": "JUBILEE GROUP OF SCHOOLS", "amenity": "school" }, "geometry": { "type": "Point", "coordinates": [ 5.58319, 6.35507 ] } },
{ "type": "Feature", "properties": { "name": "Fame Preparatory Christian Academy", "amenity": "school" }, "geometry": { "type": "Point", "coordinates": [ 5.57529, 6.3537 ] } },
{ "type": "Feature", "properties": { "name": "DOMINION GROUP OF SCHOOL", "amenity": "school" }, "geometry": { "type": "Point", "coordinates": [ 5.58278, 6.3613 ] } },
{ "type": "Feature", "properties": { "name": "Okhoro Primary School", "amenity": "school" }, "geometry": { "type": "Point", "coordinates": [ 5.63384, 6.38324 ] } },
{ "type": "Feature", "properties": { "name": "Winfosa Education Center", "amenity": "school" }, "geometry": { "type": "Point", "coordinates": [ 5.63115, 6.37782 ] } },
{ "type": "Feature", "properties": { "name": "Royal Height Comprehensive College", "amenity": "school" }, "geometry": { "type": "Point", "coordinates": [ 5.63034, 6.36411 ] } },
{ "type": "Feature", "properties": { "name": "Paragon Group of School", "amenity": "school" }, "geometry": { "type": "Point", "coordinates": [ 5.61535, 6.34975 ] } },
{ "type": "Feature", "properties": { "name": "Akenzua II Secondary School", "amenity": "school" }, "geometry": { "type": "Point", "coordinates": [ 5.61674, 6.35003 ] } },
{ "type": "Feature", "properties": { "name": "Acada Group of school", "amenity": "school" }, "geometry": { "type": "Point", "coordinates": [ 5.62713, 6.33819 ] } },
{ "type": "Feature", "properties": { "name": "Agbado Primary school", "amenity": "school" }, "geometry": { "type": "Point", "coordinates": [ 5.6303, 6.33957 ] } },
{ "type": "Feature", "properties": { "name": "Agbado Primary school", "amenity": "school" }, "geometry": { "type": "Point", "coordinates": [ 5.62993, 6.33966 ] } },
{ "type": "Feature", "properties": { "name": "Iyi-Eweka/Emotan/Idia Primary School", "amenity": "school" }, "geometry": { "type": "Point", "coordinates": [ 5.63006, 6.3457 ] } },
{ "type": "Feature", "properties": { "name": "ADONAI EVANGEL SCHOOL", "amenity": "school" }, "geometry": { "type": "Point", "coordinates": [ 5.58266, 6.35503 ] } },
{ "type": "Feature", "properties": { "name": "Faith classic Group of schools", "amenity": "school" }, "geometry": { "type": "Point", "coordinates": [ 5.633, 6.38058 ] } },
{ "type": "Feature", "properties": { "name": "Brano Group Of Schools", "amenity": "school" }, "geometry": { "type": "Point", "coordinates": [ 5.63605, 6.36962 ] } },
{ "type": "Feature", "properties": { "name": "Vice Chancellor's Mosque", "amenity": "university" }, "geometry": { "type": "Point", "coordinates": [ 8.42713, 11.97318 ] } },
{ "type": "Feature", "properties": { "name": "Musa Abdullahi Auditorium", "amenity": "university" }, "geometry": { "type": "Point", "coordinates": [ 8.42803, 11.97325 ] } },
{ "type": "Feature", "properties": { "name": "Department of Accounting", "amenity": "university" }, "geometry": { "type": "Point", "coordinates": [ 8.42904, 11.9734 ] } },
{ "type": "Feature", "properties": { "name": "UKHIRI PRIMARY SCHOOL", "amenity": "school" }, "geometry": { "type": "Point", "coordinates": [ 5.73111, 6.2519 ] } },
{ "type": "Feature", "properties": { "name": "HAUSAWA MODELBOYS SEC SCHOOL", "amenity": "school" }, "geometry": { "type": "Point", "coordinates": [ 8.5393, 11.96579 ] } },
{ "type": "Feature", "properties": { "name": "Babban Giji Secondary School, Karkasara", "amenity": "school" }, "geometry": { "type": "Point", "coordinates": [ 8.54495, 11.9584 ] } },
{ "type": "Feature", "properties": { "name": "Swimming Pool's Pavillion", "amenity": "university" }, "geometry": { "type": "Point", "coordinates": [ 3.89778, 7.44477 ] } },
{ "type": "Feature", "properties": { "name": "Guidance and Counselling Unit", "amenity": "university" }, "geometry": { "type": "Point", "coordinates": [ 7.65589, 11.15246 ] } },
{ "type": "Feature", "properties": { "name": "National library", "amenity": "school" }, "geometry": { "type": "Point", "coordinates": [ 8.87501, 9.88374 ] } },
{ "type": "Feature", "properties": { "name": "No.1 Primary School", "amenity": "school" }, "geometry": { "type": "Point", "coordinates": [ 5.99055, 7.98924 ] } },
{ "type": "Feature", "properties": { "name": "Zubairiyya", "amenity": "school" }, "geometry": { "type": "Point", "coordinates": [ 8.51311, 11.98818 ] } },
{ "type": "Feature", "properties": { "name": "Jatto Memorial Christian College", "amenity": "college" }, "geometry": { "type": "Point", "coordinates": [ 5.58876, 6.32457 ] } },
{ "type": "Feature", "properties": { "name": "Foundation Academy", "amenity": "school" }, "geometry": { "type": "Point", "coordinates": [ 5.60421, 6.32899 ] } },
{ "type": "Feature", "properties": { "name": "Jatto Memorial Christian College", "amenity": "college" }, "geometry": { "type": "Point", "coordinates": [ 5.58918, 6.32462 ] } },
{ "type": "Feature", "properties": { "name": "Administration Building", "amenity": "university" }, "geometry": { "type": "Point", "coordinates": [ 3.89923, 7.44459 ] } },
{ "type": "Feature", "properties": { "name": "Federal Government College", "amenity": "school" }, "geometry": { "type": "Point", "coordinates": [ 13.18486, 11.81728 ] } },
{ "type": "Feature", "properties": { "name": "Altantic Hall Boarding School", "amenity": "school" }, "geometry": { "type": "Point", "coordinates": [ 3.96228, 6.61652 ] } },
{ "type": "Feature", "properties": { "name": "Hassan Gwarzo School", "amenity": "school" }, "geometry": { "type": "Point", "coordinates": [ 8.53975, 11.95096 ] } },
{ "type": "Feature", "properties": { "name": "Greensprings School - Lekki Campus", "amenity": "school" }, "geometry": { "type": "Point", "coordinates": [ 3.69603, 6.46108 ] } },
{ "type": "Feature", "properties": { "name": "Fountain University", "amenity": "university" }, "geometry": { "type": "Point", "coordinates": [ 4.5457, 7.74373 ] } },
{ "type": "Feature", "properties": { "name": "Ebunoluwa Int. School", "amenity": "school" }, "geometry": { "type": "Point", "coordinates": [ 4.51042, 7.77733 ] } },
{ "type": "Feature", "properties": { "name": "Maverick College", "amenity": "school" }, "geometry": { "type": "Point", "coordinates": [ 3.89625, 7.43161 ] } },
{ "type": "Feature", "properties": { "name": "Faculty of Education", "amenity": "university" }, "geometry": { "type": "Point", "coordinates": [ 3.89509, 7.44806 ] } },
{ "type": "Feature", "properties": { "name": "Faculty of Education", "amenity": "university" }, "geometry": { "type": "Point", "coordinates": [ 3.89525, 7.44778 ] } },
{ "type": "Feature", "properties": { "name": "Faculty of Education", "amenity": "university" }, "geometry": { "type": "Point", "coordinates": [ 3.89536, 7.44795 ] } },
{ "type": "Feature", "properties": { "name": "Fculty of Nursing", "amenity": "university" }, "geometry": { "type": "Point", "coordinates": [ 3.89795, 7.44841 ] } },
{ "type": "Feature", "properties": { "name": "Fculty of Nursing", "amenity": "university" }, "geometry": { "type": "Point", "coordinates": [ 3.89793, 7.44842 ] } },
{ "type": "Feature", "properties": { "name": "Veritas University Abuja", "amenity": "university" }, "geometry": { "type": "Point", "coordinates": [ 7.41411, 9.28828 ] } },
{ "type": "Feature", "properties": { "name": "Faculty of Education", "amenity": "university" }, "geometry": { "type": "Point", "coordinates": [ 3.89542, 7.44817 ] } },
{ "type": "Feature", "properties": { "name": "Government Arabic College", "amenity": "university" }, "geometry": { "type": "Point", "coordinates": [ 11.16468, 10.30623 ] } },
{ "type": "Feature", "properties": { "name": "Federal University Dutsin Ma - Take off Campus", "amenity": "university" }, "geometry": { "type": "Point", "coordinates": [ 7.48582, 12.47275 ] } },
{ "type": "Feature", "properties": { "name": "Kano University of Science and Technology", "amenity": "university" }, "geometry": { "type": "Point", "coordinates": [ 8.85406, 11.80531 ] } },
{ "type": "Feature", "properties": { "name": "Government Day Secondary School Deba", "amenity": "school" }, "geometry": { "type": "Point", "coordinates": [ 11.37615, 10.21925 ] } },
{ "type": "Feature", "properties": { "name": "British International School Lagos", "amenity": "school" }, "geometry": { "type": "Point", "coordinates": [ 3.44914, 6.43338 ] } },
{ "type": "Feature", "properties": { "name": "St. Annes Nurs & Pri School", "amenity": "school" }, "geometry": { "type": "Point", "coordinates": [ 7.42254, 10.47359 ] } },
{ "type": "Feature", "properties": { "name": "Command Secondary School", "amenity": "school" }, "geometry": { "type": "Point", "coordinates": [ 7.42501, 10.43995 ] } },
{ "type": "Feature", "properties": { "name": "Muna Koreri", "amenity": "school" }, "geometry": { "type": "Point", "coordinates": [ 13.23992, 11.86546 ] } },
{ "type": "Feature", "properties": { "name": "Bonus Pastor (Catholic) Junior Seminar and Secondary School", "amenity": "school" }, "geometry": { "type": "Point", "coordinates": [ 7.09322, 5.877 ] } },
{ "type": "Feature", "properties": { "name": "Corae Maria Secondary School", "amenity": "school" }, "geometry": { "type": "Point", "coordinates": [ 7.09394, 5.85051 ] } },
{ "type": "Feature", "properties": { "name": "Charles Heary Secondary School", "amenity": "school" }, "geometry": { "type": "Point", "coordinates": [ 7.10341, 5.85659 ] } },
{ "type": "Feature", "properties": { "name": "Urualla Primary School", "amenity": "school" }, "geometry": { "type": "Point", "coordinates": [ 7.07633, 5.86995 ] } },
{ "type": "Feature", "properties": { "name": "Students Affairs", "amenity": "university" }, "geometry": { "type": "Point", "coordinates": [ 3.89903, 7.44449 ] } },
{ "type": "Feature", "properties": { "name": "Faculty of Education", "amenity": "university" }, "geometry": { "type": "Point", "coordinates": [ 3.89522, 7.44757 ] } },
{ "type": "Feature", "properties": { "name": "NOWA Educational centre", "amenity": "school" }, "geometry": { "type": "Point", "coordinates": [ 7.60581, 8.88661 ] } },
{ "type": "Feature", "properties": { "name": "G.C.I Junior School 1", "amenity": "school" }, "geometry": { "type": "Point", "coordinates": [ 3.83146, 7.37775 ] } },
{ "type": "Feature", "properties": { "name": "Tony Chetta Collage", "amenity": "school" }, "geometry": { "type": "Point", "coordinates": [ 8.53108, 12.02856 ] } },
{ "type": "Feature", "properties": { "name": "Tony Chetta Collage", "amenity": "school" }, "geometry": { "type": "Point", "coordinates": [ 8.53111, 12.02869 ] } },
{ "type": "Feature", "properties": { "name": "Tony Chetta Collage", "amenity": "school" }, "geometry": { "type": "Point", "coordinates": [ 8.53086, 12.02872 ] } },
{ "type": "Feature", "properties": { "name": "Tambayahaya Nursery and Primary School", "amenity": "school" }, "geometry": { "type": "Point", "coordinates": [ 8.53523, 12.03037 ] } },
{ "type": "Feature", "properties": { "name": "Tambayahaya Nursery and Primary School", "amenity": "school" }, "geometry": { "type": "Point", "coordinates": [ 8.535, 12.03029 ] } },
{ "type": "Feature", "properties": { "name": "Tambayahaya Nursery and Primary School", "amenity": "school" }, "geometry": { "type": "Point", "coordinates": [ 8.53483, 12.03019 ] } },
{ "type": "Feature", "properties": { "name": "Foundation Nursery and Primary School", "amenity": "school" }, "geometry": { "type": "Point", "coordinates": [ 8.53519, 12.03259 ] } },
{ "type": "Feature", "properties": { "name": "Faith Nursery and Primary School", "amenity": "school" }, "geometry": { "type": "Point", "coordinates": [ 8.53422, 12.0309 ] } },
{ "type": "Feature", "properties": { "name": "National Open University of Nigeria", "amenity": "university" }, "geometry": { "type": "Point", "coordinates": [ 4.5682, 7.7515 ] } },
{ "type": "Feature", "properties": { "name": "Njemema Primary School", "amenity": "school" }, "geometry": { "type": "Point", "coordinates": [ 14.20545, 12.37857 ] } },
{ "type": "Feature", "properties": { "name": "Gombe State University", "amenity": "university" }, "geometry": { "type": "Point", "coordinates": [ 11.17555, 10.30447 ] } },
{ "type": "Feature", "properties": { "name": "Brighter Star Nursery and Primary School", "amenity": "school" }, "geometry": { "type": "Point", "coordinates": [ 4.49044, 7.71905 ] } },
{ "type": "Feature", "properties": { "name": "Tambayahaya Nursery and Primary School", "amenity": "school" }, "geometry": { "type": "Point", "coordinates": [ 8.53511, 12.0305 ] } },
{ "type": "Feature", "properties": { "name": "Students Affairs", "amenity": "university" }, "geometry": { "type": "Point", "coordinates": [ 3.89899, 7.44432 ] } },
{ "type": "Feature", "properties": { "name": "Adorable International School", "amenity": "school" }, "geometry": { "type": "Point", "coordinates": [ 3.92072, 7.42417 ] } },
{ "type": "Feature", "properties": { "name": "Adorable International School", "amenity": "school" }, "geometry": { "type": "Point", "coordinates": [ 3.92072, 7.42399 ] } },
{ "type": "Feature", "properties": { "name": "Mimbar College", "amenity": "school" }, "geometry": { "type": "Point", "coordinates": [ 3.92, 7.42364 ] } },
{ "type": "Feature", "properties": { "name": "Engineering Faculty", "amenity": "university" }, "geometry": { "type": "Point", "coordinates": [ 7.11745, 6.24786 ] } },
{ "type": "Feature", "properties": { "name": "Federal Government Girls' College", "amenity": "university" }, "geometry": { "type": "Point", "coordinates": [ 7.04987, 4.78458 ] } },
{ "type": "Feature", "properties": { "name": "College Hall", "amenity": "school" }, "geometry": { "type": "Point", "coordinates": [ 3.37492, 6.51657 ] } },
{ "type": "Feature", "properties": { "name": "St. Judes Anglican Primary School", "amenity": "school" }, "geometry": { "type": "Point", "coordinates": [ 3.38353, 6.48519 ] } },
{ "type": "Feature", "properties": { "name": "Edjeba Primary School", "amenity": "school" }, "geometry": { "type": "Point", "coordinates": [ 5.73148, 5.5425 ] } },
{ "type": "Feature", "properties": { "name": "Ebute Metta Primary School", "amenity": "school" }, "geometry": { "type": "Point", "coordinates": [ 3.38532, 6.48821 ] } },
{ "type": "Feature", "properties": { "name": "King Ado Junior High School", "amenity": "school" }, "geometry": { "type": "Point", "coordinates": [ 3.39091, 6.46016 ] } },
{ "type": "Feature", "properties": { "name": "State Primary School, Rumuokoro", "amenity": "school" }, "geometry": { "type": "Point", "coordinates": [ 6.99626, 4.86651 ] } },
{ "type": "Feature", "properties": { "name": "State School II, Usokun", "amenity": "school" }, "geometry": { "type": "Point", "coordinates": [ 6.7731, 4.7854 ] } },
{ "type": "Feature", "properties": { "name": "Government College Ibadan (GCI)", "amenity": "school" }, "geometry": { "type": "Point", "coordinates": [ 3.8323, 7.37779 ] } },
{ "type": "Feature", "properties": { "name": "Federal School of Statistics", "amenity": "school" }, "geometry": { "type": "Point", "coordinates": [ 3.90558, 7.47749 ] } },
{ "type": "Feature", "properties": { "name": "NISER", "amenity": "school" }, "geometry": { "type": "Point", "coordinates": [ 3.9075, 7.46616 ] } },
{ "type": "Feature", "properties": { "name": "St Paul School I Field", "amenity": "school" }, "geometry": { "type": "Point", "coordinates": [ 5.94475, 4.7181 ] } },
{ "type": "Feature", "properties": { "name": "St. Saviour's School Ebute-Metta", "amenity": "school" }, "geometry": { "type": "Point", "coordinates": [ 3.37558, 6.49049 ] } },
{ "type": "Feature", "properties": { "name": "Baptist School", "amenity": "school" }, "geometry": { "type": "Point", "coordinates": [ 3.39367, 6.60669 ] } },
{ "type": "Feature", "properties": { "name": "Pan-Atlantic University", "amenity": "university" }, "geometry": { "type": "Point", "coordinates": [ 3.85571, 6.48549 ] } },
{ "type": "Feature", "properties": { "name": "Lagos State Polytechnic", "amenity": "university" }, "geometry": { "type": "Point", "coordinates": [ 3.5275, 6.64059 ] } },
{ "type": "Feature", "properties": { "name": "Oriwu Senior Model College", "amenity": "school" }, "geometry": { "type": "Point", "coordinates": [ 3.51716, 6.60659 ] } },
{ "type": "Feature", "properties": { "name": "Methodist Primary School", "amenity": "school" }, "geometry": { "type": "Point", "coordinates": [ 3.51716, 6.5969 ] } },
{ "type": "Feature", "properties": { "name": "Lagos State Civil Service College", "amenity": "school" }, "geometry": { "type": "Point", "coordinates": [ 3.51938, 6.59663 ] } },
{ "type": "Feature", "properties": { "name": "Divine Favour, Nursery and Primary School", "amenity": "school" }, "geometry": { "type": "Point", "coordinates": [ 3.92199, 7.48791 ] } },
{ "type": "Feature", "properties": { "name": "Cocoa Research Institute of Nigeria CRIN", "amenity": "school" }, "geometry": { "type": "Point", "coordinates": [ 3.86256, 7.21529 ] } },
{ "type": "Feature", "properties": { "name": "International School of IITA", "amenity": "school" }, "geometry": { "type": "Point", "coordinates": [ 3.90966, 7.50158 ] } },
{ "type": "Feature", "properties": { "name": "Ideal Primary School", "amenity": "school" }, "geometry": { "type": "Point", "coordinates": [ 3.34463, 6.55349 ] } },
{ "type": "Feature", "properties": { "name": "Methodist Primary School", "amenity": "school" }, "geometry": { "type": "Point", "coordinates": [ 3.34604, 6.55711 ] } },
{ "type": "Feature", "properties": { "name": "Oshodi Primary School", "amenity": "school" }, "geometry": { "type": "Point", "coordinates": [ 3.34639, 6.55958 ] } },
{ "type": "Feature", "properties": { "name": "Ewenla Primary School", "amenity": "school" }, "geometry": { "type": "Point", "coordinates": [ 3.34335, 6.55337 ] } },
{ "type": "Feature", "properties": { "name": "Institute of Agricultural Research & Training (IAR&T)", "amenity": "school" }, "geometry": { "type": "Point", "coordinates": [ 3.83908, 7.38601 ] } },
{ "type": "Feature", "properties": { "name": "École primaire publique de Garadima", "amenity": "school" }, "geometry": { "type": "Point", "coordinates": [ 2.78833, 9.06197 ] } },
{ "type": "Feature", "properties": { "name": "Ikosi Senior High School", "amenity": "school" }, "geometry": { "type": "Point", "coordinates": [ 3.38051, 6.59876 ] } },
{ "type": "Feature", "properties": { "name": "Dopemu Primary School", "amenity": "school" }, "geometry": { "type": "Point", "coordinates": [ 3.31223, 6.61261 ] } },
{ "type": "Feature", "properties": { "name": "Babington Macaulay Junior Seminary", "amenity": "school" }, "geometry": { "type": "Point", "coordinates": [ 3.59901, 6.63825 ] } },
{ "type": "Feature", "properties": { "name": "Caleb University", "amenity": "university" }, "geometry": { "type": "Point", "coordinates": [ 3.63687, 6.66993 ] } },
{ "type": "Feature", "properties": { "name": "Mind Builders School", "amenity": "school" }, "geometry": { "type": "Point", "coordinates": [ 3.36181, 6.62605 ] } },
{ "type": "Feature", "properties": { "name": "African Church Central Primary School, Agege", "amenity": "school" }, "geometry": { "type": "Point", "coordinates": [ 3.31952, 6.61567 ] } },
{ "type": "Feature", "properties": { "name": "Model College Badore", "amenity": "school" }, "geometry": { "type": "Point", "coordinates": [ 3.60972, 6.51068 ] } },
{ "type": "Feature", "properties": { "name": "Oke-Ifako Nursery / Primary School", "amenity": "school" }, "geometry": { "type": "Point", "coordinates": [ 3.39194, 6.5609 ] } },
{ "type": "Feature", "properties": { "name": "Ipakodo Junior / Senior Grammar School", "amenity": "school" }, "geometry": { "type": "Point", "coordinates": [ 3.48471, 6.61098 ] } },
{ "type": "Feature", "properties": { "name": "Lara Narrow Way Nursery & Primary School", "amenity": "school" }, "geometry": { "type": "Point", "coordinates": [ 3.51132, 6.63298 ] } },
{ "type": "Feature", "properties": { "name": "Supreme Child School", "amenity": "school" }, "geometry": { "type": "Point", "coordinates": [ 3.49486, 6.62121 ] } },
{ "type": "Feature", "properties": { "name": "Etunrenren Primary School", "amenity": "school" }, "geometry": { "type": "Point", "coordinates": [ 3.50016, 6.61805 ] } },
{ "type": "Feature", "properties": { "name": "Farm Settlement Community Primary School, Odogunyan", "amenity": "school" }, "geometry": { "type": "Point", "coordinates": [ 3.52052, 6.65838 ] } },
{ "type": "Feature", "properties": { "name": "LSPEB Model Nursery & Primary School", "amenity": "school" }, "geometry": { "type": "Point", "coordinates": [ 3.5142, 6.63722 ] } },
{ "type": "Feature", "properties": { "name": "Hosanna High School", "amenity": "school" }, "geometry": { "type": "Point", "coordinates": [ 3.52274, 6.62985 ] } },
{ "type": "Feature", "properties": { "name": "Government Junior Model College, Owutu", "amenity": "school" }, "geometry": { "type": "Point", "coordinates": [ 3.47973, 6.61882 ] } },
{ "type": "Feature", "properties": { "name": "Excellent West College", "amenity": "school" }, "geometry": { "type": "Point", "coordinates": [ 3.58128, 6.61097 ] } },
{ "type": "Feature", "properties": { "name": "Community Junior & Senior Grammar School, Gberigbe", "amenity": "school" }, "geometry": { "type": "Point", "coordinates": [ 3.61969, 6.60373 ] } },
{ "type": "Feature", "properties": { "name": "Methodist Primary School, Gberigbe", "amenity": "school" }, "geometry": { "type": "Point", "coordinates": [ 3.62014, 6.60166 ] } },
{ "type": "Feature", "properties": { "name": "Methodist Primary School, Agura", "amenity": "school" }, "geometry": { "type": "Point", "coordinates": [ 3.62911, 6.57682 ] } },
{ "type": "Feature", "properties": { "name": "Lagos State Junior Model College", "amenity": "school" }, "geometry": { "type": "Point", "coordinates": [ 3.65769, 6.62204 ] } },
{ "type": "Feature", "properties": { "name": "Ansar Ud Deen Senior Grammar School", "amenity": "school" }, "geometry": { "type": "Point", "coordinates": [ 3.67013, 6.65506 ] } },
{ "type": "Feature", "properties": { "name": "Anwar-ul-Islam Model College, Agege", "amenity": "school" }, "geometry": { "type": "Point", "coordinates": [ 3.31985, 6.61325 ] } },
{ "type": "Feature", "properties": { "name": "Cherubim & Seraphim Primary School, Majidun", "amenity": "school" }, "geometry": { "type": "Point", "coordinates": [ 3.47767, 6.61845 ] } },
{ "type": "Feature", "properties": { "name": "Anwar-ul-Islam Nursery / Primary School, Oniwaya", "amenity": "school" }, "geometry": { "type": "Point", "coordinates": [ 3.31863, 6.61128 ] } },
{ "type": "Feature", "properties": { "name": "Brightfield College", "amenity": "school" }, "geometry": { "type": "Point", "coordinates": [ 3.31897, 6.61008 ] } },
{ "type": "Feature", "properties": { "name": "Bakre Disu Oshodi Memorial High School", "amenity": "school" }, "geometry": { "type": "Point", "coordinates": [ 3.31778, 6.61234 ] } },
{ "type": "Feature", "properties": { "name": "Djibril Martin High School Agege", "amenity": "school" }, "geometry": { "type": "Point", "coordinates": [ 3.32066, 6.61347 ] } },
{ "type": "Feature", "properties": { "name": "Ife-Oluwa Primary School", "amenity": "school" }, "geometry": { "type": "Point", "coordinates": [ 3.32618, 6.6138 ] } },
{ "type": "Feature", "properties": { "name": "St. Joseph Nursery / Primary School", "amenity": "school" }, "geometry": { "type": "Point", "coordinates": [ 3.32873, 6.60988 ] } },
{ "type": "Feature", "properties": { "name": "Rauf Aregbesola Primary School", "amenity": "school" }, "geometry": { "type": "Point", "coordinates": [ 3.30286, 6.59784 ] } },
{ "type": "Feature", "properties": { "name": "Ogudu Junior Grammar School", "amenity": "school" }, "geometry": { "type": "Point", "coordinates": [ 3.38505, 6.57871 ] } },
{ "type": "Feature", "properties": { "name": "Anglican Nursery / Primary School, Ogudu", "amenity": "school" }, "geometry": { "type": "Point", "coordinates": [ 3.39427, 6.57322 ] } },
{ "type": "Feature", "properties": { "name": "Lagos State Rehabilitation and Training Centre, Owutu", "amenity": "school" }, "geometry": { "type": "Point", "coordinates": [ 3.48325, 6.64083 ] } },
{ "type": "Feature", "properties": { "name": "Balad Private Schools", "amenity": "school" }, "geometry": { "type": "Point", "coordinates": [ 3.47875, 6.64561 ] } },
{ "type": "Feature", "properties": { "name": "U.P.E. Primary School", "amenity": "school" }, "geometry": { "type": "Point", "coordinates": [ 3.47599, 6.65478 ] } },
{ "type": "Feature", "properties": { "name": "Majidun Junior Grammar School", "amenity": "school" }, "geometry": { "type": "Point", "coordinates": [ 3.47664, 6.6151 ] } },
{ "type": "Feature", "properties": { "name": "Dairy Farm School Complex", "amenity": "school" }, "geometry": { "type": "Point", "coordinates": [ 3.3273, 6.6259 ] } },
{ "type": "Feature", "properties": { "name": "Sango Junior Secondary School", "amenity": "school" }, "geometry": { "type": "Point", "coordinates": [ 3.32923, 6.62576 ] } },
{ "type": "Feature", "properties": { "name": "State Primary School, Onipetesi-Mangoro", "amenity": "school" }, "geometry": { "type": "Point", "coordinates": [ 3.32704, 6.60687 ] } },
{ "type": "Feature", "properties": { "name": "Government Secondary School", "amenity": "school" }, "geometry": { "type": "Point", "coordinates": [ 7.20726, 4.71823 ] } },
{ "type": "Feature", "properties": { "name": "Amuzukwu Girls High School", "amenity": "school" }, "geometry": { "type": "Point", "coordinates": [ 7.50038, 5.54251 ] } },
{ "type": "Feature", "properties": { "name": "Umuawa-Alaocha Central School", "amenity": "school" }, "geometry": { "type": "Point", "coordinates": [ 7.46746, 5.55983 ] } },
{ "type": "Feature", "properties": { "name": "An-Nur Schools", "amenity": "school" }, "geometry": { "type": "Point", "coordinates": [ 4.50897, 8.50277 ] } },
{ "type": "Feature", "properties": { "name": "Zumratul Islamiya Grammar school", "amenity": "school" }, "geometry": { "type": "Point", "coordinates": [ 3.52241, 6.58797 ] } },
{ "type": "Feature", "properties": { "name": "Faculty of Environmental Sciences", "amenity": "university" }, "geometry": { "type": "Point", "coordinates": [ 7.12117, 6.24702 ] } },
{ "type": "Feature", "properties": { "name": "Chrisland College, Idimu", "amenity": "school" }, "geometry": { "type": "Point", "coordinates": [ 3.2895, 6.56547 ] } },
{ "type": "Feature", "properties": { "name": "Anchor University", "amenity": "university" }, "geometry": { "type": "Point", "coordinates": [ 3.24269, 6.60239 ] } },
{ "type": "Feature", "properties": { "name": "Maritime Academy of Nigeria", "amenity": "university" }, "geometry": { "type": "Point", "coordinates": [ 8.25571, 4.80272 ] } },
{ "type": "Feature", "properties": { "name": "University of Uyo", "amenity": "university" }, "geometry": { "type": "Point", "coordinates": [ 7.97827, 5.03789 ] } },
{ "type": "Feature", "properties": { "name": "University of Uyo", "amenity": "university" }, "geometry": { "type": "Point", "coordinates": [ 7.91965, 5.04139 ] } },
{ "type": "Feature", "properties": { "name": "University of Uyo", "amenity": "university" }, "geometry": { "type": "Point", "coordinates": [ 7.92502, 5.04136 ] } },
{ "type": "Feature", "properties": { "name": "St Patrick’s College", "amenity": "school" }, "geometry": { "type": "Point", "coordinates": [ 8.33955, 5.02485 ] } },
{ "type": "Feature", "properties": { "name": "Dom Domingos College Warri", "amenity": "school" }, "geometry": { "type": "Point", "coordinates": [ 5.74298, 5.53814 ] } },
{ "type": "Feature", "properties": { "name": "Essi College Warri", "amenity": "school" }, "geometry": { "type": "Point", "coordinates": [ 5.76493, 5.51061 ] } },
{ "type": "Feature", "properties": { "name": "Urhobo Model College", "amenity": "school" }, "geometry": { "type": "Point", "coordinates": [ 5.77881, 5.53263 ] } },
{ "type": "Feature", "properties": { "name": "Community Secondary School Baiyeku", "amenity": "school" }, "geometry": { "type": "Point", "coordinates": [ 3.53898, 6.55175 ] } },
{ "type": "Feature", "properties": { "name": "Caleb Secondary School", "amenity": "school" }, "geometry": { "type": "Point", "coordinates": [ 3.37571, 6.6048 ] } },
{ "type": "Feature", "properties": { "name": "Roselec School", "amenity": "school" }, "geometry": { "type": "Point", "coordinates": [ 7.12604, 5.9034 ] } },
{ "type": "Feature", "properties": { "name": "Federal science and technical college", "amenity": "university" }, "geometry": { "type": "Point", "coordinates": [ 5.17184, 7.88672 ] } },
{ "type": "Feature", "properties": { "name": "Indian Language School Lagos", "amenity": "school" }, "geometry": { "type": "Point", "coordinates": [ 3.36424, 6.55178 ] } },
{ "type": "Feature", "properties": { "name": "Whiteoak School", "amenity": "school" }, "geometry": { "type": "Point", "coordinates": [ 3.44584, 6.42727 ] } },
{ "type": "Feature", "properties": { "name": "Obafemi Awolowo University Staff School", "amenity": "school" }, "geometry": { "type": "Point", "coordinates": [ 4.53396, 7.52341 ] } },
{ "type": "Feature", "properties": { "name": "Delta Career College", "amenity": "school" }, "geometry": { "type": "Point", "coordinates": [ 5.74789, 5.54027 ] } },
{ "type": "Feature", "properties": { "name": "Cambridge International School", "amenity": "school" }, "geometry": { "type": "Point", "coordinates": [ 5.73325, 5.53071 ] } },
{ "type": "Feature", "properties": { "name": "Britarch Schools", "amenity": "school" }, "geometry": { "type": "Point", "coordinates": [ 7.49924, 5.54374 ] } },
{ "type": "Feature", "properties": { "name": "Air Force Comprehensive School", "amenity": "school" }, "geometry": { "type": "Point", "coordinates": [ 8.3827, 12.14299 ] } },
{ "type": "Feature", "properties": { "name": "Yaba College of Technology", "amenity": "college" }, "geometry": { "type": "Point", "coordinates": [ 3.37424, 6.51857 ] } },
{ "type": "Feature", "properties": { "name": "Gregory University Uturu", "amenity": "university" }, "geometry": { "type": "Point", "coordinates": [ 7.42865, 5.84965 ] } },
{ "type": "Feature", "properties": { "name": "Abia State University", "amenity": "university" }, "geometry": { "type": "Point", "coordinates": [ 7.39502, 5.82383 ] } },
{ "type": "Feature", "properties": { "name": "Digital Bridge Institute", "amenity": "university" }, "geometry": { "type": "Point", "coordinates": [ 3.35233, 6.54864 ] } },
{ "type": "Feature", "properties": { "name": "African Church Primary School", "amenity": "school" }, "geometry": { "type": "Point", "coordinates": [ 3.26943, 6.67376 ] } },
{ "type": "Feature", "properties": { "name": "Federal University of Agriculture, Abeokuta", "amenity": "university" }, "geometry": { "type": "Point", "coordinates": [ 3.43723, 7.22328 ] } },
{ "type": "Feature", "properties": { "name": "Police Training School Ikeja", "amenity": "school" }, "geometry": { "type": "Point", "coordinates": [ 3.34612, 6.59128 ] } },
{ "type": "Feature", "properties": { "name": "National Open University of Nigeria", "amenity": "university" }, "geometry": { "type": "Point", "coordinates": [ 7.40833, 9.02071 ] } },
{ "type": "Feature", "properties": { "name": "Saliola Model College", "amenity": "school" }, "geometry": { "type": "Point", "coordinates": [ 4.31713, 7.89975 ] } },
{ "type": "Feature", "properties": { "name": "Community Secondary School", "amenity": "school" }, "geometry": { "type": "Point", "coordinates": [ 6.72488, 5.05533 ] } },
{ "type": "Feature", "properties": { "name": "Federal College of Education", "amenity": "school" }, "geometry": { "type": "Point", "coordinates": [ 12.46417, 9.24603 ] } },
{ "type": "Feature", "properties": { "name": "Modibbo Adama University of Technology", "amenity": "university" }, "geometry": { "type": "Point", "coordinates": [ 12.49585, 9.34701 ] } },
{ "type": "Feature", "properties": { "name": "Gladys Cookey Resource Center", "amenity": "kindergarten" }, "geometry": { "type": "Point", "coordinates": [ 6.90985, 4.9021 ] } },
{ "type": "Feature", "properties": { "name": "Ashgrove Academy", "amenity": "university" }, "geometry": { "type": "Point", "coordinates": [ 6.91453, 4.90947 ] } },
{ "type": "Feature", "properties": { "name": "Government Secondary School Fadan Kagoma", "amenity": "school" }, "geometry": { "type": "Point", "coordinates": [ 8.16254, 9.48616 ] } },
{ "type": "Feature", "properties": { "name": "Beulah Baptist Church College", "amenity": "school" }, "geometry": { "type": "Point", "coordinates": [ 4.31754, 7.90871 ] } },
{ "type": "Feature", "properties": { "name": "Tiakod School", "amenity": "school" }, "geometry": { "type": "Point", "coordinates": [ 3.56563, 6.61337 ] } },
{ "type": "Feature", "properties": { "name": "Tiakod College", "amenity": "school" }, "geometry": { "type": "Point", "coordinates": [ 3.56548, 6.61295 ] } },
{ "type": "Feature", "properties": { "name": "Elepe Community Secondary School", "amenity": "school" }, "geometry": { "type": "Point", "coordinates": [ 3.56904, 6.61457 ] } },
{ "type": "Feature", "properties": { "name": "Methodist Primary School", "amenity": "school" }, "geometry": { "type": "Point", "coordinates": [ 3.56607, 6.61617 ] } },
{ "type": "Feature", "properties": { "name": "Adeniran Ogunsanya College of Education", "amenity": "school" }, "geometry": { "type": "Point", "coordinates": [ 3.11147, 6.49991 ] } },
{ "type": "Feature", "properties": { "name": "Federal University of Technology Akure", "amenity": "university" }, "geometry": { "type": "Point", "coordinates": [ 5.13146, 7.30409 ] } },
{ "type": "Feature", "properties": { "name": "Igbobi College", "amenity": "school" }, "geometry": { "type": "Point", "coordinates": [ 3.37111, 6.52829 ] } },
{ "type": "Feature", "properties": { "name": "Supreme High School", "amenity": "school" }, "geometry": { "type": "Point", "coordinates": [ 3.37993, 6.61765 ] } },
{ "type": "Feature", "properties": { "name": "Nigerian Navy Secondary School Ojo", "amenity": "school" }, "geometry": { "type": "Point", "coordinates": [ 3.27601, 6.45106 ] } },
{ "type": "Feature", "properties": { "name": "Halifield Schools", "amenity": "school" }, "geometry": { "type": "Point", "coordinates": [ 3.37255, 6.57547 ] } },
{ "type": "Feature", "properties": { "name": "Local Government Primary School, Baiyeku", "amenity": "school" }, "geometry": { "type": "Point", "coordinates": [ 3.55044, 6.53866 ] } },
{ "type": "Feature", "properties": { "name": "Ayangburen Senior High School", "amenity": "school" }, "geometry": { "type": "Point", "coordinates": [ 3.50151, 6.61857 ] } },
{ "type": "Feature", "properties": { "name": "Luwasa High School", "amenity": "school" }, "geometry": { "type": "Point", "coordinates": [ 3.5918, 6.58009 ] } },
{ "type": "Feature", "properties": { "name": "Unique Blossom school", "amenity": "school" }, "geometry": { "type": "Point", "coordinates": [ 3.49774, 6.60614 ] } },
{ "type": "Feature", "properties": { "name": "Kith & Kin Educational Schools", "amenity": "school" }, "geometry": { "type": "Point", "coordinates": [ 3.47809, 6.56382 ] } },
{ "type": "Feature", "properties": { "name": "Keme Balogun College", "amenity": "school" }, "geometry": { "type": "Point", "coordinates": [ 3.47527, 6.55701 ] } },
{ "type": "Feature", "properties": { "name": "Methodist Primary School", "amenity": "school" }, "geometry": { "type": "Point", "coordinates": [ 3.4747, 6.55366 ] } },
{ "type": "Feature", "properties": { "name": "Afariogun Primary school", "amenity": "school" }, "geometry": { "type": "Point", "coordinates": [ 3.33954, 6.55314 ] } },
{ "type": "Feature", "properties": { "name": "Ogudu GRA School Complex", "amenity": "school" }, "geometry": { "type": "Point", "coordinates": [ 3.38309, 6.57998 ] } },
{ "type": "Feature", "properties": { "name": "Federal Government College Lagos", "amenity": "school" }, "geometry": { "type": "Point", "coordinates": [ 3.13513, 6.49081 ] } },
{ "type": "Feature", "properties": { "name": "Lagos State Rehabilitation and Vocational Training Centre", "amenity": "school" }, "geometry": { "type": "Point", "coordinates": [ 3.3773, 6.64122 ] } },
{ "type": "Feature", "properties": { "name": "Ayangburen Primary School", "amenity": "school" }, "geometry": { "type": "Point", "coordinates": [ 3.50183, 6.61995 ] } },
{ "type": "Feature", "properties": { "name": "Federal Government College Ogbomoso", "amenity": "college" }, "geometry": { "type": "Point", "coordinates": [ 4.23422, 8.15622 ] } },
{ "type": "Feature", "properties": { "name": "Anglican Grammar School", "amenity": "college" }, "geometry": { "type": "Point", "coordinates": [ 4.24458, 8.14382 ] } },
{ "type": "Feature", "properties": { "name": "Lebanon School", "amenity": "school" }, "geometry": { "type": "Point", "coordinates": [ 8.55208, 12.00963 ] } },
{ "type": "Feature", "properties": { "name": "Anwar ul Islam Primary School", "amenity": "school" }, "geometry": { "type": "Point", "coordinates": [ 3.59253, 6.57012 ] } },
{ "type": "Feature", "properties": { "name": "Kingsfield College", "amenity": "school" }, "geometry": { "type": "Point", "coordinates": [ 3.58198, 6.60867 ] } },
{ "type": "Feature", "properties": { "name": "Methodist Primary School", "amenity": "school" }, "geometry": { "type": "Point", "coordinates": [ 3.58789, 6.60237 ] } },
{ "type": "Feature", "properties": { "name": "Mahmud Ahmadiyya College", "amenity": "school" }, "geometry": { "type": "Point", "coordinates": [ 3.58892, 6.58384 ] } },
{ "type": "Feature", "properties": { "name": "Federal College of Education (Technical), Akoka", "amenity": "university" }, "geometry": { "type": "Point", "coordinates": [ 3.38383, 6.52148 ] } },
{ "type": "Feature", "properties": { "name": "Ibadan Apostolic Grammar School", "amenity": null }, "geometry": { "type": "Point", "coordinates": [ 3.922229, 7.360606 ] } },
{ "type": "Feature", "properties": { "name": "NIHORT", "amenity": "college" }, "geometry": { "type": "Point", "coordinates": [ 3.847721, 7.406795 ] } },
{ "type": "Feature", "properties": { "name": "Mbaise Secondary School, Aboh Mbaise, Imo State", "amenity": "school" }, "geometry": { "type": "Point", "coordinates": [ 7.269296, 5.476002 ] } },
{ "type": "Feature", "properties": { "name": "Tua Model Schools", "amenity": "school" }, "geometry": { "type": "Point", "coordinates": [ 7.044973, 4.861168 ] } },
{ "type": "Feature", "properties": { "name": "County Grammar School", "amenity": "school" }, "geometry": { "type": "Point", "coordinates": [ 7.036368, 4.974358 ] } },
{ "type": "Feature", "properties": { "name": "Cerry-Fort Group of Schools", "amenity": "school" }, "geometry": { "type": "Point", "coordinates": [ 7.063073, 4.82822 ] } },
{ "type": "Feature", "properties": { "name": "Independence Layout Sec. School", "amenity": "school" }, "geometry": { "type": "Point", "coordinates": [ 7.522475, 6.432979 ] } },
{ "type": "Feature", "properties": { "name": "Matville School", "amenity": "school" }, "geometry": { "type": "Point", "coordinates": [ 7.028058, 4.833982 ] } },
{ "type": "Feature", "properties": { "name": "Child's Destiny Academy", "amenity": "school" }, "geometry": { "type": "Point", "coordinates": [ 7.531242, 6.460355 ] } },
{ "type": "Feature", "properties": { "name": "El-Shaddai International Schools", "amenity": "school" }, "geometry": { "type": "Point", "coordinates": [ 7.525955, 6.481112 ] } },
{ "type": "Feature", "properties": { "name": "Queen Maris Group of Schools", "amenity": "school" }, "geometry": { "type": "Point", "coordinates": [ 3.262341, 6.532362 ] } },
{ "type": "Feature", "properties": { "name": "Ebenezer African Church Primary School, Ijoko", "amenity": "school" }, "geometry": { "type": "Point", "coordinates": [ 3.263073, 6.742114 ] } },
{ "type": "Feature", "properties": { "name": "Pilot Science Primary School, Karshi", "amenity": "school" }, "geometry": { "type": "Point", "coordinates": [ 7.567856, 8.829345 ] } },
{ "type": "Feature", "properties": { "name": "Destiny Model Academy Ajigo", "amenity": "school" }, "geometry": { "type": "Point", "coordinates": [ 8.85899, 9.971157 ] } },
{ "type": "Feature", "properties": { "name": "Amaris Nursery and Primary School", "amenity": "school" }, "geometry": { "type": "Point", "coordinates": [ 7.0659, 4.817694 ] } },
{ "type": "Feature", "properties": { "name": "Methodist Central Primary School Ii, Ado Odo", "amenity": "school" }, "geometry": { "type": "Point", "coordinates": [ 2.9417, 6.5923 ] } },
{ "type": "Feature", "properties": { "name": "All Saints Primary School, Ado Odo", "amenity": "school" }, "geometry": { "type": "Point", "coordinates": [ 2.939, 6.5919 ] } },
{ "type": "Feature", "properties": { "name": "St. Joseph Roman Catholic Mission Primary  School 1 Ado Odo", "amenity": "school" }, "geometry": { "type": "Point", "coordinates": [ 2.93082, 6.580243 ] } },
{ "type": "Feature", "properties": { "name": "First Anglican Church Mission Central School, Olowu", "amenity": "school" }, "geometry": { "type": "Point", "coordinates": [ 3.1072, 6.76 ] } },
{ "type": "Feature", "properties": { "name": "Ebenezer African Church Primary School, Olorunda Atan", "amenity": "school" }, "geometry": { "type": "Point", "coordinates": [ 3.12397, 6.73124 ] } },
{ "type": "Feature", "properties": { "name": "nawair ud deen primary school i, atan ota", "amenity": "school" }, "geometry": { "type": "Point", "coordinates": [ 3.0921, 6.6609 ] } },
{ "type": "Feature", "properties": { "name": "st. paul anglican primary school, igbololo", "amenity": "school" }, "geometry": { "type": "Point", "coordinates": [ 3.6447, 6.8564 ] } },
{ "type": "Feature", "properties": { "name": "Oyelagbawo Grammar School", "amenity": "school" }, "geometry": { "type": "Point", "coordinates": [ 4.815579, 8.327702 ] } },
{ "type": "Feature", "properties": { "name": "local government primary school ewu-osi", "amenity": "school" }, "geometry": { "type": "Point", "coordinates": [ 3.5264, 6.8529 ] } },
{ "type": "Feature", "properties": { "name": "St. Paul'S Anglican Primary School, Emuren", "amenity": "school" }, "geometry": { "type": "Point", "coordinates": [ 3.64758, 6.7542 ] } },
{ "type": "Feature", "properties": { "name": "African Church Primary School, Ewu -Oloja", "amenity": "school" }, "geometry": { "type": "Point", "coordinates": [ 3.5282, 6.7604 ] } },
{ "type": "Feature", "properties": { "name": "african church primary school, ewu -oloja", "amenity": "school" }, "geometry": { "type": "Point", "coordinates": [ 3.528063, 6.760496 ] } },
{ "type": "Feature", "properties": { "name": "St.Saviour'S School, Olayemi", "amenity": "school" }, "geometry": { "type": "Point", "coordinates": [ 3.3149, 6.7937 ] } },
{ "type": "Feature", "properties": { "name": "african church primary school, igbore robiyan", "amenity": "school" }, "geometry": { "type": "Point", "coordinates": [ 3.2934, 6.7469 ] } },
{ "type": "Feature", "properties": { "name": "Oke Moyo Baptist Primary School", "amenity": "school" }, "geometry": { "type": "Point", "coordinates": [ 4.32002, 7.896011 ] } },
{ "type": "Feature", "properties": { "name": "LGEA Muslim Pry School", "amenity": "school" }, "geometry": { "type": "Point", "coordinates": [ 4.798947, 8.27178 ] } },
{ "type": "Feature", "properties": { "name": "Local Government Primary School Irasusi", "amenity": "school" }, "geometry": { "type": "Point", "coordinates": [ 3.5568, 6.872 ] } },
{ "type": "Feature", "properties": { "name": "Folk Technical college Ikwo", "amenity": "school" }, "geometry": { "type": "Point", "coordinates": [ 8.144583, 6.155031 ] } },
{ "type": "Feature", "properties": { "name": "baptist day school, ekundayo", "amenity": "school" }, "geometry": { "type": "Point", "coordinates": [ 3.156701, 6.819127 ] } },
{ "type": "Feature", "properties": { "name": "Alegongo Secondary School", "amenity": "school" }, "geometry": { "type": "Point", "coordinates": [ 3.950747, 7.439061 ] } },
{ "type": "Feature", "properties": { "name": "Central Primary School,Baganje", "amenity": "school" }, "geometry": { "type": "Point", "coordinates": [ 11.178971, 9.846987 ] } },
{ "type": "Feature", "properties": { "name": "ST. Maria Goretti Academy Army engineer Jos", "amenity": "school" }, "geometry": { "type": "Point", "coordinates": [ 8.852562, 9.973773 ] } },
{ "type": "Feature", "properties": { "name": "Sokoya Memorial Wesley Primary School. Makun", "amenity": "school" }, "geometry": { "type": "Point", "coordinates": [ 3.63014, 6.851331 ] } },
{ "type": "Feature", "properties": { "name": "Fresh Olive School", "amenity": "school" }, "geometry": { "type": "Point", "coordinates": [ 5.622323, 6.308847 ] } },
{ "type": "Feature", "properties": { "name": "Esonere model primary school/Gaorge Idah", "amenity": "school" }, "geometry": { "type": "Point", "coordinates": [ 5.614926, 6.310194 ] } },
{ "type": "Feature", "properties": { "name": "Esonere model primary school/Gaorge Idah", "amenity": "school" }, "geometry": { "type": "Point", "coordinates": [ 5.615317, 6.310092 ] } },
{ "type": "Feature", "properties": { "name": "Urban Day School", "amenity": "school" }, "geometry": { "type": "Point", "coordinates": [ 3.868336, 7.39952 ] } },
{ "type": "Feature", "properties": { "name": "Unicent Group of School", "amenity": "school" }, "geometry": { "type": "Point", "coordinates": [ 5.63183, 6.361225 ] } },
{ "type": "Feature", "properties": { "name": "Precious Group of School", "amenity": "school" }, "geometry": { "type": "Point", "coordinates": [ 5.609282, 6.342411 ] } },
{ "type": "Feature", "properties": { "name": "Ezomo Primary School", "amenity": "school" }, "geometry": { "type": "Point", "coordinates": [ 5.600526, 6.342365 ] } },
{ "type": "Feature", "properties": { "name": "sokoya memorial wesley primary school, makun", "amenity": "school" }, "geometry": { "type": "Point", "coordinates": [ 3.630168, 6.851338 ] } },
{ "type": "Feature", "properties": { "name": "Federal Government Girls College", "amenity": "school" }, "geometry": { "type": "Point", "coordinates": [ 7.034381, 5.500817 ] } },
{ "type": "Feature", "properties": { "name": "Girls Seconadry School", "amenity": "school" }, "geometry": { "type": "Point", "coordinates": [ 7.021453, 5.486627 ] } },
{ "type": "Feature", "properties": { "name": "Federal Government College, Ogbomoso", "amenity": "college" }, "geometry": { "type": "Point", "coordinates": [ 4.229205, 8.154474 ] } },
{ "type": "Feature", "properties": { "name": "ADENIRAN MEMORIAL GRAMMAR SCHOOL", "amenity": "college" }, "geometry": { "type": "Point", "coordinates": [ 4.211247, 8.135846 ] } },
{ "type": "Feature", "properties": { "name": "Stars International College", "amenity": "school" }, "geometry": { "type": "Point", "coordinates": [ 3.500598, 6.626051 ] } },
{ "type": "Feature", "properties": { "name": "Laila Dogon Yaro", "amenity": "school" }, "geometry": { "type": "Point", "coordinates": [ 7.434155, 10.536475 ] } },
{ "type": "Feature", "properties": { "name": "Zamani Junior Secondary", "amenity": "school" }, "geometry": { "type": "Point", "coordinates": [ 7.455569, 10.543201 ] } },
{ "type": "Feature", "properties": { "name": "local government primary school, baale-akinosi", "amenity": "school" }, "geometry": { "type": "Point", "coordinates": [ 3.352057, 6.681651 ] } },
{ "type": "Feature", "properties": { "name": "Baptist Day School, Ekundayo", "amenity": "school" }, "geometry": { "type": "Point", "coordinates": [ 3.156738, 6.818963 ] } },
{ "type": "Feature", "properties": { "name": "ZOE School", "amenity": "school" }, "geometry": { "type": "Point", "coordinates": [ 4.255027, 8.154086 ] } },
{ "type": "Feature", "properties": { "name": "Knowledge Base International Kiddies Embassy", "amenity": "school" }, "geometry": { "type": "Point", "coordinates": [ 3.924482, 7.526516 ] } },
{ "type": "Feature", "properties": { "name": "girls technical college", "amenity": "school" }, "geometry": { "type": "Point", "coordinates": [ 7.384547, 5.123737 ] } },
{ "type": "Feature", "properties": { "name": "Sheraton School", "amenity": "school" }, "geometry": { "type": "Point", "coordinates": [ 3.375429, 6.487328 ] } },
{ "type": "Feature", "properties": { "name": "Fourier International Montessori School", "amenity": "school" }, "geometry": { "type": "Point", "coordinates": [ 3.373224, 6.496842 ] } },
{ "type": "Feature", "properties": { "name": "Giweo", "amenity": "school" }, "geometry": { "type": "Point", "coordinates": [ 6.92209, 4.924792 ] } },
{ "type": "Feature", "properties": { "name": "Oko-Oshimili Pry School", "amenity": "school" }, "geometry": { "type": "Point", "coordinates": [ 6.60516, 6.788465 ] } },
{ "type": "Feature", "properties": { "name": "St. Paul Anglican Primary School", "amenity": "school" }, "geometry": { "type": "Point", "coordinates": [ 4.141494, 8.743192 ] } },
{ "type": "Feature", "properties": { "name": "zumuratul islamiyyah primary school, i akute", "amenity": "school" }, "geometry": { "type": "Point", "coordinates": [ 3.3688, 6.6798 ] } },
{ "type": "Feature", "properties": { "name": "Abundant Grace School", "amenity": "school" }, "geometry": { "type": "Point", "coordinates": [ 5.609752, 6.308144 ] } },
{ "type": "Feature", "properties": { "name": "Word Sworth Gifted School", "amenity": "school" }, "geometry": { "type": "Point", "coordinates": [ 5.607627, 6.299001 ] } },
{ "type": "Feature", "properties": { "name": "Unique Touch School", "amenity": "school" }, "geometry": { "type": "Point", "coordinates": [ 5.597788, 6.310389 ] } },
{ "type": "Feature", "properties": { "name": "Therbow School Zaria", "amenity": null }, "geometry": { "type": "Point", "coordinates": [ 7.717065, 11.100631 ] } },
{ "type": "Feature", "properties": { "name": "African Church Primary School,Odan Abuja", "amenity": "school" }, "geometry": { "type": "Point", "coordinates": [ 3.1963, 6.6034 ] } },
{ "type": "Feature", "properties": { "name": "Moslem Primary School, Sabo-Molode", "amenity": "school" }, "geometry": { "type": "Point", "coordinates": [ 3.8975, 6.8154 ] } },
{ "type": "Feature", "properties": { "name": "emmanuel anglican primary school ii, italupe", "amenity": "school" }, "geometry": { "type": "Point", "coordinates": [ 3.9189, 6.8094 ] } },
{ "type": "Feature", "properties": { "name": "Saint Saviours High School", "amenity": "school" }, "geometry": { "type": "Point", "coordinates": [ 3.259858, 6.538357 ] } },
{ "type": "Feature", "properties": { "name": "Iman International School", "amenity": "school" }, "geometry": { "type": "Point", "coordinates": [ 5.189852, 13.024155 ] } },
{ "type": "Feature", "properties": { "name": "Islahudeen Model College, Ido-Osun", "amenity": "school" }, "geometry": { "type": "Point", "coordinates": [ 4.490572, 7.781503 ] } },
{ "type": "Feature", "properties": { "name": "Nomadic", "amenity": "school" }, "geometry": { "type": "Point", "coordinates": [ 4.486098, 7.784666 ] } },
{ "type": "Feature", "properties": { "name": "Captain Amadi Polytecnic", "amenity": "college" }, "geometry": { "type": "Point", "coordinates": [ 6.995204, 4.834744 ] } },
{ "type": "Feature", "properties": { "name": "Delta State Polytechnic, Ogwashi-Uku", "amenity": "school" }, "geometry": { "type": "Point", "coordinates": [ 6.57136, 6.224829 ] } },
{ "type": "Feature", "properties": { "name": "Okuokoko School", "amenity": "school" }, "geometry": { "type": "Point", "coordinates": [ 5.824217, 5.57919 ] } },
{ "type": "Feature", "properties": { "name": "ASCL Staff Comprehensive Secondary School III", "amenity": "school" }, "geometry": { "type": "Point", "coordinates": [ 6.629909, 7.552791 ] } },
{ "type": "Feature", "properties": { "name": "ASCL Staff Comprehensive Secondary School II", "amenity": "school" }, "geometry": { "type": "Point", "coordinates": [ 6.64498, 7.554026 ] } },
{ "type": "Feature", "properties": { "name": "Wayage Primary School", "amenity": "school" }, "geometry": { "type": "Point", "coordinates": [ 4.843208, 13.540454 ] } },
{ "type": "Feature", "properties": { "name": "Bro Pius School", "amenity": "school" }, "geometry": { "type": "Point", "coordinates": [ 5.612881, 6.328231 ] } },
{ "type": "Feature", "properties": { "name": "EWEKA PRIMARY SCHOOL", "amenity": "school" }, "geometry": { "type": "Point", "coordinates": [ 5.582934, 6.362561 ] } },
{ "type": "Feature", "properties": { "name": "DOMINION CHILDREN ACADEMY", "amenity": "school" }, "geometry": { "type": "Point", "coordinates": [ 5.581611, 6.36083 ] } },
{ "type": "Feature", "properties": { "name": "St Paul's Primary School", "amenity": "school" }, "geometry": { "type": "Point", "coordinates": [ 5.615323, 6.328949 ] } },
{ "type": "Feature", "properties": { "name": "Arue Secondary School", "amenity": "school" }, "geometry": { "type": "Point", "coordinates": [ 6.303536, 6.736948 ] } },
{ "type": "Feature", "properties": { "name": "Ighile Group of Schools", "amenity": "school" }, "geometry": { "type": "Point", "coordinates": [ 5.590838, 6.32888 ] } },
{ "type": "Feature", "properties": { "name": "OLA Nursery And Primary", "amenity": "kindergarten" }, "geometry": { "type": "Point", "coordinates": [ 5.615324, 6.325865 ] } },
{ "type": "Feature", "properties": { "name": "Jossy wisdom group of schools", "amenity": "school" }, "geometry": { "type": "Point", "coordinates": [ 5.590796, 6.349237 ] } },
{ "type": "Feature", "properties": { "name": "Garrick Memorial Secondary School", "amenity": "school" }, "geometry": { "type": "Point", "coordinates": [ 5.602005, 6.331469 ] } },
{ "type": "Feature", "properties": { "name": "Gojehota High School", "amenity": "school" }, "geometry": { "type": "Point", "coordinates": [ 6.932131, 4.865431 ] } },
{ "type": "Feature", "properties": { "name": "Intelligentia Graden sch", "amenity": "school" }, "geometry": { "type": "Point", "coordinates": [ 6.928665, 4.864561 ] } },
{ "type": "Feature", "properties": { "name": "DSPG, Campus C", "amenity": "school" }, "geometry": { "type": "Point", "coordinates": [ 6.553126, 6.203752 ] } },
{ "type": "Feature", "properties": { "name": "DSPG, Campus B", "amenity": "school" }, "geometry": { "type": "Point", "coordinates": [ 6.547563, 6.203281 ] } },
{ "type": "Feature", "properties": { "name": "Excellent Montessori School", "amenity": "school" }, "geometry": { "type": "Point", "coordinates": [ 6.967675, 4.858659 ] } },
{ "type": "Feature", "properties": { "name": "Benhill Vocational Training Centre", "amenity": "school" }, "geometry": { "type": "Point", "coordinates": [ 5.623212, 6.317907 ] } },
{ "type": "Feature", "properties": { "name": "St Anthony's Primary School, Umudioka", "amenity": "school" }, "geometry": { "type": "Point", "coordinates": [ 6.919051, 6.162479 ] } },
{ "type": "Feature", "properties": { "name": "St. Barnabas' African Church Primary School, Osuke-Ota", "amenity": "school" }, "geometry": { "type": "Point", "coordinates": [ 3.143, 6.623 ] } },
{ "type": "Feature", "properties": { "name": "Sasa Community School", "amenity": "school" }, "geometry": { "type": "Point", "coordinates": [ 3.913283, 7.485862 ] } },
{ "type": "Feature", "properties": { "name": "Our Savior /Mary Primary School, Odokwu", "amenity": "school" }, "geometry": { "type": "Point", "coordinates": [ 3.9817, 6.7342 ] } },
{ "type": "Feature", "properties": { "name": "St. John's Anglican Primary School, Sunren Okenla Ifo", "amenity": "school" }, "geometry": { "type": "Point", "coordinates": [ 3.2978, 6.8734 ] } },
{ "type": "Feature", "properties": { "name": "St. Anne'S Catholic Primary School, Irawo", "amenity": "school" }, "geometry": { "type": "Point", "coordinates": [ 4.0054, 6.6652 ] } },
{ "type": "Feature", "properties": { "name": "ansar ud deen primary school, owode - ota", "amenity": "school" }, "geometry": { "type": "Point", "coordinates": [ 3.2164, 6.7397 ] } },
{ "type": "Feature", "properties": { "name": "Bishop Philip Academy", "amenity": "school" }, "geometry": { "type": "Point", "coordinates": [ 3.946241, 7.405446 ] } },
{ "type": "Feature", "properties": { "name": "Epp Kolly", "amenity": "school" }, "geometry": { "type": "Point", "coordinates": [ 2.785139, 7.431472 ] } },
{ "type": "Feature", "properties": { "name": "local government primary school, ifo", "amenity": "school" }, "geometry": { "type": "Point", "coordinates": [ 3.1887, 6.8106 ] } },
{ "type": "Feature", "properties": { "name": "Emily Tinuosho Obadina Community School Ii, Ajowa", "amenity": "school" }, "geometry": { "type": "Point", "coordinates": [ 3.1952, 6.8309 ] } },
{ "type": "Feature", "properties": { "name": "nawair ud deen primary school ii ifo", "amenity": "school" }, "geometry": { "type": "Point", "coordinates": [ 3.1892, 6.8131 ] } },
{ "type": "Feature", "properties": { "name": "nawair ud deen primary school i ifo", "amenity": "school" }, "geometry": { "type": "Point", "coordinates": [ 3.1886, 6.813 ] } },
{ "type": "Feature", "properties": { "name": "Liberty College", "amenity": "school" }, "geometry": { "type": "Point", "coordinates": [ 3.227515, 6.592096 ] } },
{ "type": "Feature", "properties": { "name": "Methodist Primary School, Soki Ere", "amenity": "school" }, "geometry": { "type": "Point", "coordinates": [ 2.8984, 6.5354 ] } },
{ "type": "Feature", "properties": { "name": "African Methodist Church Primary School, Elemoki", "amenity": "school" }, "geometry": { "type": "Point", "coordinates": [ 2.9831, 6.6747 ] } },
{ "type": "Feature", "properties": { "name": "Roman Catholic Mission Primary School, Ikoga Ile", "amenity": "school" }, "geometry": { "type": "Point", "coordinates": [ 2.9646, 6.5423 ] } },
{ "type": "Feature", "properties": { "name": "Santa Maria Child Development Centre", "amenity": "school" }, "geometry": { "type": "Point", "coordinates": [ 7.044692, 4.838945 ] } },
{ "type": "Feature", "properties": { "name": "Christ The Shepherd International School", "amenity": "school" }, "geometry": { "type": "Point", "coordinates": [ 5.599227, 6.323771 ] } },
{ "type": "Feature", "properties": { "name": "St. Joseph Roman Catholic Mission Primary School Sch Ii Ado Odo", "amenity": "school" }, "geometry": { "type": "Point", "coordinates": [ 2.9306, 6.5804 ] } },
{ "type": "Feature", "properties": { "name": "United African Methodist Church Primary School, Ado-Odo", "amenity": "school" }, "geometry": { "type": "Point", "coordinates": [ 2.9424, 6.5889 ] } },
{ "type": "Feature", "properties": { "name": "Local Government Primary School, Ipatira", "amenity": "school" }, "geometry": { "type": "Point", "coordinates": [ 3.1304, 6.5531 ] } },
{ "type": "Feature", "properties": { "name": "Salvation Army Primary School Egudu-Baale", "amenity": "school" }, "geometry": { "type": "Point", "coordinates": [ 3.0445, 6.5518 ] } },
{ "type": "Feature", "properties": { "name": "local government primary school iii, temidire", "amenity": "school" }, "geometry": { "type": "Point", "coordinates": [ 3.6435, 6.8276 ] } },
{ "type": "Feature", "properties": { "name": "Mufutau Lanihun College", "amenity": "college" }, "geometry": { "type": "Point", "coordinates": [ 3.942365, 7.394407 ] } },
{ "type": "Feature", "properties": { "name": "Ansar U Deen Primary School, Ofin Sagamu", "amenity": "school" }, "geometry": { "type": "Point", "coordinates": [ 3.6561, 6.8514 ] } },
{ "type": "Feature", "properties": { "name": "Islamic High School", "amenity": "school" }, "geometry": { "type": "Point", "coordinates": [ 3.934207, 7.419403 ] } },
{ "type": "Feature", "properties": { "name": "Iclass Tuition", "amenity": "school" }, "geometry": { "type": "Point", "coordinates": [ 3.921772, 7.424855 ] } },
{ "type": "Feature", "properties": { "name": "St Peter Ojuolape", "amenity": "school" }, "geometry": { "type": "Point", "coordinates": [ 4.030639, 7.447377 ] } },
{ "type": "Feature", "properties": { "name": "Nigerian Navy Secondary School", "amenity": "school" }, "geometry": { "type": "Point", "coordinates": [ 3.32685, 7.126147 ] } },
{ "type": "Feature", "properties": { "name": "community primary school, olorunsogo", "amenity": "school" }, "geometry": { "type": "Point", "coordinates": [ 3.317, 6.8755 ] } },
{ "type": "Feature", "properties": { "name": "Bayero University", "amenity": "university" }, "geometry": { "type": "Point", "coordinates": [ 8.506542, 12.016059 ] } },
{ "type": "Feature", "properties": { "name": "ansar u deen primary school, igbafa", "amenity": "school" }, "geometry": { "type": "Point", "coordinates": [ 3.6346, 6.818 ] } },
{ "type": "Feature", "properties": { "name": "Gina Montessori Academy", "amenity": "school" }, "geometry": { "type": "Point", "coordinates": [ 6.342976, 4.946205 ] } },
{ "type": "Feature", "properties": { "name": "Glorious Child primary School", "amenity": "school" }, "geometry": { "type": "Point", "coordinates": [ 6.33374, 4.945137 ] } },
{ "type": "Feature", "properties": { "name": "Community Primary School", "amenity": "school" }, "geometry": { "type": "Point", "coordinates": [ 6.333858, 4.944036 ] } },
{ "type": "Feature", "properties": { "name": "Seimeigha Intl. Academy", "amenity": "school" }, "geometry": { "type": "Point", "coordinates": [ 6.32541, 4.937603 ] } },
{ "type": "Feature", "properties": { "name": "Ayakpo Nursery and Primary School", "amenity": "school" }, "geometry": { "type": "Point", "coordinates": [ 6.326578, 4.94032 ] } },
{ "type": "Feature", "properties": { "name": "Larger Than Dev. Foundation", "amenity": "school" }, "geometry": { "type": "Point", "coordinates": [ 6.322478, 4.937023 ] } },
{ "type": "Feature", "properties": { "name": "Aries Montessori School", "amenity": "school" }, "geometry": { "type": "Point", "coordinates": [ 7.047566, 4.827113 ] } },
{ "type": "Feature", "properties": { "name": "Gius Obaseki Group of Schools", "amenity": "school" }, "geometry": { "type": "Point", "coordinates": [ 5.628963, 6.346344 ] } },
{ "type": "Feature", "properties": { "name": "Precious Height Academy", "amenity": "school" }, "geometry": { "type": "Point", "coordinates": [ 5.709798, 5.590008 ] } },
{ "type": "Feature", "properties": { "name": "Favour International Schools", "amenity": "school" }, "geometry": { "type": "Point", "coordinates": [ 7.063954, 4.843373 ] } },
{ "type": "Feature", "properties": { "name": "Active Brains International Academy", "amenity": "school" }, "geometry": { "type": "Point", "coordinates": [ 7.02735, 4.831495 ] } },
{ "type": "Feature", "properties": { "name": "Open Doors International School", "amenity": "school" }, "geometry": { "type": "Point", "coordinates": [ 7.058961, 4.817189 ] } },
{ "type": "Feature", "properties": { "name": "Good Shepard Academy", "amenity": "school" }, "geometry": { "type": "Point", "coordinates": [ 7.06575, 4.817727 ] } },
{ "type": "Feature", "properties": { "name": "CIWA", "amenity": "college" }, "geometry": { "type": "Point", "coordinates": [ 7.042623, 4.843954 ] } },
{ "type": "Feature", "properties": { "name": "St. Micheal African Church Primary School I Ota", "amenity": "school" }, "geometry": { "type": "Point", "coordinates": [ 3.236636, 6.694808 ] } },
{ "type": "Feature", "properties": { "name": "Ansar Ud Deen Practising Primary School I, Ota", "amenity": "school" }, "geometry": { "type": "Point", "coordinates": [ 3.237033, 6.695543 ] } },
{ "type": "Feature", "properties": { "name": "God's Favour School", "amenity": "school" }, "geometry": { "type": "Point", "coordinates": [ 5.707219, 5.590633 ] } },
{ "type": "Feature", "properties": { "name": "Sacred Heart Seminary", "amenity": "college" }, "geometry": { "type": "Point", "coordinates": [ 7.044709, 4.845461 ] } },
{ "type": "Feature", "properties": { "name": "Pleasant Places", "amenity": "school" }, "geometry": { "type": "Point", "coordinates": [ 7.027334, 4.837179 ] } },
{ "type": "Feature", "properties": { "name": "Tower Gate Montessori School", "amenity": "school" }, "geometry": { "type": "Point", "coordinates": [ 7.032436, 4.83366 ] } },
{ "type": "Feature", "properties": { "name": "Greenwood International Nusery and Primary School", "amenity": "school" }, "geometry": { "type": "Point", "coordinates": [ 7.030908, 4.834158 ] } },
{ "type": "Feature", "properties": { "name": "Central Primary School", "amenity": "school" }, "geometry": { "type": "Point", "coordinates": [ 13.782651, 11.219496 ] } },
{ "type": "Feature", "properties": { "name": "Bishop Crowther Memorial Schools", "amenity": "school" }, "geometry": { "type": "Point", "coordinates": [ 7.029762, 4.836638 ] } },
{ "type": "Feature", "properties": { "name": "International Unity School", "amenity": "school" }, "geometry": { "type": "Point", "coordinates": [ 7.030983, 4.838906 ] } },
{ "type": "Feature", "properties": { "name": "State Primary School", "amenity": "school" }, "geometry": { "type": "Point", "coordinates": [ 7.038276, 4.828552 ] } },
{ "type": "Feature", "properties": { "name": "Community Primary School", "amenity": "school" }, "geometry": { "type": "Point", "coordinates": [ 6.355146, 4.953176 ] } },
{ "type": "Feature", "properties": { "name": "Great Learners International School", "amenity": "school" }, "geometry": { "type": "Point", "coordinates": [ 7.052408, 4.820854 ] } },
{ "type": "Feature", "properties": { "name": "Janice International School", "amenity": "school" }, "geometry": { "type": "Point", "coordinates": [ 7.050885, 4.819997 ] } },
{ "type": "Feature", "properties": { "name": "Crestonville Elementary", "amenity": "school" }, "geometry": { "type": "Point", "coordinates": [ 7.033402, 4.838289 ] } },
{ "type": "Feature", "properties": { "name": "Unique Fountain Academy", "amenity": "school" }, "geometry": { "type": "Point", "coordinates": [ 7.033885, 4.837598 ] } },
{ "type": "Feature", "properties": { "name": "Mara Imul Iman - Islamic School", "amenity": "school" }, "geometry": { "type": "Point", "coordinates": [ 13.152129, 11.806158 ] } },
{ "type": "Feature", "properties": { "name": "Mara Imul Iman - Islamic School", "amenity": "school" }, "geometry": { "type": "Point", "coordinates": [ 13.142115, 11.811551 ] } },
{ "type": "Feature", "properties": { "name": "Imoro Ogijo Comm. Primary School Ogijo", "amenity": "school" }, "geometry": { "type": "Point", "coordinates": [ 3.498976, 6.722676 ] } },
{ "type": "Feature", "properties": { "name": "Nadam Intl Academy", "amenity": "school" }, "geometry": { "type": "Point", "coordinates": [ 6.316489, 4.926572 ] } },
{ "type": "Feature", "properties": { "name": "EDS Exceptional Diamond School", "amenity": "school" }, "geometry": { "type": "Point", "coordinates": [ 7.05226, 4.821549 ] } },
{ "type": "Feature", "properties": { "name": "Methodist Primary School", "amenity": "school" }, "geometry": { "type": "Point", "coordinates": [ 3.91055, 7.436509 ] } },
{ "type": "Feature", "properties": { "name": "Local Government Primary School, Adekanmbi", "amenity": "school" }, "geometry": { "type": "Point", "coordinates": [ 3.018268, 6.683293 ] } },
{ "type": "Feature", "properties": { "name": "St. Micheal African Church Primary School Ii Ota", "amenity": "school" }, "geometry": { "type": "Point", "coordinates": [ 3.238124, 6.696131 ] } },
{ "type": "Feature", "properties": { "name": "University of Africa, Toru-Orua", "amenity": "college" }, "geometry": { "type": "Point", "coordinates": [ 6.066092, 5.100167 ] } },
{ "type": "Feature", "properties": { "name": "Kulp Bible School", "amenity": "school" }, "geometry": { "type": "Point", "coordinates": [ 13.170123, 10.327314 ] } },
{ "type": "Feature", "properties": { "name": "science garden", "amenity": "college" }, "geometry": { "type": "Point", "coordinates": [ 11.175113, 10.304457 ] } },
{ "type": "Feature", "properties": { "name": "St. Peters Anglican Primary School Itele-Ota", "amenity": "school" }, "geometry": { "type": "Point", "coordinates": [ 3.19182, 6.583815 ] } },
{ "type": "Feature", "properties": { "name": "Community Primary School,Iloye", "amenity": "school" }, "geometry": { "type": "Point", "coordinates": [ 3.265228, 6.711504 ] } },
{ "type": "Feature", "properties": { "name": "State School,  Eyabugbe Primary School", "amenity": "school" }, "geometry": { "type": "Point", "coordinates": [ 5.762394, 5.541687 ] } },
{ "type": "Feature", "properties": { "name": "College of Education", "amenity": "school" }, "geometry": { "type": "Point", "coordinates": [ 5.743602, 5.541829 ] } },
{ "type": "Feature", "properties": { "name": "Oredo Girls Junior/ Senior Secondary School", "amenity": "school" }, "geometry": { "type": "Point", "coordinates": [ 5.629839, 6.323529 ] } },
{ "type": "Feature", "properties": { "name": "Army Children School Iwo-Road", "amenity": "school" }, "geometry": { "type": "Point", "coordinates": [ 3.936274, 7.405403 ] } },
{ "type": "Feature", "properties": { "name": "Cranefield International School", "amenity": "school" }, "geometry": { "type": "Point", "coordinates": [ 5.696679, 5.599587 ] } },
{ "type": "Feature", "properties": { "name": "LPII", "amenity": "college" }, "geometry": { "type": "Point", "coordinates": [ 6.353097, 4.950471 ] } },
{ "type": "Feature", "properties": { "name": "Bennie International School", "amenity": null }, "geometry": { "type": "Point", "coordinates": [ 8.58371, 12.010839 ] } },
{ "type": "Feature", "properties": { "name": "Community Sec. School", "amenity": "school" }, "geometry": { "type": "Point", "coordinates": [ 6.473206, 5.089883 ] } },
{ "type": "Feature", "properties": { "name": "Holy Child Intl Modern School", "amenity": "school" }, "geometry": { "type": "Point", "coordinates": [ 6.309683, 4.931929 ] } },
{ "type": "Feature", "properties": { "name": "Kpansia  Secondary School", "amenity": "school" }, "geometry": { "type": "Point", "coordinates": [ 6.305329, 4.930768 ] } },
{ "type": "Feature", "properties": { "name": "Aso Treasures Standard High School", "amenity": "school" }, "geometry": { "type": "Point", "coordinates": [ 6.306613, 4.929856 ] } },
{ "type": "Feature", "properties": { "name": "Ansar Ud Deen Primary School, Iju Ota", "amenity": "school" }, "geometry": { "type": "Point", "coordinates": [ 3.133608, 6.678704 ] } },
{ "type": "Feature", "properties": { "name": "Nawair Ud Deen Primary School, Iju-Ota", "amenity": "school" }, "geometry": { "type": "Point", "coordinates": [ 3.134508, 6.678704 ] } },
{ "type": "Feature", "properties": { "name": "NESEC Academy", "amenity": "college" }, "geometry": { "type": "Point", "coordinates": [ 6.336949, 4.945848 ] } },
{ "type": "Feature", "properties": { "name": "NASFTS Buni Yadi", "amenity": "school" }, "geometry": { "type": "Point", "coordinates": [ 12.01375, 11.244601 ] } },
{ "type": "Feature", "properties": { "name": "Parkview Montessori School Enugu", "amenity": "school" }, "geometry": { "type": "Point", "coordinates": [ 7.494089, 6.459205 ] } },
{ "type": "Feature", "properties": { "name": "St. Mathias Grammar School", "amenity": "school" }, "geometry": { "type": "Point", "coordinates": [ 5.209987, 7.253033 ] } },
{ "type": "Feature", "properties": { "name": "Zumuratul Islamiyah Primary School, Ojumele", "amenity": "school" }, "geometry": { "type": "Point", "coordinates": [ 3.6358, 6.8471 ] } },
{ "type": "Feature", "properties": { "name": "Destiny Education Centre", "amenity": "school" }, "geometry": { "type": "Point", "coordinates": [ 5.586712, 6.371252 ] } },
{ "type": "Feature", "properties": { "name": "Metropolitan Institute of Technology", "amenity": "school" }, "geometry": { "type": "Point", "coordinates": [ 5.625294, 6.304569 ] } },
{ "type": "Feature", "properties": { "name": "St. Patrick primary School Iyamoyong", "amenity": "school" }, "geometry": { "type": "Point", "coordinates": [ 8.358294, 5.971618 ] } },
{ "type": "Feature", "properties": { "name": "Local Government Primary School, Ita-Merin", "amenity": "school" }, "geometry": { "type": "Point", "coordinates": [ 3.600681, 6.753111 ] } },
{ "type": "Feature", "properties": { "name": "Obafemi Awolowo University, Moro Campus", "amenity": "college" }, "geometry": { "type": "Point", "coordinates": [ 4.470377, 7.541928 ] } },
{ "type": "Feature", "properties": { "name": "Bright Hope Standard College", "amenity": "school" }, "geometry": { "type": "Point", "coordinates": [ 7.113528, 4.859416 ] } },
{ "type": "Feature", "properties": { "name": "Community Primary School", "amenity": "school" }, "geometry": { "type": "Point", "coordinates": [ 6.364371, 4.959446 ] } },
{ "type": "Feature", "properties": { "name": "INTERCONTINENTAL SCHOOLS, PRIMARY", "amenity": "school" }, "geometry": { "type": "Point", "coordinates": [ 8.553311, 11.978937 ] } },
{ "type": "Feature", "properties": { "name": "École Primaire Guidan Elh Sambo", "amenity": "school" }, "geometry": { "type": "Point", "coordinates": [ 8.145447, 13.286647 ] } },
{ "type": "Feature", "properties": { "name": "Bravura Secondary School", "amenity": "school" }, "geometry": { "type": "Point", "coordinates": [ 5.631597, 6.363162 ] } },
{ "type": "Feature", "properties": { "name": "Maiduguri International Scholl", "amenity": "school" }, "geometry": { "type": "Point", "coordinates": [ 13.139629, 11.805569 ] } },
{ "type": "Feature", "properties": { "name": "Rimai Model Primary School", "amenity": "school" }, "geometry": { "type": "Point", "coordinates": [ 7.862852, 12.320502 ] } },
{ "type": "Feature", "properties": { "name": "Mafoni liberty Primary School", "amenity": "school" }, "geometry": { "type": "Point", "coordinates": [ 13.139272, 11.804309 ] } },
{ "type": "Feature", "properties": { "name": "FederalUniversity Ndufu Alike Ikwo", "amenity": "university" }, "geometry": { "type": "Point", "coordinates": [ 8.147001, 6.133989 ] } },
{ "type": "Feature", "properties": { "name": "Fed poly Nasarawa", "amenity": "college" }, "geometry": { "type": "Point", "coordinates": [ 7.725123, 8.565634 ] } },
{ "type": "Feature", "properties": { "name": "Trust Nusery and Primary School", "amenity": "school" }, "geometry": { "type": "Point", "coordinates": [ 3.373668, 6.494735 ] } },
{ "type": "Feature", "properties": { "name": "St. Saviours Nusery School Complex", "amenity": "school" }, "geometry": { "type": "Point", "coordinates": [ 3.376301, 6.489265 ] } },
{ "type": "Feature", "properties": { "name": "Soro Montessori Nusery School", "amenity": "school" }, "geometry": { "type": "Point", "coordinates": [ 3.377225, 6.489656 ] } },
{ "type": "Feature", "properties": { "name": "Central school Nnarambia", "amenity": "school" }, "geometry": { "type": "Point", "coordinates": [ 7.262974, 5.524146 ] } },
{ "type": "Feature", "properties": { "name": "Ahiara Technical College (ATC) Nnarambia", "amenity": "school" }, "geometry": { "type": "Point", "coordinates": [ 7.262114, 5.525219 ] } },
{ "type": "Feature", "properties": { "name": "TOMPKINS SOLID ACADEMY GOMBE", "amenity": "school" }, "geometry": { "type": "Point", "coordinates": [ 11.080259, 10.288163 ] } },
{ "type": "Feature", "properties": { "name": "JSS SHONGO IDRISA", "amenity": "school" }, "geometry": { "type": "Point", "coordinates": [ 11.079959, 10.289785 ] } },
{ "type": "Feature", "properties": { "name": "Petroleum Training Institute (PTI)", "amenity": "college" }, "geometry": { "type": "Point", "coordinates": [ 5.797596, 5.574672 ] } },
{ "type": "Feature", "properties": { "name": "Local Government Primary School, Ayede", "amenity": "school" }, "geometry": { "type": "Point", "coordinates": [ 2.9429, 6.5622 ] } },
{ "type": "Feature", "properties": { "name": "J Nissi College", "amenity": "school" }, "geometry": { "type": "Point", "coordinates": [ 3.960794, 7.438654 ] } },
{ "type": "Feature", "properties": { "name": "ODIA PRIMARY SCHOOL", "amenity": "school" }, "geometry": { "type": "Point", "coordinates": [ 5.567733, 6.28359 ] } },
{ "type": "Feature", "properties": { "name": "Kofar Marusa Primary School", "amenity": "school" }, "geometry": { "type": "Point", "coordinates": [ 7.612618, 12.988179 ] } },
{ "type": "Feature", "properties": { "name": "First view Schools", "amenity": "school" }, "geometry": { "type": "Point", "coordinates": [ 5.831676, 5.507728 ] } },
{ "type": "Feature", "properties": { "name": "Okaka Primary School", "amenity": "school" }, "geometry": { "type": "Point", "coordinates": [ 5.831122, 5.507129 ] } },
{ "type": "Feature", "properties": { "name": "St. Theresa 's Group of Schools", "amenity": "school" }, "geometry": { "type": "Point", "coordinates": [ 5.831384, 5.507854 ] } },
{ "type": "Feature", "properties": { "name": "International School", "amenity": "kindergarten" }, "geometry": { "type": "Point", "coordinates": [ 13.145708, 11.816348 ] } },
{ "type": "Feature", "properties": { "name": "Aleru University", "amenity": "university" }, "geometry": { "type": "Point", "coordinates": [ 4.48932, 12.306753 ] } },
{ "type": "Feature", "properties": { "name": "Musa Babayo", "amenity": "college" }, "geometry": { "type": "Point", "coordinates": [ 11.171441, 10.306066 ] } },
{ "type": "Feature", "properties": { "name": "JWD Somasundara", "amenity": "college" }, "geometry": { "type": "Point", "coordinates": [ 11.17098, 10.305364 ] } },
{ "type": "Feature", "properties": { "name": "Haruna Kadir Rashid", "amenity": "college" }, "geometry": { "type": "Point", "coordinates": [ 11.173093, 10.30809 ] } },
{ "type": "Feature", "properties": { "name": "Rufai Ahmad Alkali", "amenity": "college" }, "geometry": { "type": "Point", "coordinates": [ 11.172058, 10.305536 ] } },
{ "type": "Feature", "properties": { "name": "Ibrahim Waziri Abubakar", "amenity": "college" }, "geometry": { "type": "Point", "coordinates": [ 11.17128, 10.305297 ] } },
{ "type": "Feature", "properties": { "name": "Islamic School", "amenity": "kindergarten" }, "geometry": { "type": "Point", "coordinates": [ 13.160722, 11.822273 ] } },
{ "type": "Feature", "properties": { "name": "Jesus college", "amenity": "school" }, "geometry": { "type": "Point", "coordinates": [ 8.153506, 7.203856 ] } },
{ "type": "Feature", "properties": { "name": "Hagios International School", "amenity": "school" }, "geometry": { "type": "Point", "coordinates": [ 8.104754, 6.235256 ] } },
{ "type": "Feature", "properties": { "name": "African Church Primary School I Okungbolu", "amenity": "school" }, "geometry": { "type": "Point", "coordinates": [ 3.30624, 6.714444 ] } },
{ "type": "Feature", "properties": { "name": "Federal Science and Technical College, Tungbo", "amenity": "college" }, "geometry": { "type": "Point", "coordinates": [ 6.171487, 5.13061 ] } },
{ "type": "Feature", "properties": { "name": "Ladoke Akintola University of Technology (LAUTECH)", "amenity": "college" }, "geometry": { "type": "Point", "coordinates": [ 4.267042, 8.167315 ] } },
{ "type": "Feature", "properties": { "name": "Ladoke Akintola University of Technology (LAUTECH)", "amenity": "college" }, "geometry": { "type": "Point", "coordinates": [ 4.268041, 8.166756 ] } },
{ "type": "Feature", "properties": { "name": "Redeemers University, Ede", "amenity": "college" }, "geometry": { "type": "Point", "coordinates": [ 4.460089, 7.678163 ] } },
{ "type": "Feature", "properties": { "name": "RAE Creche", "amenity": "school" }, "geometry": { "type": "Point", "coordinates": [ 3.324123, 6.553094 ] } },
{ "type": "Feature", "properties": { "name": "Cedar Court British International School", "amenity": "school" }, "geometry": { "type": "Point", "coordinates": [ 6.283508, 4.933944 ] } },
{ "type": "Feature", "properties": { "name": "Azaiki Institute of Science and Technology", "amenity": "school" }, "geometry": { "type": "Point", "coordinates": [ 6.283081, 4.933616 ] } },
{ "type": "Feature", "properties": { "name": "St. Joseph's College, Ondo", "amenity": "school" }, "geometry": { "type": "Point", "coordinates": [ 4.818371, 7.104266 ] } },
{ "type": "Feature", "properties": { "name": "Government Crafts Development Centre, Adagbabiri", "amenity": "school" }, "geometry": { "type": "Point", "coordinates": [ 6.20655, 5.205435 ] } },
{ "type": "Feature", "properties": { "name": "Hansal International School", "amenity": "school" }, "geometry": { "type": "Point", "coordinates": [ 6.357821, 4.939326 ] } },
{ "type": "Feature", "properties": { "name": "Government Primary School, Bonny", "amenity": "school" }, "geometry": { "type": "Point", "coordinates": [ 7.16573, 4.43719 ] } },
{ "type": "Feature", "properties": { "name": "State Primary School, Olanada", "amenity": "school" }, "geometry": { "type": "Point", "coordinates": [ 6.994701, 4.833614 ] } },
{ "type": "Feature", "properties": { "name": "Royal Step International School", "amenity": "school" }, "geometry": { "type": "Point", "coordinates": [ 6.972364, 4.855752 ] } },
{ "type": "Feature", "properties": { "name": "Ezoti Primary School", "amenity": "school" }, "geometry": { "type": "Point", "coordinates": [ 5.6167, 6.328377 ] } },
{ "type": "Feature", "properties": { "name": "Jessilac Montessory School", "amenity": "kindergarten" }, "geometry": { "type": "Point", "coordinates": [ 5.596665, 6.288777 ] } },
{ "type": "Feature", "properties": { "name": "The Grange Creach", "amenity": "kindergarten" }, "geometry": { "type": "Point", "coordinates": [ 5.618809, 6.304589 ] } },
{ "type": "Feature", "properties": { "name": "Primary School Katugal", "amenity": null }, "geometry": { "type": "Point", "coordinates": [ 7.883586, 9.465614 ] } },
{ "type": "Feature", "properties": { "name": "Biochemistry and microbiology department", "amenity": "college" }, "geometry": { "type": "Point", "coordinates": [ 11.175129, 10.30375 ] } },
{ "type": "Feature", "properties": { "name": "National Teachers Institute", "amenity": "college" }, "geometry": { "type": "Point", "coordinates": [ 7.469802, 10.620374 ] } },
{ "type": "Feature", "properties": { "name": "Class 5A", "amenity": "school" }, "geometry": { "type": "Point", "coordinates": [ 11.167547, 10.306928 ] } },
{ "type": "Feature", "properties": { "name": "NURAIN INTEGRATED SCHOOL", "amenity": "school" }, "geometry": { "type": "Point", "coordinates": [ 11.160775, 10.319148 ] } },
{ "type": "Feature", "properties": { "name": "GDJSS", "amenity": "school" }, "geometry": { "type": "Point", "coordinates": [ 11.178119, 10.309241 ] } },
{ "type": "Feature", "properties": { "name": "Command Children School", "amenity": "school" }, "geometry": { "type": "Point", "coordinates": [ 5.620225, 6.312518 ] } },
{ "type": "Feature", "properties": { "name": "Baptist College of Theology", "amenity": "school" }, "geometry": { "type": "Point", "coordinates": [ 6.948117, 5.416948 ] } },
{ "type": "Feature", "properties": { "name": "Primary school", "amenity": "school" }, "geometry": { "type": "Point", "coordinates": [ 4.774215, 7.221414 ] } },
{ "type": "Feature", "properties": { "name": "Primary school", "amenity": "school" }, "geometry": { "type": "Point", "coordinates": [ 4.754967, 7.217336 ] } },
{ "type": "Feature", "properties": { "name": "OGISO PRY SCH", "amenity": "school" }, "geometry": { "type": "Point", "coordinates": [ 5.564972, 6.293052 ] } },
{ "type": "Feature", "properties": { "name": "St John's College Jos", "amenity": "school" }, "geometry": { "type": "Point", "coordinates": [ 8.87634, 9.93061 ] } },
{ "type": "Feature", "properties": { "name": "Agboola Model School", "amenity": "school" }, "geometry": { "type": "Point", "coordinates": [ 8.912853, 9.925266 ] } },
{ "type": "Feature", "properties": { "name": "Nuhu Bamalli Polytechnic Zaria", "amenity": "school" }, "geometry": { "type": "Point", "coordinates": [ 7.673944, 11.037333 ] } },
{ "type": "Feature", "properties": { "name": "Ado Gwaram Secondary School", "amenity": "school" }, "geometry": { "type": "Point", "coordinates": [ 8.531557, 11.967557 ] } },
{ "type": "Feature", "properties": { "name": "GYADI GYADI, GIRLS SECONDARY SCHOOL", "amenity": "school" }, "geometry": { "type": "Point", "coordinates": [ 8.54481, 11.967894 ] } },
{ "type": "Feature", "properties": { "name": "senior block", "amenity": null }, "geometry": { "type": "Point", "coordinates": [ 8.542715, 12.022847 ] } },
{ "type": "Feature", "properties": { "name": "INTERCONTINENTAL SCHOOLS, SEC", "amenity": "school" }, "geometry": { "type": "Point", "coordinates": [ 8.553712, 11.978936 ] } },
{ "type": "Feature", "properties": { "name": "Premap Intl. Montessori School", "amenity": "school" }, "geometry": { "type": "Point", "coordinates": [ 6.347548, 4.949082 ] } },
{ "type": "Feature", "properties": { "name": "Albakans pre science school", "amenity": "school" }, "geometry": { "type": "Point", "coordinates": [ 8.865145, 9.897575 ] } },
{ "type": "Feature", "properties": { "name": "Madarasatu Amina Islamiyya Primary School", "amenity": "school" }, "geometry": { "type": "Point", "coordinates": [ 8.551032, 12.027281 ] } },
{ "type": "Feature", "properties": { "name": "St. John's Secondary Kachia", "amenity": "school" }, "geometry": { "type": "Point", "coordinates": [ 7.951385, 9.894928 ] } },
{ "type": "Feature", "properties": { "name": "GSS Kachia", "amenity": "school" }, "geometry": { "type": "Point", "coordinates": [ 7.957553, 9.881398 ] } },
{ "type": "Feature", "properties": { "name": "Governor's College", "amenity": "school" }, "geometry": { "type": "Point", "coordinates": [ 8.532391, 11.990424 ] } },
{ "type": "Feature", "properties": { "name": "Unival Computer School", "amenity": "school" }, "geometry": { "type": "Point", "coordinates": [ 5.611569, 6.343541 ] } },
{ "type": "Feature", "properties": { "name": "Ayela Uwangue School", "amenity": "school" }, "geometry": { "type": "Point", "coordinates": [ 5.626251, 6.359844 ] } },
{ "type": "Feature", "properties": { "name": "Konigin Des Fredens College", "amenity": "school" }, "geometry": { "type": "Point", "coordinates": [ 7.502396, 6.413481 ] } },
{ "type": "Feature", "properties": { "name": "St. Loius Grammar School", "amenity": "school" }, "geometry": { "type": "Point", "coordinates": [ 5.179355, 7.252493 ] } },
{ "type": "Feature", "properties": { "name": "St. Joseph Primary School", "amenity": "school" }, "geometry": { "type": "Point", "coordinates": [ 4.72926, 7.164461 ] } },
{ "type": "Feature", "properties": { "name": "Ekhaguere Primary School", "amenity": "school" }, "geometry": { "type": "Point", "coordinates": [ 5.600429, 6.295617 ] } },
{ "type": "Feature", "properties": { "name": "Nigeria Prisons Staff Nursery/Primary/Secondary School", "amenity": "school" }, "geometry": { "type": "Point", "coordinates": [ 5.595481, 6.294637 ] } },
{ "type": "Feature", "properties": { "name": "Redeemer Int. Group of School", "amenity": "school" }, "geometry": { "type": "Point", "coordinates": [ 5.62634, 6.306267 ] } },
{ "type": "Feature", "properties": { "name": "Phelim School", "amenity": "school" }, "geometry": { "type": "Point", "coordinates": [ 5.619727, 6.303032 ] } },
{ "type": "Feature", "properties": { "name": "Government Comprehensive Secondary School", "amenity": "college" }, "geometry": { "type": "Point", "coordinates": [ 6.437899, 5.06644 ] } },
{ "type": "Feature", "properties": { "name": "Isaac Jasper Boro College of Education, Sagbama", "amenity": "college" }, "geometry": { "type": "Point", "coordinates": [ 6.194089, 5.150546 ] } },
{ "type": "Feature", "properties": { "name": "Heritage Little lambs academy Jos", "amenity": "school" }, "geometry": { "type": "Point", "coordinates": [ 8.854843, 9.955963 ] } },
{ "type": "Feature", "properties": { "name": "LOFTY GRIMSHAW MEMORIAL INSTITUTE", "amenity": "school" }, "geometry": { "type": "Point", "coordinates": [ 8.854222, 9.953979 ] } },
{ "type": "Feature", "properties": { "name": "Jayfield Int'l high School", "amenity": "school" }, "geometry": { "type": "Point", "coordinates": [ 5.568687, 6.365404 ] } },
{ "type": "Feature", "properties": { "name": "Useh Secondary School", "amenity": "school" }, "geometry": { "type": "Point", "coordinates": [ 5.571954, 6.366895 ] } },
{ "type": "Feature", "properties": { "name": "Malachi Memorial school", "amenity": "school" }, "geometry": { "type": "Point", "coordinates": [ 5.607385, 6.330703 ] } },
{ "type": "Feature", "properties": { "name": "Ogbe Primary School", "amenity": "school" }, "geometry": { "type": "Point", "coordinates": [ 5.616384, 6.33012 ] } },
{ "type": "Feature", "properties": { "name": "Greter tomorro nurstry and primary school", "amenity": "school" }, "geometry": { "type": "Point", "coordinates": [ 5.617772, 6.310184 ] } },
{ "type": "Feature", "properties": { "name": "Chosen Secondary SchoolMgbi", "amenity": "school" }, "geometry": { "type": "Point", "coordinates": [ 6.861586, 5.7208 ] } },
{ "type": "Feature", "properties": { "name": "Matthias Intl. Academy", "amenity": "school" }, "geometry": { "type": "Point", "coordinates": [ 5.711977, 5.584889 ] } },
{ "type": "Feature", "properties": { "name": "Department of Sociology", "amenity": "school" }, "geometry": { "type": "Point", "coordinates": [ 11.174213, 10.30607 ] } },
{ "type": "Feature", "properties": { "name": "GDSS GANDU", "amenity": "school" }, "geometry": { "type": "Point", "coordinates": [ 11.173958, 10.296494 ] } },
{ "type": "Feature", "properties": { "name": "Linkfield Int'l School", "amenity": "school" }, "geometry": { "type": "Point", "coordinates": [ 7.012121, 5.483191 ] } },
{ "type": "Feature", "properties": { "name": "LIMAN PRIMARY DCHOOL", "amenity": "school" }, "geometry": { "type": "Point", "coordinates": [ 11.174272, 10.300673 ] } },
{ "type": "Feature", "properties": { "name": "Nigeria Institute of Management", "amenity": "college" }, "geometry": { "type": "Point", "coordinates": [ 5.622664, 6.307145 ] } },
{ "type": "Feature", "properties": { "name": "Politcal Science Department", "amenity": "college" }, "geometry": { "type": "Point", "coordinates": [ 11.174511, 10.306377 ] } },
{ "type": "Feature", "properties": { "name": "Economics Department", "amenity": "college" }, "geometry": { "type": "Point", "coordinates": [ 11.174285, 10.306473 ] } },
{ "type": "Feature", "properties": { "name": "Faculty Rooms", "amenity": "college" }, "geometry": { "type": "Point", "coordinates": [ 11.173712, 10.306036 ] } },
{ "type": "Feature", "properties": { "name": "Obeledu Community Secondary School", "amenity": "school" }, "geometry": { "type": "Point", "coordinates": [ 7.019332, 6.072538 ] } },
{ "type": "Feature", "properties": { "name": "Early Child Care Development Education Primary School", "amenity": "school" }, "geometry": { "type": "Point", "coordinates": [ 11.172837, 10.300285 ] } },
{ "type": "Feature", "properties": { "name": "Rutero Model School", "amenity": "school" }, "geometry": { "type": "Point", "coordinates": [ 5.707021, 5.593268 ] } },
{ "type": "Feature", "properties": { "name": "Jeddo Primary School", "amenity": "school" }, "geometry": { "type": "Point", "coordinates": [ 5.705625, 5.592521 ] } },
{ "type": "Feature", "properties": { "name": "Community Secondary School, Korokoro", "amenity": "school" }, "geometry": { "type": "Point", "coordinates": [ 7.311089, 4.733914 ] } },
{ "type": "Feature", "properties": { "name": "American International School Abuja", "amenity": "school" }, "geometry": { "type": "Point", "coordinates": [ 7.457403, 9.022538 ] } },
{ "type": "Feature", "properties": { "name": "Uniport", "amenity": "school" }, "geometry": { "type": "Point", "coordinates": [ 6.903959, 4.899663 ] } },
{ "type": "Feature", "properties": { "name": "Rumuokwachi Primary School", "amenity": "school" }, "geometry": { "type": "Point", "coordinates": [ 6.928609, 4.862025 ] } },
{ "type": "Feature", "properties": { "name": "Mercy Girls college", "amenity": "school" }, "geometry": { "type": "Point", "coordinates": [ 7.383657, 5.120179 ] } },
{ "type": "Feature", "properties": { "name": "Uvbi Primary School", "amenity": "school" }, "geometry": { "type": "Point", "coordinates": [ 5.634085, 6.327669 ] } },
{ "type": "Feature", "properties": { "name": "HOTORO MARADI SPECIAL PRIMARY SCHOOL", "amenity": "school" }, "geometry": { "type": "Point", "coordinates": [ 8.579655, 11.960267 ] } },
{ "type": "Feature", "properties": { "name": "SCIENCE SECONDARY SCHOOL", "amenity": "school" }, "geometry": { "type": "Point", "coordinates": [ 8.567444, 11.946445 ] } },
{ "type": "Feature", "properties": { "name": "Garama Primary School", "amenity": "school" }, "geometry": { "type": "Point", "coordinates": [ 7.6042, 12.984344 ] } },
{ "type": "Feature", "properties": { "name": "Ajaokuta Indian Language School", "amenity": "school" }, "geometry": { "type": "Point", "coordinates": [ 6.600841, 7.557084 ] } },
{ "type": "Feature", "properties": { "name": "ZBA", "amenity": null }, "geometry": { "type": "Point", "coordinates": [ 11.171028, 10.260768 ] } },
{ "type": "Feature", "properties": { "name": "Faculty of Science Complex", "amenity": "university" }, "geometry": { "type": "Point", "coordinates": [ 11.175339, 10.304987 ] } },
{ "type": "Feature", "properties": { "name": "Center Epie Secondary School", "amenity": "college" }, "geometry": { "type": "Point", "coordinates": [ 6.336919, 4.94938 ] } },
{ "type": "Feature", "properties": { "name": "College of Medical sciences", "amenity": "college" }, "geometry": { "type": "Point", "coordinates": [ 11.174665, 10.303376 ] } },
{ "type": "Feature", "properties": { "name": "GYADI GYADI SPECIAL PRIMARY SCHOOL", "amenity": "school" }, "geometry": { "type": "Point", "coordinates": [ 8.545984, 11.968397 ] } },
{ "type": "Feature", "properties": { "name": "Hassan Gwarzo School", "amenity": "school" }, "geometry": { "type": "Point", "coordinates": [ 8.539857, 11.949377 ] } },
{ "type": "Feature", "properties": { "name": "Babban Giji Secondary School, Karkasara", "amenity": "school" }, "geometry": { "type": "Point", "coordinates": [ 8.544745, 11.958514 ] } },
{ "type": "Feature", "properties": { "name": "Funlyafa School", "amenity": "school" }, "geometry": { "type": "Point", "coordinates": [ 6.32667, 4.938638 ] } },
{ "type": "Feature", "properties": { "name": "Almina Montessori School", "amenity": "school" }, "geometry": { "type": "Point", "coordinates": [ 6.34872, 4.952826 ] } },
{ "type": "Feature", "properties": { "name": "Bright Pearls School", "amenity": "school" }, "geometry": { "type": "Point", "coordinates": [ 6.344815, 4.950539 ] } },
{ "type": "Feature", "properties": { "name": "Tare PET Montessoy Group of Schools", "amenity": "school" }, "geometry": { "type": "Point", "coordinates": [ 6.30984, 4.927953 ] } },
{ "type": "Feature", "properties": { "name": "Comprehensive High School Azuzuama", "amenity": "school" }, "geometry": { "type": "Point", "coordinates": [ 5.942304, 4.714184 ] } },
{ "type": "Feature", "properties": { "name": "St Paul School", "amenity": "school" }, "geometry": { "type": "Point", "coordinates": [ 5.944724, 4.718174 ] } },
{ "type": "Feature", "properties": { "name": "Nazareth schools", "amenity": "school" }, "geometry": { "type": "Point", "coordinates": [ 7.059441, 4.824732 ] } },
{ "type": "Feature", "properties": { "name": "ASCL Staff Secondary School I", "amenity": "school" }, "geometry": { "type": "Point", "coordinates": [ 6.600162, 7.54962 ] } },
{ "type": "Feature", "properties": { "name": "Uwa Primary School", "amenity": "school" }, "geometry": { "type": "Point", "coordinates": [ 5.633653, 6.329603 ] } },
{ "type": "Feature", "properties": { "name": "GDSS Feshingo", "amenity": "school" }, "geometry": { "type": "Point", "coordinates": [ 11.46684, 10.916651 ] } },
{ "type": "Feature", "properties": { "name": "Evangel Group of Schools", "amenity": "school" }, "geometry": { "type": "Point", "coordinates": [ 11.151902, 10.287629 ] } },
{ "type": "Feature", "properties": { "name": "Eagles Height International School", "amenity": "school" }, "geometry": { "type": "Point", "coordinates": [ 5.733349, 5.529388 ] } },
{ "type": "Feature", "properties": { "name": "Umuezie Community Primary School", "amenity": "school" }, "geometry": { "type": "Point", "coordinates": [ 7.196712, 5.494596 ] } },
{ "type": "Feature", "properties": { "name": "Arinze Primary School", "amenity": "school" }, "geometry": { "type": "Point", "coordinates": [ 5.632246, 6.321686 ] } },
{ "type": "Feature", "properties": { "name": "Jauro Secondary school", "amenity": "school" }, "geometry": { "type": "Point", "coordinates": [ 11.172415, 10.299062 ] } },
{ "type": "Feature", "properties": { "name": "Doxaville School", "amenity": "school" }, "geometry": { "type": "Point", "coordinates": [ 5.749094, 5.531845 ] } },
{ "type": "Feature", "properties": { "name": "AL AZHAR COLLEGE OF SCIENCE AND HUMANITIES", "amenity": "school" }, "geometry": { "type": "Point", "coordinates": [ 8.476161, 11.962148 ] } },
{ "type": "Feature", "properties": { "name": "ABBA CUSTOM SPECIAL PRIMARY SCHOOL", "amenity": "school" }, "geometry": { "type": "Point", "coordinates": [ 8.475246, 11.963854 ] } },
{ "type": "Feature", "properties": { "name": "BINTA FOUNDATION", "amenity": "school" }, "geometry": { "type": "Point", "coordinates": [ 8.581546, 12.055975 ] } },
{ "type": "Feature", "properties": { "name": "ALMUHAJIRUN WAL ANSAR LITAHFIZUL QUR AN WADDARASATUK ILAMIYYA", "amenity": "school" }, "geometry": { "type": "Point", "coordinates": [ 8.577231, 12.053948 ] } },
{ "type": "Feature", "properties": { "name": "ZAHEERA INTERNATIONAL SCHOOL", "amenity": "school" }, "geometry": { "type": "Point", "coordinates": [ 8.574165, 12.051745 ] } },
{ "type": "Feature", "properties": { "name": "MAKARANTAR MAL ME MANGWARO", "amenity": "school" }, "geometry": { "type": "Point", "coordinates": [ 8.563149, 12.034371 ] } },
{ "type": "Feature", "properties": { "name": "ƊA'ATUN NABIYYU", "amenity": "school" }, "geometry": { "type": "Point", "coordinates": [ 8.570147, 12.049293 ] } },
{ "type": "Feature", "properties": { "name": "Salvation Model Nursery and Primary School", "amenity": "school" }, "geometry": { "type": "Point", "coordinates": [ 5.745317, 5.531447 ] } },
{ "type": "Feature", "properties": { "name": "Unique Intl. School", "amenity": "school" }, "geometry": { "type": "Point", "coordinates": [ 5.774279, 5.56589 ] } },
{ "type": "Feature", "properties": { "name": "Aunty Gold's Christian Academy", "amenity": "school" }, "geometry": { "type": "Point", "coordinates": [ 5.772471, 5.566289 ] } },
{ "type": "Feature", "properties": { "name": "State School of Nursing", "amenity": "school" }, "geometry": { "type": "Point", "coordinates": [ 5.742567, 5.534864 ] } },
{ "type": "Feature", "properties": { "name": "St. Anthony Group of School", "amenity": "school" }, "geometry": { "type": "Point", "coordinates": [ 5.761042, 5.540726 ] } },
{ "type": "Feature", "properties": { "name": "SUCCESS ACADEMY", "amenity": "school" }, "geometry": { "type": "Point", "coordinates": [ 8.564252, 12.041825 ] } },
{ "type": "Feature", "properties": { "name": "FAIR MINDED ACADAMY", "amenity": "school" }, "geometry": { "type": "Point", "coordinates": [ 8.574923, 12.048052 ] } },
{ "type": "Feature", "properties": { "name": "HAFSA LITAHAFEZUL QUR AN", "amenity": "school" }, "geometry": { "type": "Point", "coordinates": [ 8.472748, 11.958629 ] } },
{ "type": "Feature", "properties": { "name": "MADINA COLLEGE KANO", "amenity": "school" }, "geometry": { "type": "Point", "coordinates": [ 8.469547, 11.965756 ] } },
{ "type": "Feature", "properties": { "name": "BINAYAH MODEL SCHOOLS", "amenity": "school" }, "geometry": { "type": "Point", "coordinates": [ 8.471858, 11.956546 ] } },
{ "type": "Feature", "properties": { "name": "School of Hygiene", "amenity": "college" }, "geometry": { "type": "Point", "coordinates": [ 3.867436, 7.411303 ] } },
{ "type": "Feature", "properties": { "name": "St Daniel Group Of School", "amenity": "kindergarten" }, "geometry": { "type": "Point", "coordinates": [ 5.615401, 6.33655 ] } },
{ "type": "Feature", "properties": { "name": "Unibound International Group of School", "amenity": "school" }, "geometry": { "type": "Point", "coordinates": [ 5.607209, 6.34398 ] } },
{ "type": "Feature", "properties": { "name": "Franej group of school", "amenity": "school" }, "geometry": { "type": "Point", "coordinates": [ 5.591752, 6.325886 ] } },
{ "type": "Feature", "properties": { "name": "Okai Primary School", "amenity": "school" }, "geometry": { "type": "Point", "coordinates": [ 5.616696, 6.335965 ] } },
{ "type": "Feature", "properties": { "name": "Victory Group of School", "amenity": "school" }, "geometry": { "type": "Point", "coordinates": [ 5.595709, 6.338887 ] } },
{ "type": "Feature", "properties": { "name": "Colombia Academy", "amenity": "school" }, "geometry": { "type": "Point", "coordinates": [ 5.59592, 6.337641 ] } },
{ "type": "Feature", "properties": { "name": "Chinel University Academy", "amenity": "school" }, "geometry": { "type": "Point", "coordinates": [ 5.598684, 6.338301 ] } },
{ "type": "Feature", "properties": { "name": "Royal Kiddies Academy", "amenity": "school" }, "geometry": { "type": "Point", "coordinates": [ 5.60782, 6.345021 ] } },
{ "type": "Feature", "properties": { "name": "Precious Group of School", "amenity": "school" }, "geometry": { "type": "Point", "coordinates": [ 5.609976, 6.342783 ] } },
{ "type": "Feature", "properties": { "name": "Uyiosa Nursery/Primary School", "amenity": "school" }, "geometry": { "type": "Point", "coordinates": [ 5.61132, 6.339782 ] } },
{ "type": "Feature", "properties": { "name": "South Point Royal School", "amenity": "school" }, "geometry": { "type": "Point", "coordinates": [ 5.613029, 6.322755 ] } },
{ "type": "Feature", "properties": { "name": "Solid Foundation School", "amenity": "school" }, "geometry": { "type": "Point", "coordinates": [ 5.619006, 6.337373 ] } },
{ "type": "Feature", "properties": { "name": "Ihogbe College", "amenity": "school" }, "geometry": { "type": "Point", "coordinates": [ 5.61726, 6.350532 ] } },
{ "type": "Feature", "properties": { "name": "Ore-Oghene Primary School", "amenity": "school" }, "geometry": { "type": "Point", "coordinates": [ 5.613908, 6.34562 ] } },
{ "type": "Feature", "properties": { "name": "Holy Mary Comprehensive College", "amenity": "school" }, "geometry": { "type": "Point", "coordinates": [ 5.631012, 6.323513 ] } },
{ "type": "Feature", "properties": { "name": "Greter Tomorow Secondary School", "amenity": "school" }, "geometry": { "type": "Point", "coordinates": [ 5.604831, 6.301557 ] } },
{ "type": "Feature", "properties": { "name": "Great Oxford Int. Group Of Schools", "amenity": "school" }, "geometry": { "type": "Point", "coordinates": [ 5.632584, 6.326564 ] } },
{ "type": "Feature", "properties": { "name": "Winrose Group Of School", "amenity": "school" }, "geometry": { "type": "Point", "coordinates": [ 5.632357, 6.319991 ] } },
{ "type": "Feature", "properties": { "name": "LGEA Primary School", "amenity": "school" }, "geometry": { "type": "Point", "coordinates": [ 4.830122, 8.320733 ] } },
{ "type": "Feature", "properties": { "name": "LGEA Primary School", "amenity": "school" }, "geometry": { "type": "Point", "coordinates": [ 4.804004, 8.298061 ] } },
{ "type": "Feature", "properties": { "name": "Arisen Grace & Faith Schools", "amenity": "school" }, "geometry": { "type": "Point", "coordinates": [ 5.632016, 6.329559 ] } },
{ "type": "Feature", "properties": { "name": "Greater Tomorrow Group of Schools", "amenity": "school" }, "geometry": { "type": "Point", "coordinates": [ 5.605015, 6.301399 ] } },
{ "type": "Feature", "properties": { "name": "Dominion Children Academy", "amenity": "school" }, "geometry": { "type": "Point", "coordinates": [ 5.581691, 6.360944 ] } },
{ "type": "Feature", "properties": { "name": "Eweka Primary School", "amenity": "school" }, "geometry": { "type": "Point", "coordinates": [ 5.583084, 6.362636 ] } },
{ "type": "Feature", "properties": { "name": "Goberts School", "amenity": "school" }, "geometry": { "type": "Point", "coordinates": [ 5.583477, 6.365905 ] } },
{ "type": "Feature", "properties": { "name": "St Paul Memorial Secondary School", "amenity": "school" }, "geometry": { "type": "Point", "coordinates": [ 5.586415, 6.365614 ] } },
{ "type": "Feature", "properties": { "name": "Kawo Primary", "amenity": "school" }, "geometry": { "type": "Point", "coordinates": [ 8.571814, 11.981857 ] } },
{ "type": "Feature", "properties": { "name": "Firm Foundation Adult Education Center", "amenity": "school" }, "geometry": { "type": "Point", "coordinates": [ 5.63212, 6.336164 ] } },
{ "type": "Feature", "properties": { "name": "government science and tecnology", "amenity": "college" }, "geometry": { "type": "Point", "coordinates": [ 5.629915, 6.382418 ] } },
{ "type": "Feature", "properties": { "name": "Inomwan Fundation Secondary School", "amenity": "school" }, "geometry": { "type": "Point", "coordinates": [ 5.627563, 6.311079 ] } },
{ "type": "Feature", "properties": { "name": "Emanuel Foundation School", "amenity": "school" }, "geometry": { "type": "Point", "coordinates": [ 5.597479, 6.307666 ] } },
{ "type": "Feature", "properties": { "name": "Oba Ewuare College", "amenity": "college" }, "geometry": { "type": "Point", "coordinates": [ 5.601179, 6.296694 ] } },
{ "type": "Feature", "properties": { "name": "Harvesters Int'l Theological Seminary", "amenity": "college" }, "geometry": { "type": "Point", "coordinates": [ 5.626379, 6.331398 ] } },
{ "type": "Feature", "properties": { "name": "Sunset Academy", "amenity": "kindergarten" }, "geometry": { "type": "Point", "coordinates": [ 5.606479, 6.308145 ] } },
{ "type": "Feature", "properties": { "name": "St. Phillips Education School", "amenity": "school" }, "geometry": { "type": "Point", "coordinates": [ 5.576699, 6.361707 ] } },
{ "type": "Feature", "properties": { "name": "Imuagbonhen Memoral School", "amenity": "school" }, "geometry": { "type": "Point", "coordinates": [ 5.575063, 6.361854 ] } },
{ "type": "Feature", "properties": { "name": "Young scholars academy school", "amenity": "school" }, "geometry": { "type": "Point", "coordinates": [ 5.593737, 6.325629 ] } },
{ "type": "Feature", "properties": { "name": "Faithland group of school", "amenity": "school" }, "geometry": { "type": "Point", "coordinates": [ 5.593622, 6.32899 ] } },
{ "type": "Feature", "properties": { "name": "Dadu primary school", "amenity": "school" }, "geometry": { "type": "Point", "coordinates": [ 5.596054, 6.334318 ] } },
{ "type": "Feature", "properties": { "name": "Pame Group of Schools", "amenity": "school" }, "geometry": { "type": "Point", "coordinates": [ 5.611326, 6.340536 ] } },
{ "type": "Feature", "properties": { "name": "Idia College", "amenity": "college" }, "geometry": { "type": "Point", "coordinates": [ 5.621606, 6.345265 ] } },
{ "type": "Feature", "properties": { "name": "Fedeal Cooperative College", "amenity": "college" }, "geometry": { "type": "Point", "coordinates": [ 3.870719, 7.41209 ] } },
{ "type": "Feature", "properties": { "name": "Emotan College", "amenity": "college" }, "geometry": { "type": "Point", "coordinates": [ 5.619505, 6.346865 ] } },
{ "type": "Feature", "properties": { "name": "Diamond care nursery and primary school", "amenity": "school" }, "geometry": { "type": "Point", "coordinates": [ 5.599496, 6.325968 ] } },
{ "type": "Feature", "properties": { "name": "Pencil Nursery/ Primary", "amenity": "school" }, "geometry": { "type": "Point", "coordinates": [ 5.604558, 6.334411 ] } },
{ "type": "Feature", "properties": { "name": "Royal Foundation School", "amenity": "school" }, "geometry": { "type": "Point", "coordinates": [ 5.607564, 6.312948 ] } },
{ "type": "Feature", "properties": { "name": "Man Prof High School", "amenity": "school" }, "geometry": { "type": "Point", "coordinates": [ 5.600969, 6.345285 ] } },
{ "type": "Feature", "properties": { "name": "God's Path Schools", "amenity": "school" }, "geometry": { "type": "Point", "coordinates": [ 5.602152, 6.344241 ] } },
{ "type": "Feature", "properties": { "name": "Rokibet Nursery and Primary School", "amenity": "school" }, "geometry": { "type": "Point", "coordinates": [ 5.604342, 6.343299 ] } },
{ "type": "Feature", "properties": { "name": "Igbesamwan Model Primary School", "amenity": "school" }, "geometry": { "type": "Point", "coordinates": [ 5.631593, 6.333199 ] } },
{ "type": "Feature", "properties": { "name": "Favour Group Of School", "amenity": "school" }, "geometry": { "type": "Point", "coordinates": [ 5.630474, 6.33263 ] } },
{ "type": "Feature", "properties": { "name": "Southern Academy", "amenity": "school" }, "geometry": { "type": "Point", "coordinates": [ 5.598352, 6.330778 ] } },
{ "type": "Feature", "properties": { "name": "Layout Primary School", "amenity": "school" }, "geometry": { "type": "Point", "coordinates": [ 7.618837, 12.980603 ] } },
{ "type": "Feature", "properties": { "name": "Kiddies International Primary School", "amenity": "school" }, "geometry": { "type": "Point", "coordinates": [ 7.618262, 12.985939 ] } },
{ "type": "Feature", "properties": { "name": "Dutsin-Amare Primary School", "amenity": "school" }, "geometry": { "type": "Point", "coordinates": [ 7.610405, 12.99073 ] } },
{ "type": "Feature", "properties": { "name": "Kayalwa Primary School", "amenity": "school" }, "geometry": { "type": "Point", "coordinates": [ 7.609107, 12.995228 ] } },
{ "type": "Feature", "properties": { "name": "Oritamefa Baptist Model School", "amenity": "school" }, "geometry": { "type": "Point", "coordinates": [ 3.907753, 7.397554 ] } },
{ "type": "Feature", "properties": { "name": "Methodist School II", "amenity": "school" }, "geometry": { "type": "Point", "coordinates": [ 3.913552, 7.420391 ] } },
{ "type": "Feature", "properties": { "name": "Subola Memorial School", "amenity": "school" }, "geometry": { "type": "Point", "coordinates": [ 3.910961, 7.402969 ] } },
{ "type": "Feature", "properties": { "name": "Methodist Grammer School", "amenity": "school" }, "geometry": { "type": "Point", "coordinates": [ 3.912135, 7.429247 ] } },
{ "type": "Feature", "properties": { "name": "Lead City High School", "amenity": "school" }, "geometry": { "type": "Point", "coordinates": [ 3.862587, 7.399067 ] } },
{ "type": "Feature", "properties": { "name": "Brainstorm School", "amenity": null }, "geometry": { "type": "Point", "coordinates": [ 3.872483, 7.350664 ] } },
{ "type": "Feature", "properties": { "name": "28a University Rd, Ilorin, Nigeria", "amenity": "university" }, "geometry": { "type": "Point", "coordinates": [ 4.597452, 8.484895 ] } },
{ "type": "Feature", "properties": { "name": "Michael Imoudu National Institute Ilorin lFor Labour Studies, Ilorin, Nigeria", "amenity": "university" }, "geometry": { "type": "Point", "coordinates": [ 4.595456, 8.438948 ] } },
{ "type": "Feature", "properties": { "name": "Block C", "amenity": "college" }, "geometry": { "type": "Point", "coordinates": [ 11.173111, 10.306011 ] } },
{ "type": "Feature", "properties": { "name": "Victory Land College", "amenity": "school" }, "geometry": { "type": "Point", "coordinates": [ 3.167536, 6.460406 ] } },
{ "type": "Feature", "properties": { "name": "PEN RESOURCE ACADEMY (boarding sch)& ROBOTICS CENTER", "amenity": "school" }, "geometry": { "type": "Point", "coordinates": [ 11.053318, 10.290358 ] } },
{ "type": "Feature", "properties": { "name": "Edinwo Plaza Muritala, Ilorin, Kwara, Nigeria", "amenity": "school" }, "geometry": { "type": "Point", "coordinates": [ 4.563748, 8.485045 ] } },
{ "type": "Feature", "properties": { "name": "B-BLOCK", "amenity": "college" }, "geometry": { "type": "Point", "coordinates": [ 11.173114, 10.306318 ] } },
{ "type": "Feature", "properties": { "name": "GDJSS GAA-AKANBI, ILORIN., Oko Erin, Nigeria", "amenity": "school" }, "geometry": { "type": "Point", "coordinates": [ 4.589251, 8.464689 ] } },
{ "type": "Feature", "properties": { "name": "Oyemekun Grammar School", "amenity": "school" }, "geometry": { "type": "Point", "coordinates": [ 5.177583, 7.260984 ] } },
{ "type": "Feature", "properties": { "name": "New Life School", "amenity": "school" }, "geometry": { "type": "Point", "coordinates": [ 5.770261, 5.563553 ] } },
{ "type": "Feature", "properties": { "name": "Star of David Intl. School", "amenity": "school" }, "geometry": { "type": "Point", "coordinates": [ 5.770126, 5.554798 ] } },
{ "type": "Feature", "properties": { "name": "Sure Success School", "amenity": "school" }, "geometry": { "type": "Point", "coordinates": [ 5.751321, 5.528606 ] } },
{ "type": "Feature", "properties": { "name": "Royal Day Care", "amenity": "school" }, "geometry": { "type": "Point", "coordinates": [ 5.753624, 5.529374 ] } },
{ "type": "Feature", "properties": { "name": "Peak Extra Moral Lesson", "amenity": "school" }, "geometry": { "type": "Point", "coordinates": [ 5.75178, 5.537017 ] } },
{ "type": "Feature", "properties": { "name": "Ford", "amenity": "school" }, "geometry": { "type": "Point", "coordinates": [ 5.751217, 5.531724 ] } },
{ "type": "Feature", "properties": { "name": "Kris-Elly Intl. School", "amenity": "school" }, "geometry": { "type": "Point", "coordinates": [ 5.762178, 5.559663 ] } },
{ "type": "Feature", "properties": { "name": "Future Glory School", "amenity": "school" }, "geometry": { "type": "Point", "coordinates": [ 5.754203, 5.539223 ] } },
{ "type": "Feature", "properties": { "name": "Bonny National Grammar School, BNGS", "amenity": "school" }, "geometry": { "type": "Point", "coordinates": [ 7.171608, 4.436658 ] } },
{ "type": "Feature", "properties": { "name": "Ido-Osun High School, Ido-Osun", "amenity": "school" }, "geometry": { "type": "Point", "coordinates": [ 4.490433, 7.783639 ] } },
{ "type": "Feature", "properties": { "name": "Muslim Model College, Ido-Osun", "amenity": "school" }, "geometry": { "type": "Point", "coordinates": [ 4.486777, 7.783365 ] } },
{ "type": "Feature", "properties": { "name": "Blessed Hope School", "amenity": "school" }, "geometry": { "type": "Point", "coordinates": [ 5.752256, 5.562688 ] } },
{ "type": "Feature", "properties": { "name": "King Pearl's Learning Field, Elelenwo", "amenity": "school" }, "geometry": { "type": "Point", "coordinates": [ 7.081831, 4.825644 ] } },
{ "type": "Feature", "properties": { "name": "Main Campus Gate", "amenity": "school" }, "geometry": { "type": "Point", "coordinates": [ 5.410115, 6.741051 ] } },
{ "type": "Feature", "properties": { "name": "Great Success School", "amenity": "school" }, "geometry": { "type": "Point", "coordinates": [ 7.207212, 9.090401 ] } },
{ "type": "Feature", "properties": { "name": "College of natural and applied science", "amenity": "college" }, "geometry": { "type": "Point", "coordinates": [ 5.405542, 6.741252 ] } },
{ "type": "Feature", "properties": { "name": "Armed Forces Command and Staff College Secondary School, Jaji.", "amenity": "school" }, "geometry": { "type": "Point", "coordinates": [ 7.560993, 10.842823 ] } },
{ "type": "Feature", "properties": { "name": "FCE (T) Gombe", "amenity": "school" }, "geometry": { "type": "Point", "coordinates": [ 11.148224, 10.315145 ] } },
{ "type": "Feature", "properties": { "name": "Sacred Heart Private School", "amenity": "school" }, "geometry": { "type": "Point", "coordinates": [ 3.878014, 7.393336 ] } },
{ "type": "Feature", "properties": { "name": "Police Children School I Eleyele", "amenity": null }, "geometry": { "type": "Point", "coordinates": [ 3.860489, 7.408314 ] } },
{ "type": "Feature", "properties": { "name": "Tai Solarin College Of Education (tasce) mini campus, Omu Ajose", "amenity": null }, "geometry": { "type": "Point", "coordinates": [ 3.860846, 6.702465 ] } },
{ "type": "Feature", "properties": { "name": "Ololade Group of Schools", "amenity": null }, "geometry": { "type": "Point", "coordinates": [ 3.892553, 7.375519 ] } },
{ "type": "Feature", "properties": { "name": "Govt. Junior Secondary School", "amenity": "school" }, "geometry": { "type": "Point", "coordinates": [ 7.428698, 9.068432 ] } },
{ "type": "Feature", "properties": { "name": "St. Gabriel Primary School", "amenity": "school" }, "geometry": { "type": "Point", "coordinates": [ 4.723666, 7.165279 ] } },
{ "type": "Feature", "properties": { "name": "St. Peter's Government Elementary School", "amenity": "school" }, "geometry": { "type": "Point", "coordinates": [ 4.556148, 7.492648 ] } },
{ "type": "Feature", "properties": { "name": "Oke Okanla Baptist Primary School", "amenity": "school" }, "geometry": { "type": "Point", "coordinates": [ 4.552619, 7.767481 ] } },
{ "type": "Feature", "properties": { "name": "Warrant Officers Academy", "amenity": "school" }, "geometry": { "type": "Point", "coordinates": [ 7.546312, 10.812983 ] } },
{ "type": "Feature", "properties": { "name": "4 Demo Mess", "amenity": "school" }, "geometry": { "type": "Point", "coordinates": [ 7.548409, 10.809379 ] } },
{ "type": "Feature", "properties": { "name": "GOVERNMENT GIRLS SECONDARY SCHOOL", "amenity": "school" }, "geometry": { "type": "Point", "coordinates": [ 6.006208, 10.141403 ] } },
{ "type": "Feature", "properties": { "name": "ADO BOBI PRIMARY SCHOOL.", "amenity": "school" }, "geometry": { "type": "Point", "coordinates": [ 6.02249, 10.136487 ] } },
{ "type": "Feature", "properties": { "name": "Kafin Soli Primary School", "amenity": "school" }, "geometry": { "type": "Point", "coordinates": [ 7.740057, 12.503002 ] } },
{ "type": "Feature", "properties": { "name": "RAUDHA", "amenity": "school" }, "geometry": { "type": "Point", "coordinates": [ 11.184632, 10.285442 ] } },
{ "type": "Feature", "properties": { "name": "Geography Department Room 3", "amenity": "school" }, "geometry": { "type": "Point", "coordinates": [ 11.175854, 10.304752 ] } },
{ "type": "Feature", "properties": { "name": "Greater Tomorrow International School (Nur & Pri)", "amenity": "school" }, "geometry": { "type": "Point", "coordinates": [ 7.496133, 6.413441 ] } },
{ "type": "Feature", "properties": { "name": "Baptist Girls High School", "amenity": "school" }, "geometry": { "type": "Point", "coordinates": [ 4.544672, 7.768635 ] } },
{ "type": "Feature", "properties": { "name": "UNIFAC Group of School", "amenity": "school" }, "geometry": { "type": "Point", "coordinates": [ 5.584804, 6.36024 ] } },
{ "type": "Feature", "properties": { "name": "Dynanic Schools", "amenity": "school" }, "geometry": { "type": "Point", "coordinates": [ 5.618611, 6.351724 ] } },
{ "type": "Feature", "properties": { "name": "Local Government Primary School, Idanyin", "amenity": "school" }, "geometry": { "type": "Point", "coordinates": [ 3.0608, 6.5212 ] } },
{ "type": "Feature", "properties": { "name": "United African Methodist Church Primary School, Okanran", "amenity": "school" }, "geometry": { "type": "Point", "coordinates": [ 2.998428, 6.528645 ] } },
{ "type": "Feature", "properties": { "name": "Africa Church Central Primary School, Onibuku", "amenity": "school" }, "geometry": { "type": "Point", "coordinates": [ 3.1262, 6.6753 ] } },
{ "type": "Feature", "properties": { "name": "african church central school, ososun", "amenity": "school" }, "geometry": { "type": "Point", "coordinates": [ 3.233139, 6.820492 ] } },
{ "type": "Feature", "properties": { "name": "Community Primary School, Temidire", "amenity": "school" }, "geometry": { "type": "Point", "coordinates": [ 3.3416, 6.7018 ] } },
{ "type": "Feature", "properties": { "name": "united primary school, matogun", "amenity": "school" }, "geometry": { "type": "Point", "coordinates": [ 3.3417, 6.7238 ] } },
{ "type": "Feature", "properties": { "name": "Federal government college, Ibillo", "amenity": "school" }, "geometry": { "type": "Point", "coordinates": [ 6.059938, 7.448418 ] } },
{ "type": "Feature", "properties": { "name": "Oyekpa primary school, Ekpesa", "amenity": "school" }, "geometry": { "type": "Point", "coordinates": [ 6.073612, 7.424097 ] } },
{ "type": "Feature", "properties": { "name": "Islahudeen Nur & Pri School, Ido-Osun", "amenity": "school" }, "geometry": { "type": "Point", "coordinates": [ 4.487633, 7.779918 ] } },
{ "type": "Feature", "properties": { "name": "Maryland Catholic Nursery and Primary School", "amenity": "school" }, "geometry": { "type": "Point", "coordinates": [ 4.248019, 8.15898 ] } },
{ "type": "Feature", "properties": { "name": "Holy Trinity School", "amenity": "school" }, "geometry": { "type": "Point", "coordinates": [ 3.387442, 6.463999 ] } },
{ "type": "Feature", "properties": { "name": "Mafoni Primary School", "amenity": "school" }, "geometry": { "type": "Point", "coordinates": [ 13.150758, 11.84486 ] } },
{ "type": "Feature", "properties": { "name": "Folbim High School", "amenity": "school" }, "geometry": { "type": "Point", "coordinates": [ 3.312411, 6.625984 ] } },
{ "type": "Feature", "properties": { "name": "Living Miracle High School", "amenity": null }, "geometry": { "type": "Point", "coordinates": [ 3.872609, 7.351811 ] } },
{ "type": "Feature", "properties": { "name": "National Open University", "amenity": "college" }, "geometry": { "type": "Point", "coordinates": [ 7.468483, 10.613809 ] } },
{ "type": "Feature", "properties": { "name": "PTS Minna", "amenity": "college" }, "geometry": { "type": "Point", "coordinates": [ 6.551762, 9.606592 ] } },
{ "type": "Feature", "properties": { "name": "PTS Minna", "amenity": "college" }, "geometry": { "type": "Point", "coordinates": [ 6.551729, 9.607515 ] } },
{ "type": "Feature", "properties": { "name": "Madrasatu Tarbiyyatul Awladul Muslimin", "amenity": "school" }, "geometry": { "type": "Point", "coordinates": [ 7.403679, 10.530646 ] } },
{ "type": "Feature", "properties": { "name": "St. George's RCM Primary School, Ofatedo", "amenity": "school" }, "geometry": { "type": "Point", "coordinates": [ 4.502562, 7.780751 ] } },
{ "type": "Feature", "properties": { "name": "Ataoja School of Science", "amenity": "school" }, "geometry": { "type": "Point", "coordinates": [ 4.51657, 7.74867 ] } },
{ "type": "Feature", "properties": { "name": "Great-Elsaadai Schools", "amenity": "school" }, "geometry": { "type": "Point", "coordinates": [ 4.489838, 7.717388 ] } },
{ "type": "Feature", "properties": { "name": "St.Paul Anglican Primary School, Ido-Osun", "amenity": "school" }, "geometry": { "type": "Point", "coordinates": [ 4.488514, 7.779619 ] } },
{ "type": "Feature", "properties": { "name": "Lecture room 193", "amenity": "university" }, "geometry": { "type": "Point", "coordinates": [ 7.441259, 10.609453 ] } },
{ "type": "Feature", "properties": { "name": "Nasarawa state poly, Lafia", "amenity": "college" }, "geometry": { "type": "Point", "coordinates": [ 8.53528, 8.545848 ] } },
{ "type": "Feature", "properties": { "name": "Nasarawa state university", "amenity": "school" }, "geometry": { "type": "Point", "coordinates": [ 7.906626, 8.843162 ] } },
{ "type": "Feature", "properties": { "name": "Group School, Ezuhu Nguru, Aboh Mbaise", "amenity": "school" }, "geometry": { "type": "Point", "coordinates": [ 7.265922, 5.482974 ] } },
{ "type": "Feature", "properties": { "name": "Mountain Top University", "amenity": "school" }, "geometry": { "type": "Point", "coordinates": [ 3.414299, 6.730797 ] } },
{ "type": "Feature", "properties": { "name": "Lennon Jubilee High school.", "amenity": "school" }, "geometry": { "type": "Point", "coordinates": [ 5.766323, 7.532746 ] } },
{ "type": "Feature", "properties": { "name": "Federal land Resources Owerri", "amenity": "school" }, "geometry": { "type": "Point", "coordinates": [ 6.923906, 5.443848 ] } },
{ "type": "Feature", "properties": { "name": "Iseyin District Grammar School", "amenity": "school" }, "geometry": { "type": "Point", "coordinates": [ 3.615423, 7.955431 ] } },
{ "type": "Feature", "properties": { "name": "Young Tajudeen Primary School, Ido-Osun", "amenity": "school" }, "geometry": { "type": "Point", "coordinates": [ 4.485513, 7.783579 ] } },
{ "type": "Feature", "properties": { "name": "Abdullahi IBN Masud islamic School", "amenity": "school" }, "geometry": { "type": "Point", "coordinates": [ 13.108769, 11.828096 ] } },
{ "type": "Feature", "properties": { "name": "college of nursing/midwifery", "amenity": "college" }, "geometry": { "type": "Point", "coordinates": [ 11.959721, 11.727989 ] } },
{ "type": "Feature", "properties": { "name": "Sarmbridge Academy", "amenity": "school" }, "geometry": { "type": "Point", "coordinates": [ 7.421978, 8.99358 ] } },
{ "type": "Feature", "properties": { "name": "Immanuel Baptist Day School", "amenity": "kindergarten" }, "geometry": { "type": "Point", "coordinates": [ 4.248784, 8.140375 ] } },
{ "type": "Feature", "properties": { "name": "Masifa DC Primary School", "amenity": "school" }, "geometry": { "type": "Point", "coordinates": [ 4.25131, 8.141126 ] } },
{ "type": "Feature", "properties": { "name": "ADS Primary School", "amenity": "school" }, "geometry": { "type": "Point", "coordinates": [ 4.252833, 8.142825 ] } },
{ "type": "Feature", "properties": { "name": "Bowen School of Nursing", "amenity": "school" }, "geometry": { "type": "Point", "coordinates": [ 4.234967, 8.135791 ] } },
{ "type": "Feature", "properties": { "name": "Edel Montessori School", "amenity": "school" }, "geometry": { "type": "Point", "coordinates": [ 5.707808, 5.592877 ] } },
{ "type": "Feature", "properties": { "name": "Regent International School", "amenity": "school" }, "geometry": { "type": "Point", "coordinates": [ 5.708141, 5.59125 ] } },
{ "type": "Feature", "properties": { "name": "Altest International School", "amenity": "school" }, "geometry": { "type": "Point", "coordinates": [ 5.709074, 5.59317 ] } },
{ "type": "Feature", "properties": { "name": "Agbarha Primary School", "amenity": "school" }, "geometry": { "type": "Point", "coordinates": [ 6.072357, 5.535388 ] } },
{ "type": "Feature", "properties": { "name": "NLNG SCHOOL", "amenity": "school" }, "geometry": { "type": "Point", "coordinates": [ 7.18122, 4.385636 ] } },
{ "type": "Feature", "properties": { "name": "Dambo Sixth Form College", "amenity": "school" }, "geometry": { "type": "Point", "coordinates": [ 7.419441, 10.480374 ] } },
{ "type": "Feature", "properties": { "name": "School of Postgraduate Studies FUD", "amenity": "school" }, "geometry": { "type": "Point", "coordinates": [ 9.36323, 11.726565 ] } },
{ "type": "Feature", "properties": { "name": "Climax Intl. School", "amenity": "school" }, "geometry": { "type": "Point", "coordinates": [ 5.708467, 5.59261 ] } },
{ "type": "Feature", "properties": { "name": "A-BLOCK", "amenity": "college" }, "geometry": { "type": "Point", "coordinates": [ 11.172298, 10.306492 ] } },
{ "type": "Feature", "properties": { "name": "Adorable British College", "amenity": "school" }, "geometry": { "type": "Point", "coordinates": [ 7.557867, 6.455309 ] } },
{ "type": "Feature", "properties": { "name": "IMT Campus 3", "amenity": "school" }, "geometry": { "type": "Point", "coordinates": [ 7.517448, 6.428903 ] } },
{ "type": "Feature", "properties": { "name": "ECWA Virtue Academy", "amenity": "school" }, "geometry": { "type": "Point", "coordinates": [ 7.423129, 8.992287 ] } },
{ "type": "Feature", "properties": { "name": "City girls College", "amenity": "school" }, "geometry": { "type": "Point", "coordinates": [ 7.502852, 6.432565 ] } },
{ "type": "Feature", "properties": { "name": "Coal City University Enugu", "amenity": "school" }, "geometry": { "type": "Point", "coordinates": [ 7.586601, 6.461755 ] } },
{ "type": "Feature", "properties": { "name": "Godfery Okoye University", "amenity": "school" }, "geometry": { "type": "Point", "coordinates": [ 7.591169, 6.487405 ] } },
{ "type": "Feature", "properties": { "name": "National open university of Nigeria", "amenity": "school" }, "geometry": { "type": "Point", "coordinates": [ 7.499479, 6.488893 ] } },
{ "type": "Feature", "properties": { "name": "St. Jude'S Anglican Primary School Itekun", "amenity": "school" }, "geometry": { "type": "Point", "coordinates": [ 3.16887, 6.5177 ] } },
{ "type": "Feature", "properties": { "name": "St. Paul Primary School, Alagbo Ofin", "amenity": "school" }, "geometry": { "type": "Point", "coordinates": [ 3.64784, 6.8456 ] } },
{ "type": "Feature", "properties": { "name": "Maryland secondary school", "amenity": "school" }, "geometry": { "type": "Point", "coordinates": [ 7.512851, 6.414104 ] } },
{ "type": "Feature", "properties": { "name": "GOVT SEC SCH KUNDILA", "amenity": "school" }, "geometry": { "type": "Point", "coordinates": [ 8.556239, 11.965058 ] } },
{ "type": "Feature", "properties": { "name": "Isusu Primary school", "amenity": "school" }, "geometry": { "type": "Point", "coordinates": [ 6.489035, 5.15848 ] } },
{ "type": "Feature", "properties": { "name": "Joinkramer Girls Secondary School", "amenity": "school" }, "geometry": { "type": "Point", "coordinates": [ 6.495724, 5.170355 ] } },
{ "type": "Feature", "properties": { "name": "School of Post graduate studies", "amenity": "college" }, "geometry": { "type": "Point", "coordinates": [ 11.171581, 10.305646 ] } },
{ "type": "Feature", "properties": { "name": "Religious department", "amenity": "school" }, "geometry": { "type": "Point", "coordinates": [ 11.174546, 10.305983 ] } },
{ "type": "Feature", "properties": { "name": "Rahinna Model School", "amenity": "school" }, "geometry": { "type": "Point", "coordinates": [ 7.55845, 8.977335 ] } },
{ "type": "Feature", "properties": { "name": "FCE Okene", "amenity": "college" }, "geometry": { "type": "Point", "coordinates": [ 6.262983, 7.611632 ] } },
{ "type": "Feature", "properties": { "name": "School of Engineering", "amenity": "college" }, "geometry": { "type": "Point", "coordinates": [ 6.360058, 7.656645 ] } },
{ "type": "Feature", "properties": { "name": "CUSTECH", "amenity": "university" }, "geometry": { "type": "Point", "coordinates": [ 6.421942, 7.680877 ] } },
{ "type": "Feature", "properties": { "name": "Ogbete River Primary School", "amenity": "school" }, "geometry": { "type": "Point", "coordinates": [ 7.479129, 6.431292 ] } },
{ "type": "Feature", "properties": { "name": "Anndy Model School", "amenity": "school" }, "geometry": { "type": "Point", "coordinates": [ 7.493559, 6.413759 ] } },
{ "type": "Feature", "properties": { "name": "May Blossom High School", "amenity": "school" }, "geometry": { "type": "Point", "coordinates": [ 7.502434, 6.413662 ] } },
{ "type": "Feature", "properties": { "name": "Department of Geography and Planning", "amenity": "school" }, "geometry": { "type": "Point", "coordinates": [ 8.879771, 9.966926 ] } },
{ "type": "Feature", "properties": { "name": "Ori Oke Community High Schools", "amenity": "college" }, "geometry": { "type": "Point", "coordinates": [ 4.242202, 8.147396 ] } },
{ "type": "Feature", "properties": { "name": "Queens school", "amenity": "school" }, "geometry": { "type": "Point", "coordinates": [ 7.506589, 6.434024 ] } },
{ "type": "Feature", "properties": { "name": "Praiser\"s Intl. Academy", "amenity": "school" }, "geometry": { "type": "Point", "coordinates": [ 6.322566, 4.930737 ] } },
{ "type": "Feature", "properties": { "name": "All Nations for Christ Bible Institute", "amenity": "college" }, "geometry": { "type": "Point", "coordinates": [ 7.047325, 4.827782 ] } },
{ "type": "Feature", "properties": { "name": "Makoko Dream Nursery School", "amenity": "school" }, "geometry": { "type": "Point", "coordinates": [ 3.388116, 6.495713 ] } },
{ "type": "Feature", "properties": { "name": "Doyisem Best Academy", "amenity": "school" }, "geometry": { "type": "Point", "coordinates": [ 3.387578, 6.494686 ] } },
{ "type": "Feature", "properties": { "name": "Makoko Dream Primary School", "amenity": "school" }, "geometry": { "type": "Point", "coordinates": [ 3.38838, 6.495404 ] } },
{ "type": "Feature", "properties": { "name": "Whayinna Primary School", "amenity": "school" }, "geometry": { "type": "Point", "coordinates": [ 3.388309, 6.495643 ] } },
{ "type": "Feature", "properties": { "name": "AFRIGIST (Ex. RECTAS) O.A.U Campus Ile-Ife", "amenity": "university" }, "geometry": { "type": "Point", "coordinates": [ 4.524461, 7.505538 ] } },
{ "type": "Feature", "properties": { "name": "Ahmadu Bello University Senate building", "amenity": "college" }, "geometry": { "type": "Point", "coordinates": [ 7.654684, 11.150732 ] } },
{ "type": "Feature", "properties": { "name": "Kingdom Heritage Schools", "amenity": "school" }, "geometry": { "type": "Point", "coordinates": [ 7.013323, 5.482473 ] } },
{ "type": "Feature", "properties": { "name": "Cherry Forth Daycare Nur and Pri School", "amenity": "school" }, "geometry": { "type": "Point", "coordinates": [ 7.063142, 4.82783 ] } },
{ "type": "Feature", "properties": { "name": "Housing Estate Primary School", "amenity": "school" }, "geometry": { "type": "Point", "coordinates": [ 7.517894, 6.481174 ] } },
{ "type": "Feature", "properties": { "name": "Madonna Daycare Center", "amenity": "school" }, "geometry": { "type": "Point", "coordinates": [ 7.491049, 6.417746 ] } },
{ "type": "Feature", "properties": { "name": "Ibinola primary school", "amenity": "school" }, "geometry": { "type": "Point", "coordinates": [ 11.22241, 9.896046 ] } },
{ "type": "Feature", "properties": { "name": "Newsky international secondary school", "amenity": "school" }, "geometry": { "type": "Point", "coordinates": [ 5.597325, 6.347597 ] } },
{ "type": "Feature", "properties": { "name": "International School, Unilag", "amenity": "school" }, "geometry": { "type": "Point", "coordinates": [ 3.391348, 6.511976 ] } },
{ "type": "Feature", "properties": { "name": "Naowa Nursery School", "amenity": "kindergarten" }, "geometry": { "type": "Point", "coordinates": [ 7.513196, 6.462553 ] } },
{ "type": "Feature", "properties": { "name": "Naowa Group Of Schools", "amenity": "school" }, "geometry": { "type": "Point", "coordinates": [ 7.513008, 6.462466 ] } },
{ "type": "Feature", "properties": { "name": "City Primary School", "amenity": "school" }, "geometry": { "type": "Point", "coordinates": [ 7.477204, 6.431651 ] } },
{ "type": "Feature", "properties": { "name": "Government Secondary School For The Deaf", "amenity": "school" }, "geometry": { "type": "Point", "coordinates": [ 7.476417, 6.424389 ] } },
{ "type": "Feature", "properties": { "name": "Happy Time Crèche, Nursery & Primary School", "amenity": "school" }, "geometry": { "type": "Point", "coordinates": [ 7.492346, 6.419481 ] } },
{ "type": "Feature", "properties": { "name": "St. Joseph's Primary School", "amenity": "school" }, "geometry": { "type": "Point", "coordinates": [ 8.551832, 6.49792 ] } },
{ "type": "Feature", "properties": { "name": "Bayita Bilingual School", "amenity": "kindergarten" }, "geometry": { "type": "Point", "coordinates": [ 3.393481, 6.494304 ] } },
{ "type": "Feature", "properties": { "name": "Hope of Glory Academy", "amenity": "school" }, "geometry": { "type": "Point", "coordinates": [ 6.333738, 4.946848 ] } },
{ "type": "Feature", "properties": { "name": "Model Primary School", "amenity": "school" }, "geometry": { "type": "Point", "coordinates": [ 6.325139, 4.942786 ] } },
{ "type": "Feature", "properties": { "name": "Victory College", "amenity": "school" }, "geometry": { "type": "Point", "coordinates": [ 5.768448, 7.534597 ] } },
{ "type": "Feature", "properties": { "name": "Raftjone International School", "amenity": "school" }, "geometry": { "type": "Point", "coordinates": [ 5.679902, 6.382766 ] } },
{ "type": "Feature", "properties": { "name": "Forestry Research Institute of Nigeria", "amenity": "school" }, "geometry": { "type": "Point", "coordinates": [ 3.862492, 7.392191 ] } },
{ "type": "Feature", "properties": { "name": "St. John's Hall", "amenity": "school" }, "geometry": { "type": "Point", "coordinates": [ 7.952801, 9.893348 ] } },
{ "type": "Feature", "properties": { "name": "St. John's Primary Kachia", "amenity": "school" }, "geometry": { "type": "Point", "coordinates": [ 7.951943, 9.893707 ] } },
{ "type": "Feature", "properties": { "name": "Unity School, Ejigbo", "amenity": "school" }, "geometry": { "type": "Point", "coordinates": [ 4.32238, 7.888511 ] } },
{ "type": "Feature", "properties": { "name": "Kingdom Heritage Model School", "amenity": "school" }, "geometry": { "type": "Point", "coordinates": [ 4.257713, 8.164312 ] } },
{ "type": "Feature", "properties": { "name": "Anglican Model College Ogbomoso (AMCO)", "amenity": "school" }, "geometry": { "type": "Point", "coordinates": [ 4.241759, 8.142257 ] } },
{ "type": "Feature", "properties": { "name": "Ogbomoso Girl's High School", "amenity": "school" }, "geometry": { "type": "Point", "coordinates": [ 4.24543, 8.160543 ] } },
{ "type": "Feature", "properties": { "name": "Anglican Grammar School 2", "amenity": "college" }, "geometry": { "type": "Point", "coordinates": [ 4.243324, 8.145422 ] } },
{ "type": "Feature", "properties": { "name": "LAUTECH Medical College", "amenity": "college" }, "geometry": { "type": "Point", "coordinates": [ 4.258474, 8.159828 ] } },
{ "type": "Feature", "properties": { "name": "Liberation Model Nursery and Primary School", "amenity": "school" }, "geometry": { "type": "Point", "coordinates": [ 7.027653, 4.834717 ] } },
{ "type": "Feature", "properties": { "name": "Lifetop Intl. School", "amenity": "school" }, "geometry": { "type": "Point", "coordinates": [ 7.027293, 4.832795 ] } },
{ "type": "Feature", "properties": { "name": "Eulex Educational Center", "amenity": "school" }, "geometry": { "type": "Point", "coordinates": [ 7.045409, 4.838603 ] } },
{ "type": "Feature", "properties": { "name": "State Primary School", "amenity": "school" }, "geometry": { "type": "Point", "coordinates": [ 7.046569, 4.837409 ] } },
{ "type": "Feature", "properties": { "name": "School Of Nursing UNTH", "amenity": "college" }, "geometry": { "type": "Point", "coordinates": [ 7.478114, 6.436922 ] } },
{ "type": "Feature", "properties": { "name": "Olu Aka Di Mma Vocational Technical Training Centre", "amenity": "college" }, "geometry": { "type": "Point", "coordinates": [ 7.478238, 6.43145 ] } },
{ "type": "Feature", "properties": { "name": "Methodist College", "amenity": "college" }, "geometry": { "type": "Point", "coordinates": [ 7.487365, 6.419208 ] } },
{ "type": "Feature", "properties": { "name": "Community Primary School, Igbusi", "amenity": "school" }, "geometry": { "type": "Point", "coordinates": [ 3.184707, 6.755257 ] } },
{ "type": "Feature", "properties": { "name": "Wesley Primary School, Molupa Road", "amenity": "school" }, "geometry": { "type": "Point", "coordinates": [ 3.914411, 6.822815 ] } },
{ "type": "Feature", "properties": { "name": "St. Paul Secondary School", "amenity": "school" }, "geometry": { "type": "Point", "coordinates": [ 7.72749, 5.17178 ] } },
{ "type": "Feature", "properties": { "name": "Monika Kindergarten", "amenity": "school" }, "geometry": { "type": "Point", "coordinates": [ 7.728487, 5.171211 ] } },
{ "type": "Feature", "properties": { "name": "Ejona primary school", "amenity": "school" }, "geometry": { "type": "Point", "coordinates": [ 6.595718, 6.828489 ] } },
{ "type": "Feature", "properties": { "name": "Lasoju comprehensive high school", "amenity": "school" }, "geometry": { "type": "Point", "coordinates": [ 4.432141, 8.360516 ] } },
{ "type": "Feature", "properties": { "name": "Chez Josephine", "amenity": "kindergarten" }, "geometry": { "type": "Point", "coordinates": [ 3.489854, 6.436224 ] } },
{ "type": "Feature", "properties": { "name": "Shehu Shagari Collage of Education", "amenity": "school" }, "geometry": { "type": "Point", "coordinates": [ 5.214263, 12.996678 ] } },
{ "type": "Feature", "properties": { "name": "EPP Iwoyé", "amenity": "school" }, "geometry": { "type": "Point", "coordinates": [ 2.741344, 7.554702 ] } },
{ "type": "Feature", "properties": { "name": "ugiomo secondary school", "amenity": "school" }, "geometry": { "type": "Point", "coordinates": [ 5.635155, 6.289918 ] } },
{ "type": "Feature", "properties": { "name": "UPE Primary School", "amenity": "school" }, "geometry": { "type": "Point", "coordinates": [ 7.608982, 12.980346 ] } },
{ "type": "Feature", "properties": { "name": "Glisten Academy", "amenity": "school" }, "geometry": { "type": "Point", "coordinates": [ 7.402321, 9.077921 ] } },
{ "type": "Feature", "properties": { "name": "Learnfast Comprehensive Academy", "amenity": "school" }, "geometry": { "type": "Point", "coordinates": [ 3.168405, 6.460641 ] } },
{ "type": "Feature", "properties": { "name": "Oginigba Comprehensive Secondary School", "amenity": "college" }, "geometry": { "type": "Point", "coordinates": [ 7.039941, 4.828504 ] } },
{ "type": "Feature", "properties": { "name": "Dialogue Computer Training School", "amenity": "college" }, "geometry": { "type": "Point", "coordinates": [ 7.439446, 10.546406 ] } },
{ "type": "Feature", "properties": { "name": "KDG Consultant (HR training)", "amenity": "college" }, "geometry": { "type": "Point", "coordinates": [ 5.608862, 6.334076 ] } },
{ "type": "Feature", "properties": { "name": "Universal Basic Education", "amenity": "college" }, "geometry": { "type": "Point", "coordinates": [ 5.624489, 6.338757 ] } },
{ "type": "Feature", "properties": { "name": "Old Edo College", "amenity": "college" }, "geometry": { "type": "Point", "coordinates": [ 5.618414, 6.343072 ] } },
{ "type": "Feature", "properties": { "name": "Spring Com Computer School", "amenity": "college" }, "geometry": { "type": "Point", "coordinates": [ 5.619761, 6.341174 ] } },
{ "type": "Feature", "properties": { "name": "Mega Montessori nusery and primary school", "amenity": "kindergarten" }, "geometry": { "type": "Point", "coordinates": [ 5.627792, 6.339011 ] } },
{ "type": "Feature", "properties": { "name": "Our Lady of Apostles, Epe Garage", "amenity": "school" }, "geometry": { "type": "Point", "coordinates": [ 3.9288, 6.81312 ] } },
{ "type": "Feature", "properties": { "name": "Marine Police Training School, Toru-Orua", "amenity": "college" }, "geometry": { "type": "Point", "coordinates": [ 6.066533, 5.100773 ] } },
{ "type": "Feature", "properties": { "name": "St. Peters Anglican Daycare Nursry/Primary School", "amenity": "school" }, "geometry": { "type": "Point", "coordinates": [ 5.622531, 6.344147 ] } },
{ "type": "Feature", "properties": { "name": "Early days", "amenity": "school" }, "geometry": { "type": "Point", "coordinates": [ 7.058438, 4.823365 ] } },
{ "type": "Feature", "properties": { "name": "Nazareth schools", "amenity": "school" }, "geometry": { "type": "Point", "coordinates": [ 7.059239, 4.824989 ] } },
{ "type": "Feature", "properties": { "name": "Lovers of Christ Academy", "amenity": "school" }, "geometry": { "type": "Point", "coordinates": [ 5.612333, 6.307346 ] } },
{ "type": "Feature", "properties": { "name": "Diamond School Academy", "amenity": "school" }, "geometry": { "type": "Point", "coordinates": [ 5.603963, 6.305052 ] } },
{ "type": "Feature", "properties": { "name": "Ori", "amenity": "school" }, "geometry": { "type": "Point", "coordinates": [ 6.343443, 5.555273 ] } },
{ "type": "Feature", "properties": { "name": "St. Andrew Primary School", "amenity": "school" }, "geometry": { "type": "Point", "coordinates": [ 4.724893, 7.161496 ] } },
{ "type": "Feature", "properties": { "name": "The Kiib School", "amenity": "school" }, "geometry": { "type": "Point", "coordinates": [ 7.028147, 4.834754 ] } },
{ "type": "Feature", "properties": { "name": "Emmanuel College", "amenity": "school" }, "geometry": { "type": "Point", "coordinates": [ 7.032002, 5.479713 ] } },
{ "type": "Feature", "properties": { "name": "Federal Government Girl's College, Imiringi", "amenity": "school" }, "geometry": { "type": "Point", "coordinates": [ 6.37339, 4.861495 ] } },
{ "type": "Feature", "properties": { "name": "Taurari Trend Setters School", "amenity": "school" }, "geometry": { "type": "Point", "coordinates": [ 7.455845, 10.551863 ] } },
{ "type": "Feature", "properties": { "name": "Essence International School", "amenity": "school" }, "geometry": { "type": "Point", "coordinates": [ 7.45566, 10.535266 ] } },
{ "type": "Feature", "properties": { "name": "Basic Junior Secondary School", "amenity": "school" }, "geometry": { "type": "Point", "coordinates": [ 6.343423, 4.953172 ] } },
{ "type": "Feature", "properties": { "name": "Federal Polytechnic, Ekowe", "amenity": "school" }, "geometry": { "type": "Point", "coordinates": [ 6.092504, 4.710473 ] } },
{ "type": "Feature", "properties": { "name": "St Mary Dedidcation Brithish School", "amenity": "school" }, "geometry": { "type": "Point", "coordinates": [ 5.627816, 6.311777 ] } },
{ "type": "Feature", "properties": { "name": "Asoro Primary School", "amenity": "school" }, "geometry": { "type": "Point", "coordinates": [ 5.625821, 6.330585 ] } },
{ "type": "Feature", "properties": { "name": "Omo group of schools", "amenity": "school" }, "geometry": { "type": "Point", "coordinates": [ 5.628951, 6.32689 ] } },
{ "type": "Feature", "properties": { "name": "St. Andrew'S Anglican Primary School, Odoasonyin", "amenity": "school" }, "geometry": { "type": "Point", "coordinates": [ 3.9354, 6.8315 ] } },
{ "type": "Feature", "properties": { "name": "Zion Faith Group Of Schools", "amenity": "school" }, "geometry": { "type": "Point", "coordinates": [ 5.630385, 6.327763 ] } },
{ "type": "Feature", "properties": { "name": "Salvation Army Primary School II, Agbara", "amenity": "school" }, "geometry": { "type": "Point", "coordinates": [ 3.101495, 6.504376 ] } },
{ "type": "Feature", "properties": { "name": "St Michael Primary School", "amenity": "school" }, "geometry": { "type": "Point", "coordinates": [ 4.790758, 8.277577 ] } },
{ "type": "Feature", "properties": { "name": "ST. Mary Dedication Education Centre", "amenity": "school" }, "geometry": { "type": "Point", "coordinates": [ 5.617372, 6.321911 ] } },
{ "type": "Feature", "properties": { "name": "Prime Meridian School", "amenity": "school" }, "geometry": { "type": "Point", "coordinates": [ 5.611681, 6.307295 ] } },
{ "type": "Feature", "properties": { "name": "Wilbraham Nursery/ pry School", "amenity": "school" }, "geometry": { "type": "Point", "coordinates": [ 5.601133, 6.314507 ] } },
{ "type": "Feature", "properties": { "name": "St. Mary's Roman Catholic Mission School III, Ifo", "amenity": "school" }, "geometry": { "type": "Point", "coordinates": [ 3.1968, 6.8127 ] } },
{ "type": "Feature", "properties": { "name": "Baptist Day School, Ereko", "amenity": "school" }, "geometry": { "type": "Point", "coordinates": [ 3.9296, 6.816 ] } },
{ "type": "Feature", "properties": { "name": "St. John Anglican School. Mosimi", "amenity": "school" }, "geometry": { "type": "Point", "coordinates": [ 3.5506, 6.75415 ] } },
{ "type": "Feature", "properties": { "name": "Local Government Primary School, Obalende", "amenity": "school" }, "geometry": { "type": "Point", "coordinates": [ 3.908, 6.8319 ] } },
{ "type": "Feature", "properties": { "name": "St. Joseph Anglican School, Odonoko", "amenity": "school" }, "geometry": { "type": "Point", "coordinates": [ 4.0031, 6.74415 ] } },
{ "type": "Feature", "properties": { "name": "Local Government Primary School Iii, Ijako Ota", "amenity": "school" }, "geometry": { "type": "Point", "coordinates": [ 3.2199, 6.726 ] } },
{ "type": "Feature", "properties": { "name": "United African Methodist Church, Eleja, Iraye", "amenity": "school" }, "geometry": { "type": "Point", "coordinates": [ 3.5859, 6.7297 ] } },
{ "type": "Feature", "properties": { "name": "Africa Church Primay School, Oniyanmo", "amenity": "school" }, "geometry": { "type": "Point", "coordinates": [ 3.1022, 6.753 ] } },
{ "type": "Feature", "properties": { "name": "Community Primary School,Owode Titun", "amenity": "school" }, "geometry": { "type": "Point", "coordinates": [ 3.2297, 6.7546 ] } },
{ "type": "Feature", "properties": { "name": "St.Peter Anglican Primary School, Agooro", "amenity": "school" }, "geometry": { "type": "Point", "coordinates": [ 3.2384, 6.7605 ] } },
{ "type": "Feature", "properties": { "name": "St. Mary's Roman Catholic Mission School II, Ifo", "amenity": "school" }, "geometry": { "type": "Point", "coordinates": [ 3.2083, 6.8165 ] } },
{ "type": "Feature", "properties": { "name": "Wesley Primary School II, Oko", "amenity": "school" }, "geometry": { "type": "Point", "coordinates": [ 3.651, 6.8524 ] } },
{ "type": "Feature", "properties": { "name": "Nigerian Baptist Theological Seminary", "amenity": "school" }, "geometry": { "type": "Point", "coordinates": [ 4.232497, 8.132355 ] } },
{ "type": "Feature", "properties": { "name": "Ansirudeen Primary School", "amenity": "school" }, "geometry": { "type": "Point", "coordinates": [ 4.723182, 7.16795 ] } },
{ "type": "Feature", "properties": { "name": "C. A. C. Primary School", "amenity": "school" }, "geometry": { "type": "Point", "coordinates": [ 4.723617, 7.164024 ] } },
{ "type": "Feature", "properties": { "name": "St. John Primary School", "amenity": "school" }, "geometry": { "type": "Point", "coordinates": [ 4.72511, 7.159139 ] } },
{ "type": "Feature", "properties": { "name": "St. Paul Primary School Ii, Ijoku", "amenity": "school" }, "geometry": { "type": "Point", "coordinates": [ 3.649, 6.8418 ] } },
{ "type": "Feature", "properties": { "name": "male and female mosque road", "amenity": "school" }, "geometry": { "type": "Point", "coordinates": [ 11.175454, 10.305583 ] } },
{ "type": "Feature", "properties": { "name": "St. Paul Primary School, Ayepe Road", "amenity": "school" }, "geometry": { "type": "Point", "coordinates": [ 3.6589, 6.8357 ] } },
{ "type": "Feature", "properties": { "name": "Mahdiyyat Memorial Primary School, Onirugba", "amenity": "school" }, "geometry": { "type": "Point", "coordinates": [ 3.9332, 6.8379 ] } },
{ "type": "Feature", "properties": { "name": "St. Paul Primary School Oke Ate", "amenity": "school" }, "geometry": { "type": "Point", "coordinates": [ 3.6331, 6.8393 ] } },
{ "type": "Feature", "properties": { "name": "Baptist High School", "amenity": "school" }, "geometry": { "type": "Point", "coordinates": [ 7.492255, 6.421559 ] } },
{ "type": "Feature", "properties": { "name": "Government Science College", "amenity": "college" }, "geometry": { "type": "Point", "coordinates": [ 4.482054, 12.303787 ] } },
{ "type": "Feature", "properties": { "name": "Sacred Heart Primary & Secondary School", "amenity": "school" }, "geometry": { "type": "Point", "coordinates": [ 7.489037, 6.421991 ] } },
{ "type": "Feature", "properties": { "name": "Federal College of Agriculture", "amenity": "school" }, "geometry": { "type": "Point", "coordinates": [ 5.206451, 7.269388 ] } },
{ "type": "Feature", "properties": { "name": "Martin Luther Agwai International Peace Keeping Centre", "amenity": "school" }, "geometry": { "type": "Point", "coordinates": [ 7.543973, 10.81136 ] } },
{ "type": "Feature", "properties": { "name": "IVBIYENEVA PRIMARY SCHOOL", "amenity": "school" }, "geometry": { "type": "Point", "coordinates": [ 5.638888, 6.320646 ] } },
{ "type": "Feature", "properties": { "name": "Word of God Group of Schools", "amenity": "school" }, "geometry": { "type": "Point", "coordinates": [ 5.624274, 6.341614 ] } },
{ "type": "Feature", "properties": { "name": "IELTS, TOEFL, PTE, GRE, SAT CENTER IN ENUGU", "amenity": "school" }, "geometry": { "type": "Point", "coordinates": [ 7.525122, 6.4584 ] } },
{ "type": "Feature", "properties": { "name": "New Haven Primary School", "amenity": "school" }, "geometry": { "type": "Point", "coordinates": [ 7.525215, 6.457157 ] } },
{ "type": "Feature", "properties": { "name": "Sikiru Adetona Colledge Of Education (Sacotech), Omu Ijebu", "amenity": null }, "geometry": { "type": "Point", "coordinates": [ 3.855844, 6.706972 ] } },
{ "type": "Feature", "properties": { "name": "Ebibotel Group of Schools", "amenity": "school" }, "geometry": { "type": "Point", "coordinates": [ 6.341161, 4.94774 ] } },
{ "type": "Feature", "properties": { "name": "FINAPS", "amenity": "school" }, "geometry": { "type": "Point", "coordinates": [ 6.345648, 4.950919 ] } },
{ "type": "Feature", "properties": { "name": "Funakpo Academy", "amenity": "school" }, "geometry": { "type": "Point", "coordinates": [ 6.348795, 4.952167 ] } },
{ "type": "Feature", "properties": { "name": "Akute Grammar School", "amenity": "school" }, "geometry": { "type": "Point", "coordinates": [ 3.361946, 6.684569 ] } },
{ "type": "Feature", "properties": { "name": "Command Secondary School", "amenity": "school" }, "geometry": { "type": "Point", "coordinates": [ 7.42363, 10.444321 ] } },
{ "type": "Feature", "properties": { "name": "Mohammed Goni College of Legal and Islamic Studies", "amenity": "school" }, "geometry": { "type": "Point", "coordinates": [ 13.148924, 11.846908 ] } },
{ "type": "Feature", "properties": { "name": "Educational Advancement Centre", "amenity": "school" }, "geometry": { "type": "Point", "coordinates": [ 3.900939, 7.418197 ] } },
{ "type": "Feature", "properties": { "name": "B & B Nursery and Primary School", "amenity": "school" }, "geometry": { "type": "Point", "coordinates": [ 3.941929, 7.431116 ] } },
{ "type": "Feature", "properties": { "name": "Titbun High School", "amenity": "school" }, "geometry": { "type": "Point", "coordinates": [ 3.923389, 7.524981 ] } },
{ "type": "Feature", "properties": { "name": "International Institute For Entrepreneurship & Development", "amenity": "school" }, "geometry": { "type": "Point", "coordinates": [ 7.489773, 6.424658 ] } },
{ "type": "Feature", "properties": { "name": "KUNDILA PRIMARY SCHOOL KUNDILA", "amenity": "school" }, "geometry": { "type": "Point", "coordinates": [ 8.555606, 11.965125 ] } },
{ "type": "Feature", "properties": { "name": "LIVING STONE SCHOOL", "amenity": "school" }, "geometry": { "type": "Point", "coordinates": [ 8.536444, 11.961717 ] } },
{ "type": "Feature", "properties": { "name": "Fgc A", "amenity": "school" }, "geometry": { "type": "Point", "coordinates": [ 8.56084, 11.9489 ] } },
{ "type": "Feature", "properties": { "name": "St. Peter African Church Primary School I, Iyesi", "amenity": "school" }, "geometry": { "type": "Point", "coordinates": [ 3.182254, 6.6611 ] } },
{ "type": "Feature", "properties": { "name": "St. Peter African Church Primary School Ii, Iyesi", "amenity": "school" }, "geometry": { "type": "Point", "coordinates": [ 3.182454, 6.6616 ] } },
{ "type": "Feature", "properties": { "name": "The Calvary Institute Of Technology", "amenity": "school" }, "geometry": { "type": "Point", "coordinates": [ 7.478696, 6.428507 ] } },
{ "type": "Feature", "properties": { "name": "Grace International School", "amenity": "school" }, "geometry": { "type": "Point", "coordinates": [ 7.497481, 6.442223 ] } },
{ "type": "Feature", "properties": { "name": "F.G.C", "amenity": "school" }, "geometry": { "type": "Point", "coordinates": [ 7.474061, 10.552899 ] } },
{ "type": "Feature", "properties": { "name": "Moini", "amenity": "school" }, "geometry": { "type": "Point", "coordinates": [ 7.440071, 10.542323 ] } },
{ "type": "Feature", "properties": { "name": "Sacre Heart", "amenity": "school" }, "geometry": { "type": "Point", "coordinates": [ 7.441281, 10.510874 ] } },
{ "type": "Feature", "properties": { "name": "Public School (Black and White)", "amenity": "school" }, "geometry": { "type": "Point", "coordinates": [ 7.444275, 10.54585 ] } },
{ "type": "Feature", "properties": { "name": "Oba Moshood Oyede Community Primary School, Onipanu", "amenity": "school" }, "geometry": { "type": "Point", "coordinates": [ 3.204204, 6.687423 ] } },
{ "type": "Feature", "properties": { "name": "The Jesus Missionary International School", "amenity": "school" }, "geometry": { "type": "Point", "coordinates": [ 5.631078, 6.33284 ] } },
{ "type": "Feature", "properties": { "name": "Oza Primary School", "amenity": "school" }, "geometry": { "type": "Point", "coordinates": [ 5.629848, 6.332929 ] } },
{ "type": "Feature", "properties": { "name": "Legacy Nursery & Primary School", "amenity": "school" }, "geometry": { "type": "Point", "coordinates": [ 5.601228, 6.323932 ] } },
{ "type": "Feature", "properties": { "name": "Southern Academy School", "amenity": "school" }, "geometry": { "type": "Point", "coordinates": [ 5.59397, 6.330872 ] } },
{ "type": "Feature", "properties": { "name": "Legend School", "amenity": "school" }, "geometry": { "type": "Point", "coordinates": [ 5.609962, 6.343104 ] } },
{ "type": "Feature", "properties": { "name": "Eware Primary School", "amenity": "school" }, "geometry": { "type": "Point", "coordinates": [ 5.6088, 6.344436 ] } },
{ "type": "Feature", "properties": { "name": "Oliha Primary School", "amenity": "school" }, "geometry": { "type": "Point", "coordinates": [ 5.605773, 6.349504 ] } },
{ "type": "Feature", "properties": { "name": "Modellink Group Of School", "amenity": "school" }, "geometry": { "type": "Point", "coordinates": [ 5.608675, 6.348962 ] } },
{ "type": "Feature", "properties": { "name": "Amazing grace nur/pry", "amenity": "school" }, "geometry": { "type": "Point", "coordinates": [ 5.608583, 6.333695 ] } },
{ "type": "Feature", "properties": { "name": "St. Saviours Anglican Primary School Ii Ijoko", "amenity": "school" }, "geometry": { "type": "Point", "coordinates": [ 3.254694, 6.742499 ] } },
{ "type": "Feature", "properties": { "name": "Peak Foundation school", "amenity": "school" }, "geometry": { "type": "Point", "coordinates": [ 5.626329, 6.33959 ] } },
{ "type": "Feature", "properties": { "name": "Faith In God Nursery and Primary School", "amenity": "school" }, "geometry": { "type": "Point", "coordinates": [ 5.631513, 6.344632 ] } },
{ "type": "Feature", "properties": { "name": "United Baptist Grammar School", "amenity": "school" }, "geometry": { "type": "Point", "coordinates": [ 5.624172, 6.340169 ] } },
{ "type": "Feature", "properties": { "name": "ASCL PRIMARY SCHOOL II", "amenity": "school" }, "geometry": { "type": "Point", "coordinates": [ 6.637409, 7.558963 ] } },
{ "type": "Feature", "properties": { "name": "Emokpac Primary School", "amenity": "school" }, "geometry": { "type": "Point", "coordinates": [ 5.624717, 6.339567 ] } },
{ "type": "Feature", "properties": { "name": "Ivbiore Primary School", "amenity": "school" }, "geometry": { "type": "Point", "coordinates": [ 5.613491, 6.343435 ] } },
{ "type": "Feature", "properties": { "name": "Hope High Academy", "amenity": "school" }, "geometry": { "type": "Point", "coordinates": [ 8.861263, 9.756285 ] } },
{ "type": "Feature", "properties": { "name": "Faith Comprehensive Sec Sch", "amenity": "college" }, "geometry": { "type": "Point", "coordinates": [ 6.349169, 4.951806 ] } },
{ "type": "Feature", "properties": { "name": "Joinkramer Grammer School", "amenity": "school" }, "geometry": { "type": "Point", "coordinates": [ 6.496419, 5.143934 ] } },
{ "type": "Feature", "properties": { "name": "Abbot Dayspring School", "amenity": "school" }, "geometry": { "type": "Point", "coordinates": [ 3.233055, 6.599935 ] } },
{ "type": "Feature", "properties": { "name": "Fabiye Apatha Primary School", "amenity": "school" }, "geometry": { "type": "Point", "coordinates": [ 5.624048, 6.345961 ] } },
{ "type": "Feature", "properties": { "name": "Universal basic dducation junior", "amenity": "school" }, "geometry": { "type": "Point", "coordinates": [ 13.783517, 11.218469 ] } },
{ "type": "Feature", "properties": { "name": "Caritas University", "amenity": "university" }, "geometry": { "type": "Point", "coordinates": [ 7.569231, 6.503733 ] } },
{ "type": "Feature", "properties": { "name": "Central Primary School, Obeledu", "amenity": "school" }, "geometry": { "type": "Point", "coordinates": [ 7.021945, 6.084464 ] } },
{ "type": "Feature", "properties": { "name": "Bowen University", "amenity": "school" }, "geometry": { "type": "Point", "coordinates": [ 4.192088, 7.621138 ] } },
{ "type": "Feature", "properties": { "name": "Salvation Army Primary School I, Edu Agbara", "amenity": "school" }, "geometry": { "type": "Point", "coordinates": [ 3.067499, 6.536185 ] } },
{ "type": "Feature", "properties": { "name": "Salvation Army Primary School Ii, Edu Agbara", "amenity": "school" }, "geometry": { "type": "Point", "coordinates": [ 3.064076, 6.538477 ] } },
{ "type": "Feature", "properties": { "name": "Ungwan Yelwa Primary School", "amenity": "school" }, "geometry": { "type": "Point", "coordinates": [ 7.43643, 10.448483 ] } },
{ "type": "Feature", "properties": { "name": "Community Primary School, Abule Sule", "amenity": "school" }, "geometry": { "type": "Point", "coordinates": [ 3.2579, 6.7647 ] } },
{ "type": "Feature", "properties": { "name": "Baptist High School, Ejigbo", "amenity": "school" }, "geometry": { "type": "Point", "coordinates": [ 4.319421, 7.896912 ] } },
{ "type": "Feature", "properties": { "name": "Queen Amina College", "amenity": "school" }, "geometry": { "type": "Point", "coordinates": [ 7.421158, 10.476237 ] } },
{ "type": "Feature", "properties": { "name": "Government Day Secondary School", "amenity": "school" }, "geometry": { "type": "Point", "coordinates": [ 4.652439, 12.498432 ] } },
{ "type": "Feature", "properties": { "name": "Precious Kids Academy", "amenity": "school" }, "geometry": { "type": "Point", "coordinates": [ 9.802851, 10.271902 ] } },
{ "type": "Feature", "properties": { "name": "UC Primary School", "amenity": "school" }, "geometry": { "type": "Point", "coordinates": [ 4.646024, 12.500338 ] } },
{ "type": "Feature", "properties": { "name": "Africa Church Primary School, Liasu Balogun", "amenity": "school" }, "geometry": { "type": "Point", "coordinates": [ 3.223476, 6.676118 ] } },
{ "type": "Feature", "properties": { "name": "Chara Montessori School", "amenity": "kindergarten" }, "geometry": { "type": "Point", "coordinates": [ 5.603497, 6.311224 ] } },
{ "type": "Feature", "properties": { "name": "Early Days Creche", "amenity": "kindergarten" }, "geometry": { "type": "Point", "coordinates": [ 5.625998, 6.313208 ] } },
{ "type": "Feature", "properties": { "name": "Ecwa Kauna Secondary Schools", "amenity": "school" }, "geometry": { "type": "Point", "coordinates": [ 9.796949, 10.265405 ] } },
{ "type": "Feature", "properties": { "name": "New Life In Christ Group of Schools", "amenity": "school" }, "geometry": { "type": "Point", "coordinates": [ 5.578038, 6.362815 ] } },
{ "type": "Feature", "properties": { "name": "Utimate Schools", "amenity": "school" }, "geometry": { "type": "Point", "coordinates": [ 5.633447, 6.3827 ] } },
{ "type": "Feature", "properties": { "name": "Christ for All Ministry", "amenity": "school" }, "geometry": { "type": "Point", "coordinates": [ 5.585962, 6.36654 ] } },
{ "type": "Feature", "properties": { "name": "Inomwan Fundation Secondary School", "amenity": "school" }, "geometry": { "type": "Point", "coordinates": [ 5.626998, 6.310765 ] } },
{ "type": "Feature", "properties": { "name": "F.s.p Creche Nusary and primary School", "amenity": "school" }, "geometry": { "type": "Point", "coordinates": [ 5.623325, 6.312345 ] } },
{ "type": "Feature", "properties": { "name": "Divine Light Group of Schools", "amenity": "school" }, "geometry": { "type": "Point", "coordinates": [ 5.572296, 6.356131 ] } },
{ "type": "Feature", "properties": { "name": "Ann Marie Memorial School", "amenity": "school" }, "geometry": { "type": "Point", "coordinates": [ 5.597777, 6.322651 ] } },
{ "type": "Feature", "properties": { "name": "Useh Primary Health Care", "amenity": "school" }, "geometry": { "type": "Point", "coordinates": [ 5.5784, 6.366769 ] } },
{ "type": "Feature", "properties": { "name": "Standard School", "amenity": "school" }, "geometry": { "type": "Point", "coordinates": [ 5.588697, 6.363398 ] } },
{ "type": "Feature", "properties": { "name": "Community Secondary School", "amenity": "school" }, "geometry": { "type": "Point", "coordinates": [ 6.394984, 5.017407 ] } },
{ "type": "Feature", "properties": { "name": "Omolere Group of School", "amenity": "school" }, "geometry": { "type": "Point", "coordinates": [ 5.220516, 7.261343 ] } },
{ "type": "Feature", "properties": { "name": "Fiwasaye Girls' Grammar School", "amenity": "school" }, "geometry": { "type": "Point", "coordinates": [ 5.218756, 7.258518 ] } },
{ "type": "Feature", "properties": { "name": "Federal University Lokoja", "amenity": "university" }, "geometry": { "type": "Point", "coordinates": [ 6.731998, 7.792137 ] } },
{ "type": "Feature", "properties": { "name": "Mafoni Day Secondary School", "amenity": "school" }, "geometry": { "type": "Point", "coordinates": [ 13.150302, 11.845684 ] } },
{ "type": "Feature", "properties": { "name": "Fiwasaye Grammar School", "amenity": "school" }, "geometry": { "type": "Point", "coordinates": [ 5.196752, 7.255425 ] } },
{ "type": "Feature", "properties": { "name": "Mala Kachallah Model School", "amenity": "school" }, "geometry": { "type": "Point", "coordinates": [ 13.155565, 11.84128 ] } },
{ "type": "Feature", "properties": { "name": "School Women Primary-Secondary", "amenity": "school" }, "geometry": { "type": "Point", "coordinates": [ 13.140278, 11.815793 ] } },
{ "type": "Feature", "properties": { "name": "Dominion Integrated School", "amenity": "school" }, "geometry": { "type": "Point", "coordinates": [ 8.913166, 9.934349 ] } },
{ "type": "Feature", "properties": { "name": "All Saints Primary School, Igbesa", "amenity": "school" }, "geometry": { "type": "Point", "coordinates": [ 3.1365, 6.5305 ] } },
{ "type": "Feature", "properties": { "name": "Salvation Army Primary School I Igbesa", "amenity": "school" }, "geometry": { "type": "Point", "coordinates": [ 3.1342, 6.5288 ] } },
{ "type": "Feature", "properties": { "name": "local government primary school, igere", "amenity": "school" }, "geometry": { "type": "Point", "coordinates": [ 3.0864, 6.5408 ] } },
{ "type": "Feature", "properties": { "name": "St. Peter'S And Paul'S School Eruku", "amenity": "school" }, "geometry": { "type": "Point", "coordinates": [ 3.0119, 6.541 ] } },
{ "type": "Feature", "properties": { "name": "Turkish International School", "amenity": "school" }, "geometry": { "type": "Point", "coordinates": [ 7.465409, 10.538195 ] } },
{ "type": "Feature", "properties": { "name": "Harvase International School", "amenity": "school" }, "geometry": { "type": "Point", "coordinates": [ 7.424255, 8.994816 ] } },
{ "type": "Feature", "properties": { "name": "Science and Technology", "amenity": "school" }, "geometry": { "type": "Point", "coordinates": [ 3.722546, 6.888716 ] } },
{ "type": "Feature", "properties": { "name": "Windsor Locks School, Kingston Estate", "amenity": "school" }, "geometry": { "type": "Point", "coordinates": [ 7.377686, 9.091759 ] } },
{ "type": "Feature", "properties": { "name": "Darrul Hudda", "amenity": "school" }, "geometry": { "type": "Point", "coordinates": [ 7.478374, 10.56519 ] } },
{ "type": "Feature", "properties": { "name": "Al-muhibbah Islamic academy", "amenity": "school" }, "geometry": { "type": "Point", "coordinates": [ 7.473869, 10.590636 ] } },
{ "type": "Feature", "properties": { "name": "Jinie Schools", "amenity": "school" }, "geometry": { "type": "Point", "coordinates": [ 7.429835, 10.471467 ] } },
{ "type": "Feature", "properties": { "name": "Sheikh Dahiru Usman Bauchi Foundation", "amenity": "school" }, "geometry": { "type": "Point", "coordinates": [ 7.571229, 8.831406 ] } },
{ "type": "Feature", "properties": { "name": "cac secondary school", "amenity": "school" }, "geometry": { "type": "Point", "coordinates": [ 5.190465, 7.616536 ] } },
{ "type": "Feature", "properties": { "name": "Mafoni Liberty Junior Secondary School", "amenity": "school" }, "geometry": { "type": "Point", "coordinates": [ 13.135678, 11.805568 ] } },
{ "type": "Feature", "properties": { "name": "Community Primary School, Barayira Tai", "amenity": "school" }, "geometry": { "type": "Point", "coordinates": [ 7.202887, 4.744223 ] } },
{ "type": "Feature", "properties": { "name": "Ibillo primary school, Ibillo", "amenity": "school" }, "geometry": { "type": "Point", "coordinates": [ 6.07139, 7.435738 ] } },
{ "type": "Feature", "properties": { "name": "baptist secondary school", "amenity": "school" }, "geometry": { "type": "Point", "coordinates": [ 5.193308, 7.615077 ] } },
{ "type": "Feature", "properties": { "name": "Karshi Junior Secondary School", "amenity": "school" }, "geometry": { "type": "Point", "coordinates": [ 7.566928, 8.829663 ] } },
{ "type": "Feature", "properties": { "name": "Community Primary School, Akera", "amenity": "school" }, "geometry": { "type": "Point", "coordinates": [ 3.2862, 6.693 ] } },
{ "type": "Feature", "properties": { "name": "Community Primary School, Araromi Oke-Aro", "amenity": "school" }, "geometry": { "type": "Point", "coordinates": [ 3.3202, 6.7044 ] } },
{ "type": "Feature", "properties": { "name": "Christ Church School, Olomu-Ifo", "amenity": "school" }, "geometry": { "type": "Point", "coordinates": [ 3.3819, 6.7045 ] } },
{ "type": "Feature", "properties": { "name": "St. John'S Anglican Primary School I, Ogijo", "amenity": "school" }, "geometry": { "type": "Point", "coordinates": [ 3.5113, 6.7046 ] } },
{ "type": "Feature", "properties": { "name": "St. John'S Anglican Primary School Iii, Ogijo", "amenity": "school" }, "geometry": { "type": "Point", "coordinates": [ 3.511, 6.7051 ] } },
{ "type": "Feature", "properties": { "name": "St. Paul'S African Church Primary School Ilogbo Ota", "amenity": "school" }, "geometry": { "type": "Point", "coordinates": [ 3.1629, 6.7237 ] } },
{ "type": "Feature", "properties": { "name": "Community Primary School, Abudu", "amenity": "school" }, "geometry": { "type": "Point", "coordinates": [ 3.2189, 6.724 ] } },
{ "type": "Feature", "properties": { "name": "St. Alloysius Catholic. Pry School, Iloti.", "amenity": "school" }, "geometry": { "type": "Point", "coordinates": [ 3.9992, 6.7257 ] } },
{ "type": "Feature", "properties": { "name": "Imaguero College", "amenity": "college" }, "geometry": { "type": "Point", "coordinates": [ 5.627769, 6.322462 ] } },
{ "type": "Feature", "properties": { "name": "Local Government Primary School Ii, Iroko Aparadija", "amenity": "school" }, "geometry": { "type": "Point", "coordinates": [ 3.271, 6.7031 ] } },
{ "type": "Feature", "properties": { "name": "Local Government Primary School I, Iroko Aparadija", "amenity": "school" }, "geometry": { "type": "Point", "coordinates": [ 3.2711, 6.7034 ] } },
{ "type": "Feature", "properties": { "name": "St. John'S Anglican Primary School Ii, Ogijo", "amenity": "school" }, "geometry": { "type": "Point", "coordinates": [ 3.5115, 6.7044 ] } },
{ "type": "Feature", "properties": { "name": "African Church School Ii, Okungbolu", "amenity": "school" }, "geometry": { "type": "Point", "coordinates": [ 3.3063, 6.7144 ] } },
{ "type": "Feature", "properties": { "name": "Community Primary School, Onipetesi", "amenity": "school" }, "geometry": { "type": "Point", "coordinates": [ 3.2835, 6.7467 ] } },
{ "type": "Feature", "properties": { "name": "Community Primary School, Ogungbade", "amenity": "school" }, "geometry": { "type": "Point", "coordinates": [ 3.2251, 6.768 ] } },
{ "type": "Feature", "properties": { "name": "Local Government Primary School, Coker Market", "amenity": "school" }, "geometry": { "type": "Point", "coordinates": [ 3.1353, 6.7703 ] } },
{ "type": "Feature", "properties": { "name": "African Church School Ii, Ilepa", "amenity": "school" }, "geometry": { "type": "Point", "coordinates": [ 3.2076, 6.7852 ] } },
{ "type": "Feature", "properties": { "name": "Community School, Moboluwaduro", "amenity": "school" }, "geometry": { "type": "Point", "coordinates": [ 3.3033, 6.6997 ] } },
{ "type": "Feature", "properties": { "name": "United Anglican Primary School, Tigbo-Ogan", "amenity": "school" }, "geometry": { "type": "Point", "coordinates": [ 3.1837, 6.8 ] } },
{ "type": "Feature", "properties": { "name": "African Church Primary School, Apode", "amenity": "school" }, "geometry": { "type": "Point", "coordinates": [ 3.1949, 6.803 ] } },
{ "type": "Feature", "properties": { "name": "African Church School, Omitoro", "amenity": "school" }, "geometry": { "type": "Point", "coordinates": [ 3.1967, 6.8116 ] } },
{ "type": "Feature", "properties": { "name": "St. James School African Church School,Seriki", "amenity": "school" }, "geometry": { "type": "Point", "coordinates": [ 3.2464, 6.8124 ] } },
{ "type": "Feature", "properties": { "name": "Christ Church Primary School Iii, Porogun", "amenity": "school" }, "geometry": { "type": "Point", "coordinates": [ 3.9132, 6.8221 ] } },
{ "type": "Feature", "properties": { "name": "Christ Church Primary School Ii, Porogun", "amenity": "school" }, "geometry": { "type": "Point", "coordinates": [ 3.9125, 6.8235 ] } },
{ "type": "Feature", "properties": { "name": "Local Government Primary School I Temidire, Sabo", "amenity": "school" }, "geometry": { "type": "Point", "coordinates": [ 3.6437, 6.8252 ] } },
{ "type": "Feature", "properties": { "name": "Our Savior Anglican Primary School, Italowayode", "amenity": "school" }, "geometry": { "type": "Point", "coordinates": [ 3.9099, 6.8255 ] } },
{ "type": "Feature", "properties": { "name": "Molupa Community Primary School, Molipa.", "amenity": "school" }, "geometry": { "type": "Point", "coordinates": [ 3.9112, 6.8496 ] } },
{ "type": "Feature", "properties": { "name": "Olu-Ola Primary School, Igbeba", "amenity": "school" }, "geometry": { "type": "Point", "coordinates": [ 3.9367, 6.8352 ] } },
{ "type": "Feature", "properties": { "name": "Community Primaryschool, Emily-Obadina", "amenity": "school" }, "geometry": { "type": "Point", "coordinates": [ 3.1979, 6.8301 ] } },
{ "type": "Feature", "properties": { "name": "Local Government Primary School Iii, Sabo", "amenity": "school" }, "geometry": { "type": "Point", "coordinates": [ 3.647, 6.8311 ] } },
{ "type": "Feature", "properties": { "name": "Local Government Primary School I, Sabo", "amenity": "school" }, "geometry": { "type": "Point", "coordinates": [ 3.6471, 6.8312 ] } },
{ "type": "Feature", "properties": { "name": "African Church Primary School, Ijoku", "amenity": "school" }, "geometry": { "type": "Point", "coordinates": [ 3.6489, 6.8422 ] } },
{ "type": "Feature", "properties": { "name": "St. Collemciles Primary School. Ofin", "amenity": "school" }, "geometry": { "type": "Point", "coordinates": [ 3.6546, 6.8471 ] } },
{ "type": "Feature", "properties": { "name": "Wesley Primary School Ojumele, Makun", "amenity": "school" }, "geometry": { "type": "Point", "coordinates": [ 3.6364, 6.8472 ] } },
{ "type": "Feature", "properties": { "name": "Comminity Primary School Olomu Agosi", "amenity": "school" }, "geometry": { "type": "Point", "coordinates": [ 3.2053, 6.8287 ] } },
{ "type": "Feature", "properties": { "name": "Local Government Primary School I, Otun Ota", "amenity": "school" }, "geometry": { "type": "Point", "coordinates": [ 3.229, 6.6815 ] } },
{ "type": "Feature", "properties": { "name": "Local Government Primary School, Baale-Akinosi", "amenity": "school" }, "geometry": { "type": "Point", "coordinates": [ 3.3521, 6.6816 ] } },
{ "type": "Feature", "properties": { "name": "Zion African Church Primary School, Ope-Ilu", "amenity": "school" }, "geometry": { "type": "Point", "coordinates": [ 3.2968, 6.6819 ] } },
{ "type": "Feature", "properties": { "name": "Learn Well International Group of Schools", "amenity": "school" }, "geometry": { "type": "Point", "coordinates": [ 5.581479, 6.36408 ] } },
{ "type": "Feature", "properties": { "name": "Oxonian Grand Academy", "amenity": "school" }, "geometry": { "type": "Point", "coordinates": [ 5.628702, 6.369736 ] } },
{ "type": "Feature", "properties": { "name": "Kings Citadel Seminary School", "amenity": "school" }, "geometry": { "type": "Point", "coordinates": [ 5.624668, 6.365373 ] } },
{ "type": "Feature", "properties": { "name": "Blessed St. Paul Memorial Group of Schools", "amenity": "school" }, "geometry": { "type": "Point", "coordinates": [ 5.58701, 6.365575 ] } },
{ "type": "Feature", "properties": { "name": "King's and Queen's Education Centre", "amenity": "school" }, "geometry": { "type": "Point", "coordinates": [ 5.629554, 6.366627 ] } },
{ "type": "Feature", "properties": { "name": "Holy spirit Catholic School", "amenity": "school" }, "geometry": { "type": "Point", "coordinates": [ 5.635697, 6.37139 ] } },
{ "type": "Feature", "properties": { "name": "St Louis Secondary School Bompai", "amenity": "school" }, "geometry": { "type": "Point", "coordinates": [ 8.562883, 12.019254 ] } },
{ "type": "Feature", "properties": { "name": "Solid Rock view Private School", "amenity": "school" }, "geometry": { "type": "Point", "coordinates": [ 8.908644, 9.928852 ] } },
{ "type": "Feature", "properties": { "name": "Ashaka School", "amenity": "school" }, "geometry": { "type": "Point", "coordinates": [ 11.48231, 10.919937 ] } },
{ "type": "Feature", "properties": { "name": "Unicent Group of Schools", "amenity": "school" }, "geometry": { "type": "Point", "coordinates": [ 5.635442, 6.367513 ] } },
{ "type": "Feature", "properties": { "name": "African Church Primary School, Ayede Ifo", "amenity": "school" }, "geometry": { "type": "Point", "coordinates": [ 3.2032, 6.7925 ] } },
{ "type": "Feature", "properties": { "name": "Baptist Day School, Pakoto Ifo", "amenity": "school" }, "geometry": { "type": "Point", "coordinates": [ 3.2007, 6.8026 ] } },
{ "type": "Feature", "properties": { "name": "Wesley Primary School Sotunbo", "amenity": "school" }, "geometry": { "type": "Point", "coordinates": [ 3.5907, 6.8056 ] } },
{ "type": "Feature", "properties": { "name": "Moslem Primary School I, Etitale", "amenity": "school" }, "geometry": { "type": "Point", "coordinates": [ 3.9209, 6.8192 ] } },
{ "type": "Feature", "properties": { "name": "African Church Central School, Ososun", "amenity": "school" }, "geometry": { "type": "Point", "coordinates": [ 3.2333, 6.8203 ] } },
{ "type": "Feature", "properties": { "name": "Christ Church Primary School I, Porogun", "amenity": "school" }, "geometry": { "type": "Point", "coordinates": [ 3.9154, 6.8213 ] } },
{ "type": "Feature", "properties": { "name": "GDSS Bolari East Gombe", "amenity": "school" }, "geometry": { "type": "Point", "coordinates": [ 11.183222, 10.277148 ] } },
{ "type": "Feature", "properties": { "name": "Adda Secondary School", "amenity": "school" }, "geometry": { "type": "Point", "coordinates": [ 8.531887, 11.96664 ] } },
{ "type": "Feature", "properties": { "name": "Gombe Childrean and High School", "amenity": "school" }, "geometry": { "type": "Point", "coordinates": [ 11.16208, 10.280141 ] } },
{ "type": "Feature", "properties": { "name": "Community LGEA Pry School, Atanda", "amenity": "school" }, "geometry": { "type": "Point", "coordinates": [ 4.735253, 8.318554 ] } },
{ "type": "Feature", "properties": { "name": "Ajio Community Secondary School, Ajio,", "amenity": "school" }, "geometry": { "type": "Point", "coordinates": [ 9.209874, 6.796695 ] } },
{ "type": "Feature", "properties": { "name": "Amena International School", "amenity": "school" }, "geometry": { "type": "Point", "coordinates": [ 5.600574, 6.30602 ] } },
{ "type": "Feature", "properties": { "name": "Airforce Pry Sch", "amenity": "school" }, "geometry": { "type": "Point", "coordinates": [ 5.591959, 6.30207 ] } },
{ "type": "Feature", "properties": { "name": "MAKARANTAR MALAM BABBA", "amenity": "school" }, "geometry": { "type": "Point", "coordinates": [ 8.562949, 12.038032 ] } },
{ "type": "Feature", "properties": { "name": "Carmel Nursery & Primary School", "amenity": "school" }, "geometry": { "type": "Point", "coordinates": [ 7.504813, 6.467566 ] } },
{ "type": "Feature", "properties": { "name": "Trans Ekulu Girls Secondary School", "amenity": "school" }, "geometry": { "type": "Point", "coordinates": [ 7.501828, 6.476649 ] } },
{ "type": "Feature", "properties": { "name": "St Leo's College Abeokuta", "amenity": "school" }, "geometry": { "type": "Point", "coordinates": [ 3.328791, 7.128189 ] } },
{ "type": "Feature", "properties": { "name": "COVENANT HALL SCHOOL", "amenity": "school" }, "geometry": { "type": "Point", "coordinates": [ 3.512497, 6.44431 ] } },
{ "type": "Feature", "properties": { "name": "St. Thomas Roman Catholic Mission Primary Schoo Idimu", "amenity": "school" }, "geometry": { "type": "Point", "coordinates": [ 3.16493, 6.59631 ] } },
{ "type": "Feature", "properties": { "name": "Chisome Tutors", "amenity": "school" }, "geometry": { "type": "Point", "coordinates": [ 7.536035, 6.459673 ] } },
{ "type": "Feature", "properties": { "name": "Rockland International", "amenity": "college" }, "geometry": { "type": "Point", "coordinates": [ 7.510234, 6.442606 ] } },
{ "type": "Feature", "properties": { "name": "Graceland Private School", "amenity": "college" }, "geometry": { "type": "Point", "coordinates": [ 7.500532, 6.459873 ] } },
{ "type": "Feature", "properties": { "name": "Academy Of Leadership & Enterprise", "amenity": "college" }, "geometry": { "type": "Point", "coordinates": [ 7.50298, 6.465779 ] } },
{ "type": "Feature", "properties": { "name": "FederalUniversity Ndufu Alike Ikwo", "amenity": "university" }, "geometry": { "type": "Point", "coordinates": [ 8.143583, 6.131894 ] } },
{ "type": "Feature", "properties": { "name": "ESUTH Pediatrics Emergency", "amenity": "university" }, "geometry": { "type": "Point", "coordinates": [ 7.494273, 6.461448 ] } },
{ "type": "Feature", "properties": { "name": "Winsophia Child Friendly", "amenity": "school" }, "geometry": { "type": "Point", "coordinates": [ 7.52245, 6.482994 ] } },
{ "type": "Feature", "properties": { "name": "Trans Ekulu Primary School", "amenity": "school" }, "geometry": { "type": "Point", "coordinates": [ 7.495381, 6.47625 ] } },
{ "type": "Feature", "properties": { "name": "St Leo The Great Nursery & Primary School", "amenity": "school" }, "geometry": { "type": "Point", "coordinates": [ 7.507836, 6.480021 ] } },
{ "type": "Feature", "properties": { "name": "Eye Theatre/Clinic, Children Out Patient Clinic/Gynae Ward, Enugu State Teaching Hospital", "amenity": "university" }, "geometry": { "type": "Point", "coordinates": [ 7.493526, 6.461798 ] } },
{ "type": "Feature", "properties": { "name": "Good Hope Stars Schools", "amenity": "school" }, "geometry": { "type": "Point", "coordinates": [ 7.495831, 6.465915 ] } },
{ "type": "Feature", "properties": { "name": "Goddip Nursery, Primary & Secondary School", "amenity": "school" }, "geometry": { "type": "Point", "coordinates": [ 7.511708, 6.479255 ] } },
{ "type": "Feature", "properties": { "name": "Fountain Comprehensive College", "amenity": "school" }, "geometry": { "type": "Point", "coordinates": [ 7.506913, 6.476999 ] } },
{ "type": "Feature", "properties": { "name": "All Saints Ekulu Nursery & Primary School", "amenity": "school" }, "geometry": { "type": "Point", "coordinates": [ 7.484622, 6.45407 ] } },
{ "type": "Feature", "properties": { "name": "Enugu State College Of Education Technical Enugu", "amenity": "college" }, "geometry": { "type": "Point", "coordinates": [ 7.499036, 6.45951 ] } },
{ "type": "Feature", "properties": { "name": "Enugu State College Of Education (Technical), Enugu", "amenity": "college" }, "geometry": { "type": "Point", "coordinates": [ 7.498636, 6.460075 ] } },
{ "type": "Feature", "properties": { "name": "Pharmacy Dept, Enugu State University Teaching Hospital", "amenity": "university" }, "geometry": { "type": "Point", "coordinates": [ 7.49381, 6.461387 ] } },
{ "type": "Feature", "properties": { "name": "Hematology Dept, Enugu State University Teaching Hospital", "amenity": "university" }, "geometry": { "type": "Point", "coordinates": [ 7.494073, 6.461937 ] } },
{ "type": "Feature", "properties": { "name": "River Side Nursery & Primary School", "amenity": "school" }, "geometry": { "type": "Point", "coordinates": [ 7.520734, 6.480415 ] } },
{ "type": "Feature", "properties": { "name": "Life Spring School", "amenity": "school" }, "geometry": { "type": "Point", "coordinates": [ 5.149951, 7.288554 ] } },
{ "type": "Feature", "properties": { "name": "United Anglican Primary School, Alapako-Sogunje", "amenity": "school" }, "geometry": { "type": "Point", "coordinates": [ 3.122379, 6.794811 ] } },
{ "type": "Feature", "properties": { "name": "ESUT Medicine Student's Hostel", "amenity": "university" }, "geometry": { "type": "Point", "coordinates": [ 7.495811, 6.462455 ] } },
{ "type": "Feature", "properties": { "name": "Futa Staff Primary School(PTA BUILDING)", "amenity": "school" }, "geometry": { "type": "Point", "coordinates": [ 5.147979, 7.295854 ] } },
{ "type": "Feature", "properties": { "name": "Blueville County Schools", "amenity": "school" }, "geometry": { "type": "Point", "coordinates": [ 5.778291, 5.562593 ] } },
{ "type": "Feature", "properties": { "name": "CPS Ndiofutu Echara Ikwo", "amenity": "school" }, "geometry": { "type": "Point", "coordinates": [ 8.298572, 6.16557 ] } },
{ "type": "Feature", "properties": { "name": "Catholic Comprehensive High School", "amenity": "school" }, "geometry": { "type": "Point", "coordinates": [ 3.333305, 7.131995 ] } },
{ "type": "Feature", "properties": { "name": "Community Primary School, Onibudo", "amenity": "school" }, "geometry": { "type": "Point", "coordinates": [ 3.353743, 6.7162 ] } },
{ "type": "Feature", "properties": { "name": "Ebenezer African Church School", "amenity": "school" }, "geometry": { "type": "Point", "coordinates": [ 3.887268, 7.392039 ] } },
{ "type": "Feature", "properties": { "name": "Premier School Zaria", "amenity": null }, "geometry": { "type": "Point", "coordinates": [ 7.716192, 11.09981 ] } },
{ "type": "Feature", "properties": { "name": "St. Paul Anglican Primary School Simawa", "amenity": "school" }, "geometry": { "type": "Point", "coordinates": [ 3.49381, 6.7727 ] } },
{ "type": "Feature", "properties": { "name": "Regina Mundi Girls Secondary School", "amenity": "school" }, "geometry": { "type": "Point", "coordinates": [ 4.170549, 7.639742 ] } },
{ "type": "Feature", "properties": { "name": "Model Primary School Tudunsaibu", "amenity": "school" }, "geometry": { "type": "Point", "coordinates": [ 12.533333, 9.1 ] } },
{ "type": "Feature", "properties": { "name": "St Brigid primary & nursery school", "amenity": "school" }, "geometry": { "type": "Point", "coordinates": [ 7.265189, 5.522776 ] } },
{ "type": "Feature", "properties": { "name": "Dore Numa College, Warri", "amenity": "college" }, "geometry": { "type": "Point", "coordinates": [ 5.762331, 5.50773 ] } },
{ "type": "Feature", "properties": { "name": "SCIENCE PROJECT PRI and SEC SCHOOL, UNGUWA UKU", "amenity": "school" }, "geometry": { "type": "Point", "coordinates": [ 8.562055, 11.957721 ] } },
{ "type": "Feature", "properties": { "name": "Professor seddi sabastine Maimako faculty of management sciences", "amenity": "school" }, "geometry": { "type": "Point", "coordinates": [ 8.878779, 9.965542 ] } },
{ "type": "Feature", "properties": { "name": "Government Day", "amenity": "school" }, "geometry": { "type": "Point", "coordinates": [ 9.814568, 10.329648 ] } },
{ "type": "Feature", "properties": { "name": "Unguwa Uku Science primary and Secondary school Kano", "amenity": null }, "geometry": { "type": "Point", "coordinates": [ 8.562065, 11.957778 ] } },
{ "type": "Feature", "properties": { "name": "School of Nursing and Midwifery", "amenity": "college" }, "geometry": { "type": "Point", "coordinates": [ 9.84491, 10.336146 ] } },
{ "type": "Feature", "properties": { "name": "Holy Rosary College Uwani, Enugu", "amenity": "college" }, "geometry": { "type": "Point", "coordinates": [ 7.495381, 6.429425 ] } },
{ "type": "Feature", "properties": { "name": "Vibrant Child Nursery and primary School", "amenity": "school" }, "geometry": { "type": "Point", "coordinates": [ 7.129835, 4.88825 ] } },
{ "type": "Feature", "properties": { "name": "Confidence INT'L Academy", "amenity": "school" }, "geometry": { "type": "Point", "coordinates": [ 7.381275, 9.141852 ] } },
{ "type": "Feature", "properties": { "name": "Hammawa Primary School", "amenity": "school" }, "geometry": { "type": "Point", "coordinates": [ 12.486451, 9.206758 ] } },
{ "type": "Feature", "properties": { "name": "Prima Schools", "amenity": "school" }, "geometry": { "type": "Point", "coordinates": [ 7.504187, 6.46983 ] } },
{ "type": "Feature", "properties": { "name": "Magnet Nursery & Primary School", "amenity": "school" }, "geometry": { "type": "Point", "coordinates": [ 7.499558, 6.461381 ] } },
{ "type": "Feature", "properties": { "name": "Holy Child Nursery & Primary", "amenity": "school" }, "geometry": { "type": "Point", "coordinates": [ 7.50914, 6.481227 ] } },
{ "type": "Feature", "properties": { "name": "Sunshine Crèche", "amenity": "school" }, "geometry": { "type": "Point", "coordinates": [ 7.488415, 6.447395 ] } },
{ "type": "Feature", "properties": { "name": "A'NA'AN ACADEMY FURAKA", "amenity": "school" }, "geometry": { "type": "Point", "coordinates": [ 8.920273, 9.911952 ] } },
{ "type": "Feature", "properties": { "name": "Williams School", "amenity": null }, "geometry": { "type": "Point", "coordinates": [ 7.721997, 11.111629 ] } },
{ "type": "Feature", "properties": { "name": "Edo College", "amenity": "college" }, "geometry": { "type": "Point", "coordinates": [ 5.646953, 6.332328 ] } },
{ "type": "Feature", "properties": { "name": "St. Luke's School", "amenity": "school" }, "geometry": { "type": "Point", "coordinates": [ 5.770961, 5.547315 ] } },
{ "type": "Feature", "properties": { "name": "Divine Victory School", "amenity": "school" }, "geometry": { "type": "Point", "coordinates": [ 5.756543, 5.532955 ] } },
{ "type": "Feature", "properties": { "name": "Staford House Nursery and Primary School", "amenity": "school" }, "geometry": { "type": "Point", "coordinates": [ 5.781928, 5.545029 ] } },
{ "type": "Feature", "properties": { "name": "Izisco Obos", "amenity": "school" }, "geometry": { "type": "Point", "coordinates": [ 5.758595, 5.536736 ] } },
{ "type": "Feature", "properties": { "name": "Excel Montissori School", "amenity": "school" }, "geometry": { "type": "Point", "coordinates": [ 5.775656, 5.550609 ] } },
{ "type": "Feature", "properties": { "name": "Iris School", "amenity": "school" }, "geometry": { "type": "Point", "coordinates": [ 5.749403, 5.536871 ] } },
{ "type": "Feature", "properties": { "name": "Best Foundation Nur and Pri School", "amenity": "school" }, "geometry": { "type": "Point", "coordinates": [ 5.758149, 5.537186 ] } },
{ "type": "Feature", "properties": { "name": "Uwhie Ladies Vanguard Primary School", "amenity": "school" }, "geometry": { "type": "Point", "coordinates": [ 5.765723, 5.554958 ] } },
{ "type": "Feature", "properties": { "name": "Souls Harvester Schools", "amenity": "school" }, "geometry": { "type": "Point", "coordinates": [ 5.758816, 5.539145 ] } },
{ "type": "Feature", "properties": { "name": "Royal Exams Preparatory Class", "amenity": "school" }, "geometry": { "type": "Point", "coordinates": [ 5.757151, 5.531511 ] } },
{ "type": "Feature", "properties": { "name": "Precious Seeds Academy", "amenity": "school" }, "geometry": { "type": "Point", "coordinates": [ 5.771892, 5.561513 ] } },
{ "type": "Feature", "properties": { "name": "Enhance Academy", "amenity": "school" }, "geometry": { "type": "Point", "coordinates": [ 5.770658, 5.560425 ] } },
{ "type": "Feature", "properties": { "name": "State School Okugbe Primary School", "amenity": "school" }, "geometry": { "type": "Point", "coordinates": [ 5.744535, 5.562137 ] } },
{ "type": "Feature", "properties": { "name": "Fantasy Junior School", "amenity": "school" }, "geometry": { "type": "Point", "coordinates": [ 5.764274, 5.559026 ] } },
{ "type": "Feature", "properties": { "name": "Prevailing Word Group of Schools", "amenity": "school" }, "geometry": { "type": "Point", "coordinates": [ 5.750891, 5.535104 ] } },
{ "type": "Feature", "properties": { "name": "Aunty Pat School", "amenity": "school" }, "geometry": { "type": "Point", "coordinates": [ 5.745145, 5.531283 ] } },
{ "type": "Feature", "properties": { "name": "Life Spring Model School", "amenity": "school" }, "geometry": { "type": "Point", "coordinates": [ 5.784418, 5.542097 ] } },
{ "type": "Feature", "properties": { "name": "Glorious Excellence School", "amenity": "school" }, "geometry": { "type": "Point", "coordinates": [ 5.7732, 5.55113 ] } },
{ "type": "Feature", "properties": { "name": "Edulyn College", "amenity": "college" }, "geometry": { "type": "Point", "coordinates": [ 5.755527, 5.564561 ] } },
{ "type": "Feature", "properties": { "name": "Mother of Redeemer Cat. Sec School", "amenity": "college" }, "geometry": { "type": "Point", "coordinates": [ 5.781392, 5.548785 ] } },
{ "type": "Feature", "properties": { "name": "Ekpan Secondary School", "amenity": "college" }, "geometry": { "type": "Point", "coordinates": [ 5.747058, 5.562772 ] } },
{ "type": "Feature", "properties": { "name": "Classical Int.  School", "amenity": "college" }, "geometry": { "type": "Point", "coordinates": [ 5.761259, 5.522093 ] } },
{ "type": "Feature", "properties": { "name": "Staford House Intl. College", "amenity": "college" }, "geometry": { "type": "Point", "coordinates": [ 5.781869, 5.545456 ] } },
{ "type": "Feature", "properties": { "name": "Ugboroke Primary School", "amenity": "school" }, "geometry": { "type": "Point", "coordinates": [ 5.745744, 5.544528 ] } },
{ "type": "Feature", "properties": { "name": "Ejiro Schools", "amenity": "school" }, "geometry": { "type": "Point", "coordinates": [ 5.760869, 5.536445 ] } },
{ "type": "Feature", "properties": { "name": "Christ the Redeemer's Primeseed Scho", "amenity": "school" }, "geometry": { "type": "Point", "coordinates": [ 5.764386, 5.542492 ] } },
{ "type": "Feature", "properties": { "name": "Pinnacle of Excellence School", "amenity": "school" }, "geometry": { "type": "Point", "coordinates": [ 5.76448, 5.559992 ] } },
{ "type": "Feature", "properties": { "name": "Spring Hill School", "amenity": "school" }, "geometry": { "type": "Point", "coordinates": [ 5.757898, 5.562516 ] } },
{ "type": "Feature", "properties": { "name": "Kefe Academy", "amenity": "school" }, "geometry": { "type": "Point", "coordinates": [ 5.754971, 5.531704 ] } },
{ "type": "Feature", "properties": { "name": "Christ d King School", "amenity": "school" }, "geometry": { "type": "Point", "coordinates": [ 5.774489, 5.55867 ] } },
{ "type": "Feature", "properties": { "name": "Glorious Kid Academy", "amenity": "school" }, "geometry": { "type": "Point", "coordinates": [ 5.777734, 5.55422 ] } },
{ "type": "Feature", "properties": { "name": "Nobel Stride Schools", "amenity": "school" }, "geometry": { "type": "Point", "coordinates": [ 5.773461, 5.562425 ] } },
{ "type": "Feature", "properties": { "name": "Rojoe Academy", "amenity": "school" }, "geometry": { "type": "Point", "coordinates": [ 5.772916, 5.567747 ] } },
{ "type": "Feature", "properties": { "name": "Maryland Group of Schools", "amenity": "school" }, "geometry": { "type": "Point", "coordinates": [ 5.763191, 5.568954 ] } },
{ "type": "Feature", "properties": { "name": "Alphameric Schools", "amenity": "school" }, "geometry": { "type": "Point", "coordinates": [ 5.752235, 5.530456 ] } },
{ "type": "Feature", "properties": { "name": "Ascension Intl. School", "amenity": "school" }, "geometry": { "type": "Point", "coordinates": [ 5.774995, 5.555481 ] } },
{ "type": "Feature", "properties": { "name": "Christ the Redeemer's Prime Seed High School", "amenity": "school" }, "geometry": { "type": "Point", "coordinates": [ 5.765585, 5.542098 ] } },
{ "type": "Feature", "properties": { "name": "Brianville Intl. School", "amenity": "school" }, "geometry": { "type": "Point", "coordinates": [ 5.772496, 5.539146 ] } },
{ "type": "Feature", "properties": { "name": "Our Lady High School", "amenity": "college" }, "geometry": { "type": "Point", "coordinates": [ 5.779198, 5.546725 ] } },
{ "type": "Feature", "properties": { "name": "PTI", "amenity": "college" }, "geometry": { "type": "Point", "coordinates": [ 5.795471, 5.569283 ] } },
{ "type": "Feature", "properties": { "name": "Izisco Obos Institute of Maritime Studies and Texh", "amenity": "college" }, "geometry": { "type": "Point", "coordinates": [ 5.757393, 5.538704 ] } },
{ "type": "Feature", "properties": { "name": "Roof Computer Academy", "amenity": "college" }, "geometry": { "type": "Point", "coordinates": [ 5.744877, 5.531383 ] } },
{ "type": "Feature", "properties": { "name": "Esedo Primary School  III", "amenity": "school" }, "geometry": { "type": "Point", "coordinates": [ 5.782316, 5.55207 ] } },
{ "type": "Feature", "properties": { "name": "Messiah African Church Group of Schools", "amenity": "school" }, "geometry": { "type": "Point", "coordinates": [ 5.745346, 5.530283 ] } },
{ "type": "Feature", "properties": { "name": "Alden Schools", "amenity": "school" }, "geometry": { "type": "Point", "coordinates": [ 5.77981, 5.54019 ] } },
{ "type": "Feature", "properties": { "name": "Royal Springfield Intl. School", "amenity": "school" }, "geometry": { "type": "Point", "coordinates": [ 5.759579, 5.539707 ] } },
{ "type": "Feature", "properties": { "name": "Mirror of Justice  School", "amenity": "school" }, "geometry": { "type": "Point", "coordinates": [ 5.762836, 5.557222 ] } },
{ "type": "Feature", "properties": { "name": "Holy Family Schools", "amenity": "school" }, "geometry": { "type": "Point", "coordinates": [ 5.750835, 5.541091 ] } },
{ "type": "Feature", "properties": { "name": "Picfleur Montessori and High School", "amenity": "school" }, "geometry": { "type": "Point", "coordinates": [ 5.777441, 5.567079 ] } },
{ "type": "Feature", "properties": { "name": "Ojojo Primary School, Warri", "amenity": "school" }, "geometry": { "type": "Point", "coordinates": [ 5.747775, 5.513839 ] } },
{ "type": "Feature", "properties": { "name": "Avenue Baptist School", "amenity": "school" }, "geometry": { "type": "Point", "coordinates": [ 5.750408, 5.529865 ] } },
{ "type": "Feature", "properties": { "name": "Light Life Group of Schools", "amenity": "school" }, "geometry": { "type": "Point", "coordinates": [ 5.781631, 5.54332 ] } },
{ "type": "Feature", "properties": { "name": "Brightfield Intl. Group of school", "amenity": "school" }, "geometry": { "type": "Point", "coordinates": [ 5.75642, 5.562904 ] } },
{ "type": "Feature", "properties": { "name": "St. Augustine Schools", "amenity": "school" }, "geometry": { "type": "Point", "coordinates": [ 5.757365, 5.531723 ] } },
{ "type": "Feature", "properties": { "name": "Edgeba Estate School", "amenity": "school" }, "geometry": { "type": "Point", "coordinates": [ 5.733645, 5.538113 ] } },
{ "type": "Feature", "properties": { "name": "Crestview School", "amenity": "school" }, "geometry": { "type": "Point", "coordinates": [ 5.744984, 5.570334 ] } },
{ "type": "Feature", "properties": { "name": "Twinkle Star School", "amenity": "school" }, "geometry": { "type": "Point", "coordinates": [ 5.763918, 5.533325 ] } },
{ "type": "Feature", "properties": { "name": "Maxim Schools", "amenity": "school" }, "geometry": { "type": "Point", "coordinates": [ 5.775274, 5.563093 ] } },
{ "type": "Feature", "properties": { "name": "Mount Horeb Schools", "amenity": "school" }, "geometry": { "type": "Point", "coordinates": [ 5.769764, 5.540995 ] } },
{ "type": "Feature", "properties": { "name": "Springwell School", "amenity": "school" }, "geometry": { "type": "Point", "coordinates": [ 5.757358, 5.535452 ] } },
{ "type": "Feature", "properties": { "name": "Chosenlight Academy", "amenity": "school" }, "geometry": { "type": "Point", "coordinates": [ 5.782685, 5.565437 ] } },
{ "type": "Feature", "properties": { "name": "Unity Life Nusary and Primary School", "amenity": "school" }, "geometry": { "type": "Point", "coordinates": [ 5.7539, 5.535571 ] } },
{ "type": "Feature", "properties": { "name": "Top Nursery and Primary School", "amenity": "school" }, "geometry": { "type": "Point", "coordinates": [ 5.760757, 5.536949 ] } },
{ "type": "Feature", "properties": { "name": "Love Pat Academy", "amenity": "school" }, "geometry": { "type": "Point", "coordinates": [ 5.781786, 5.554119 ] } },
{ "type": "Feature", "properties": { "name": "Riser Nursery and Primary School", "amenity": "school" }, "geometry": { "type": "Point", "coordinates": [ 5.783078, 5.566477 ] } },
{ "type": "Feature", "properties": { "name": "Zicla Intl. School", "amenity": "school" }, "geometry": { "type": "Point", "coordinates": [ 5.76509, 5.542577 ] } },
{ "type": "Feature", "properties": { "name": "Dynamic Schools", "amenity": "school" }, "geometry": { "type": "Point", "coordinates": [ 5.760691, 5.53719 ] } },
{ "type": "Feature", "properties": { "name": "Highhills", "amenity": "school" }, "geometry": { "type": "Point", "coordinates": [ 5.774637, 5.548279 ] } },
{ "type": "Feature", "properties": { "name": "Maryland Intl. School", "amenity": "school" }, "geometry": { "type": "Point", "coordinates": [ 5.777662, 5.566377 ] } },
{ "type": "Feature", "properties": { "name": "Magic Touch schools", "amenity": "school" }, "geometry": { "type": "Point", "coordinates": [ 5.756739, 5.53024 ] } },
{ "type": "Feature", "properties": { "name": "JOVERT SCHOOL", "amenity": "school" }, "geometry": { "type": "Point", "coordinates": [ 5.792392, 5.488974 ] } },
{ "type": "Feature", "properties": { "name": "Ericbrain Schools", "amenity": "school" }, "geometry": { "type": "Point", "coordinates": [ 5.761445, 5.533815 ] } },
{ "type": "Feature", "properties": { "name": "Peniel Mission School", "amenity": "school" }, "geometry": { "type": "Point", "coordinates": [ 5.764596, 5.53536 ] } },
{ "type": "Feature", "properties": { "name": "Cradlelight School", "amenity": "school" }, "geometry": { "type": "Point", "coordinates": [ 5.760306, 5.558268 ] } },
{ "type": "Feature", "properties": { "name": "Eunandy Learning Center", "amenity": "school" }, "geometry": { "type": "Point", "coordinates": [ 5.769594, 5.54111 ] } },
{ "type": "Feature", "properties": { "name": "Kidscomputer Academy", "amenity": "school" }, "geometry": { "type": "Point", "coordinates": [ 5.771235, 5.546548 ] } },
{ "type": "Feature", "properties": { "name": "St. Paul's Nursery and Primary School, Warri City", "amenity": "school" }, "geometry": { "type": "Point", "coordinates": [ 5.762872, 5.507914 ] } },
{ "type": "Feature", "properties": { "name": "Eagle West School", "amenity": "school" }, "geometry": { "type": "Point", "coordinates": [ 5.747697, 5.53001 ] } },
{ "type": "Feature", "properties": { "name": "Graceville Nus and primary School", "amenity": "school" }, "geometry": { "type": "Point", "coordinates": [ 5.777185, 5.554277 ] } },
{ "type": "Feature", "properties": { "name": "Madonna Model School", "amenity": "school" }, "geometry": { "type": "Point", "coordinates": [ 5.738285, 5.543321 ] } },
{ "type": "Feature", "properties": { "name": "Genesis International School", "amenity": "school" }, "geometry": { "type": "Point", "coordinates": [ 5.751616, 5.530642 ] } },
{ "type": "Feature", "properties": { "name": "Crystolite School", "amenity": "school" }, "geometry": { "type": "Point", "coordinates": [ 5.776047, 5.551185 ] } },
{ "type": "Feature", "properties": { "name": "Palace School", "amenity": "school" }, "geometry": { "type": "Point", "coordinates": [ 5.758402, 5.536448 ] } },
{ "type": "Feature", "properties": { "name": "Winners Schools", "amenity": "school" }, "geometry": { "type": "Point", "coordinates": [ 5.754495, 5.538468 ] } },
{ "type": "Feature", "properties": { "name": "Godstime Nursery and Primary School", "amenity": "school" }, "geometry": { "type": "Point", "coordinates": [ 5.753342, 5.536504 ] } },
{ "type": "Feature", "properties": { "name": "Perfect Kiddies", "amenity": "school" }, "geometry": { "type": "Point", "coordinates": [ 5.775988, 5.548141 ] } },
{ "type": "Feature", "properties": { "name": "St. Philomena School", "amenity": "school" }, "geometry": { "type": "Point", "coordinates": [ 5.777465, 5.551549 ] } },
{ "type": "Feature", "properties": { "name": "White-Dove Group of Schools", "amenity": "school" }, "geometry": { "type": "Point", "coordinates": [ 5.765242, 5.535206 ] } },
{ "type": "Feature", "properties": { "name": "Luther Academy", "amenity": "school" }, "geometry": { "type": "Point", "coordinates": [ 5.772251, 5.5648 ] } },
{ "type": "Feature", "properties": { "name": "God's Favour School", "amenity": "school" }, "geometry": { "type": "Point", "coordinates": [ 5.759142, 5.560254 ] } },
{ "type": "Feature", "properties": { "name": "Kamit Schools", "amenity": "school" }, "geometry": { "type": "Point", "coordinates": [ 5.77901, 5.566953 ] } },
{ "type": "Feature", "properties": { "name": "Nile Nus and Pri Montessori School", "amenity": "school" }, "geometry": { "type": "Point", "coordinates": [ 5.781905, 5.543725 ] } },
{ "type": "Feature", "properties": { "name": "Corona International School", "amenity": "school" }, "geometry": { "type": "Point", "coordinates": [ 5.766456, 5.564337 ] } },
{ "type": "Feature", "properties": { "name": "Brisco Schools", "amenity": "school" }, "geometry": { "type": "Point", "coordinates": [ 5.749418, 5.53772 ] } },
{ "type": "Feature", "properties": { "name": "Riser Playground", "amenity": "school" }, "geometry": { "type": "Point", "coordinates": [ 5.782872, 5.566333 ] } },
{ "type": "Feature", "properties": { "name": "Christ the King Schools", "amenity": "school" }, "geometry": { "type": "Point", "coordinates": [ 5.772899, 5.563181 ] } },
{ "type": "Feature", "properties": { "name": "Ochuks Academy", "amenity": "school" }, "geometry": { "type": "Point", "coordinates": [ 5.76213, 5.539362 ] } },
{ "type": "Feature", "properties": { "name": "Divine Grace Schools", "amenity": "school" }, "geometry": { "type": "Point", "coordinates": [ 5.772666, 5.539855 ] } },
{ "type": "Feature", "properties": { "name": "Rhema Champion School", "amenity": "school" }, "geometry": { "type": "Point", "coordinates": [ 5.774076, 5.554441 ] } },
{ "type": "Feature", "properties": { "name": "Reigners Academy", "amenity": "school" }, "geometry": { "type": "Point", "coordinates": [ 5.772329, 5.565581 ] } },
{ "type": "Feature", "properties": { "name": "State School Olodi Primary School", "amenity": "school" }, "geometry": { "type": "Point", "coordinates": [ 5.757272, 5.526333 ] } },
{ "type": "Feature", "properties": { "name": "Hillfield International Schools", "amenity": "school" }, "geometry": { "type": "Point", "coordinates": [ 5.754009, 5.530644 ] } },
{ "type": "Feature", "properties": { "name": "Standard High School", "amenity": "school" }, "geometry": { "type": "Point", "coordinates": [ 5.761743, 5.564809 ] } },
{ "type": "Feature", "properties": { "name": "Aunty Mercy Blessed School", "amenity": "school" }, "geometry": { "type": "Point", "coordinates": [ 5.758031, 5.528931 ] } },
{ "type": "Feature", "properties": { "name": "Maranatta Schools", "amenity": "school" }, "geometry": { "type": "Point", "coordinates": [ 5.77098, 5.544204 ] } },
{ "type": "Feature", "properties": { "name": "Fortress Intl. School", "amenity": "school" }, "geometry": { "type": "Point", "coordinates": [ 5.763561, 5.535741 ] } },
{ "type": "Feature", "properties": { "name": "Sure Success Group of Schools", "amenity": "school" }, "geometry": { "type": "Point", "coordinates": [ 5.755324, 5.53656 ] } },
{ "type": "Feature", "properties": { "name": "Glorious Kiddies School", "amenity": "school" }, "geometry": { "type": "Point", "coordinates": [ 5.781604, 5.565553 ] } },
{ "type": "Feature", "properties": { "name": "Seat of Wisdom Model School", "amenity": "school" }, "geometry": { "type": "Point", "coordinates": [ 5.751136, 5.562911 ] } },
{ "type": "Feature", "properties": { "name": "Perpetual Nursery and Primary School", "amenity": "school" }, "geometry": { "type": "Point", "coordinates": [ 5.776825, 5.559831 ] } },
{ "type": "Feature", "properties": { "name": "Rolu Group of Schools", "amenity": "school" }, "geometry": { "type": "Point", "coordinates": [ 5.751228, 5.533228 ] } },
{ "type": "Feature", "properties": { "name": "Bright Hope Schools", "amenity": "school" }, "geometry": { "type": "Point", "coordinates": [ 5.753449, 5.532494 ] } },
{ "type": "Feature", "properties": { "name": "Powell School", "amenity": "school" }, "geometry": { "type": "Point", "coordinates": [ 5.781282, 5.566437 ] } },
{ "type": "Feature", "properties": { "name": "New Creation Baptist Nur and Pri School", "amenity": "school" }, "geometry": { "type": "Point", "coordinates": [ 5.749251, 5.537183 ] } },
{ "type": "Feature", "properties": { "name": "Brainville Intl. School", "amenity": "school" }, "geometry": { "type": "Point", "coordinates": [ 5.77185, 5.539984 ] } },
{ "type": "Feature", "properties": { "name": "Children Foundation Nur and Pri School", "amenity": "school" }, "geometry": { "type": "Point", "coordinates": [ 5.770412, 5.540775 ] } },
{ "type": "Feature", "properties": { "name": "Edulyn  School", "amenity": "school" }, "geometry": { "type": "Point", "coordinates": [ 5.754772, 5.564473 ] } },
{ "type": "Feature", "properties": { "name": "Desan School", "amenity": "school" }, "geometry": { "type": "Point", "coordinates": [ 5.764135, 5.557732 ] } },
{ "type": "Feature", "properties": { "name": "Gloryland Academy", "amenity": "school" }, "geometry": { "type": "Point", "coordinates": [ 5.760131, 5.538192 ] } },
{ "type": "Feature", "properties": { "name": "Ighogbadu Primary School", "amenity": "school" }, "geometry": { "type": "Point", "coordinates": [ 5.758263, 5.532457 ] } },
{ "type": "Feature", "properties": { "name": "Grace Fountain School", "amenity": "school" }, "geometry": { "type": "Point", "coordinates": [ 5.772842, 5.561183 ] } },
{ "type": "Feature", "properties": { "name": "Flomatry Intl. Group of Schools", "amenity": "school" }, "geometry": { "type": "Point", "coordinates": [ 5.748061, 5.533747 ] } },
{ "type": "Feature", "properties": { "name": "Great Grace", "amenity": "school" }, "geometry": { "type": "Point", "coordinates": [ 5.737891, 5.543472 ] } },
{ "type": "Feature", "properties": { "name": "Holy Martyrs of Uganda Seminary", "amenity": "college" }, "geometry": { "type": "Point", "coordinates": [ 5.782063, 5.546704 ] } },
{ "type": "Feature", "properties": { "name": "Royal Heritage School", "amenity": "school" }, "geometry": { "type": "Point", "coordinates": [ 5.778643, 5.544014 ] } },
{ "type": "Feature", "properties": { "name": "Great Treasure Gold High School", "amenity": "school" }, "geometry": { "type": "Point", "coordinates": [ 5.763682, 5.558104 ] } },
{ "type": "Feature", "properties": { "name": "Compos Mentis Intl. School", "amenity": "school" }, "geometry": { "type": "Point", "coordinates": [ 5.749232, 5.538118 ] } },
{ "type": "Feature", "properties": { "name": "Montessori International School", "amenity": "school" }, "geometry": { "type": "Point", "coordinates": [ 5.748819, 5.539578 ] } },
{ "type": "Feature", "properties": { "name": "Ilupeju Community Primary School Ii, Iyana Iyesi", "amenity": "school" }, "geometry": { "type": "Point", "coordinates": [ 3.1846, 6.6803 ] } },
{ "type": "Feature", "properties": { "name": "Local Government Primary School Ii, Otun Ota", "amenity": "school" }, "geometry": { "type": "Point", "coordinates": [ 3.2296, 6.6821 ] } },
{ "type": "Feature", "properties": { "name": "Salvation Army Primary School III, Edu Agbara", "amenity": "school" }, "geometry": { "type": "Point", "coordinates": [ 3.10131, 6.504479 ] } },
{ "type": "Feature", "properties": { "name": "Ebenezer African Church, Aganna Olorunnda", "amenity": "school" }, "geometry": { "type": "Point", "coordinates": [ 3.123932, 6.731053 ] } },
{ "type": "Feature", "properties": { "name": "Community Primary School, Apebi", "amenity": "school" }, "geometry": { "type": "Point", "coordinates": [ 3.926865, 6.812705 ] } },
{ "type": "Feature", "properties": { "name": "St. Michael Primary School, Apebi", "amenity": "school" }, "geometry": { "type": "Point", "coordinates": [ 3.926366, 6.812982 ] } },
{ "type": "Feature", "properties": { "name": "St. Mary's Roman Catholic Mission School I, Ifo", "amenity": "school" }, "geometry": { "type": "Point", "coordinates": [ 3.196775, 6.812429 ] } },
{ "type": "Feature", "properties": { "name": "Local Government Primary School, Igbe-Igbesa", "amenity": "school" }, "geometry": { "type": "Point", "coordinates": [ 3.1401, 6.5233 ] } },
{ "type": "Feature", "properties": { "name": "Roman Catholic Mission Primary School, Itire", "amenity": "school" }, "geometry": { "type": "Point", "coordinates": [ 2.9267, 6.5273 ] } },
{ "type": "Feature", "properties": { "name": "Local Government Primary School, Ijegemo", "amenity": "school" }, "geometry": { "type": "Point", "coordinates": [ 3.0237, 6.5341 ] } },
{ "type": "Feature", "properties": { "name": "African Church Primary School, Bandu", "amenity": "school" }, "geometry": { "type": "Point", "coordinates": [ 2.9483, 6.5476 ] } },
{ "type": "Feature", "properties": { "name": "Ansar Ud Deen Primary School,Ewutagbe", "amenity": "school" }, "geometry": { "type": "Point", "coordinates": [ 3.1502, 6.5734 ] } },
{ "type": "Feature", "properties": { "name": "Nawair Ud Deen Primary School , Ikogbo", "amenity": "school" }, "geometry": { "type": "Point", "coordinates": [ 3.0866, 6.5789 ] } },
{ "type": "Feature", "properties": { "name": "Local Government Primary School, Ajerogun", "amenity": "school" }, "geometry": { "type": "Point", "coordinates": [ 3.0479, 6.5811 ] } },
{ "type": "Feature", "properties": { "name": "St. Mary'S Roman Catholic Mission School I, Ifo", "amenity": "school" }, "geometry": { "type": "Point", "coordinates": [ 3.196603, 6.81261 ] } },
{ "type": "Feature", "properties": { "name": "Community Primary School, Warewa", "amenity": "school" }, "geometry": { "type": "Point", "coordinates": [ 3.2976, 6.7165 ] } },
{ "type": "Feature", "properties": { "name": "Community Primary School New-Lemode", "amenity": "school" }, "geometry": { "type": "Point", "coordinates": [ 3.2881, 6.7221 ] } },
{ "type": "Feature", "properties": { "name": "St. Paul'S African Church Primary School I, Ilogbo Ota", "amenity": "school" }, "geometry": { "type": "Point", "coordinates": [ 3.1629, 6.7236 ] } },
{ "type": "Feature", "properties": { "name": "Local Government Primary School, Orudu Oluwo", "amenity": "school" }, "geometry": { "type": "Point", "coordinates": [ 3.3289, 6.7284 ] } },
{ "type": "Feature", "properties": { "name": "Nawair Ud Deen Primary School Ii, Atan Ota", "amenity": "school" }, "geometry": { "type": "Point", "coordinates": [ 3.0928, 6.6624 ] } },
{ "type": "Feature", "properties": { "name": "Community Primary School, Ojo-Ogundele", "amenity": "school" }, "geometry": { "type": "Point", "coordinates": [ 3.36, 6.6633 ] } },
{ "type": "Feature", "properties": { "name": "Methodist Primary School, Oke Ore", "amenity": "school" }, "geometry": { "type": "Point", "coordinates": [ 3.0364, 6.6778 ] } },
{ "type": "Feature", "properties": { "name": "Zumuratul Islamiyyah Primary School, Iii Ishasi", "amenity": "school" }, "geometry": { "type": "Point", "coordinates": [ 3.3744, 6.6692 ] } },
{ "type": "Feature", "properties": { "name": "Africa Church Primary School, Meesan Ota", "amenity": "school" }, "geometry": { "type": "Point", "coordinates": [ 3.1576, 6.6705 ] } },
{ "type": "Feature", "properties": { "name": "United African Church Primary School I, Kooko Atan", "amenity": "school" }, "geometry": { "type": "Point", "coordinates": [ 3.0904, 6.6708 ] } },
{ "type": "Feature", "properties": { "name": "Community Primary School, Wasimi Ajibawo", "amenity": "school" }, "geometry": { "type": "Point", "coordinates": [ 3.0581, 6.6714 ] } },
{ "type": "Feature", "properties": { "name": "St. Peters Primary School Amode-Ota", "amenity": "school" }, "geometry": { "type": "Point", "coordinates": [ 3.0445, 6.6717 ] } },
{ "type": "Feature", "properties": { "name": "Ilupeju Community Primary School I, Iyana Iyesi", "amenity": "school" }, "geometry": { "type": "Point", "coordinates": [ 3.1762, 6.6725 ] } },
{ "type": "Feature", "properties": { "name": "African Church Sch Onse-Olose", "amenity": "school" }, "geometry": { "type": "Point", "coordinates": [ 3.0575, 6.6742 ] } },
{ "type": "Feature", "properties": { "name": "Local Government Primary School, Oyero", "amenity": "school" }, "geometry": { "type": "Point", "coordinates": [ 3.1264, 6.6754 ] } },
{ "type": "Feature", "properties": { "name": "Local Government Primary School, Joga Owode", "amenity": "school" }, "geometry": { "type": "Point", "coordinates": [ 3.1293, 6.6682 ] } },
{ "type": "Feature", "properties": { "name": "First African Church Mission School Ii Adenrele Ifo", "amenity": "school" }, "geometry": { "type": "Point", "coordinates": [ 3.1932, 6.8083 ] } },
{ "type": "Feature", "properties": { "name": "Community Primary School, Kajola Orile", "amenity": "school" }, "geometry": { "type": "Point", "coordinates": [ 3.2063, 6.8174 ] } },
{ "type": "Feature", "properties": { "name": "Joke Taiwo Primary School, Apebi", "amenity": "school" }, "geometry": { "type": "Point", "coordinates": [ 3.9303, 6.8183 ] } },
{ "type": "Feature", "properties": { "name": "Local Government Primary School, Ifote", "amenity": "school" }, "geometry": { "type": "Point", "coordinates": [ 3.2712, 6.819 ] } },
{ "type": "Feature", "properties": { "name": "St. Augustine Catholic Primary School I", "amenity": "school" }, "geometry": { "type": "Point", "coordinates": [ 3.9258, 6.8217 ] } },
{ "type": "Feature", "properties": { "name": "Oba Adeniyi Sonariwo School Sabo", "amenity": "school" }, "geometry": { "type": "Point", "coordinates": [ 3.6335, 6.83 ] } },
{ "type": "Feature", "properties": { "name": "Local Government Primary School Ii, Sabo", "amenity": "school" }, "geometry": { "type": "Point", "coordinates": [ 3.6479, 6.8301 ] } },
{ "type": "Feature", "properties": { "name": "Community Primary School, Orile Igboko", "amenity": "school" }, "geometry": { "type": "Point", "coordinates": [ 3.0747, 6.5861 ] } },
{ "type": "Feature", "properties": { "name": "Ansar-Ud-Deen Primary School Ii, Onirugba", "amenity": "school" }, "geometry": { "type": "Point", "coordinates": [ 3.9319, 6.8322 ] } },
{ "type": "Feature", "properties": { "name": "African Church Primary School Ii, Apelogun", "amenity": "school" }, "geometry": { "type": "Point", "coordinates": [ 3.6574, 6.8342 ] } },
{ "type": "Feature", "properties": { "name": "Ansar U Deen Primary School, Odelemo", "amenity": "school" }, "geometry": { "type": "Point", "coordinates": [ 3.722, 6.8344 ] } },
{ "type": "Feature", "properties": { "name": "Wesley Primary School, Gbara", "amenity": "school" }, "geometry": { "type": "Point", "coordinates": [ 3.6418, 6.842 ] } },
{ "type": "Feature", "properties": { "name": "United African Methodist School Eleja Dodo", "amenity": "school" }, "geometry": { "type": "Point", "coordinates": [ 3.0525, 6.6409 ] } },
{ "type": "Feature", "properties": { "name": "Baptist Day Primary School,Olorunleke", "amenity": "school" }, "geometry": { "type": "Point", "coordinates": [ 3.0491, 6.641 ] } },
{ "type": "Feature", "properties": { "name": "St. Peter'S Roman Catholic Mission Primary School Sch I Ota", "amenity": "school" }, "geometry": { "type": "Point", "coordinates": [ 3.2361, 6.691 ] } },
{ "type": "Feature", "properties": { "name": "Local Government Primary School, Ado-Odo", "amenity": "school" }, "geometry": { "type": "Point", "coordinates": [ 2.9314, 6.5884 ] } },
{ "type": "Feature", "properties": { "name": "Salvation Army Primary School,Idoye", "amenity": "school" }, "geometry": { "type": "Point", "coordinates": [ 3.0686, 6.591 ] } },
{ "type": "Feature", "properties": { "name": "United African Primary School, Ajegunle Ota", "amenity": "school" }, "geometry": { "type": "Point", "coordinates": [ 3.0612, 6.6505 ] } },
{ "type": "Feature", "properties": { "name": "St. Stephen'S Roman Catholic Mission Primary School Ajogbo Asokere", "amenity": "school" }, "geometry": { "type": "Point", "coordinates": [ 3.0237, 6.5834 ] } },
{ "type": "Feature", "properties": { "name": "Methodist Primary School, Odugbe", "amenity": "school" }, "geometry": { "type": "Point", "coordinates": [ 3.0873, 6.6175 ] } },
{ "type": "Feature", "properties": { "name": "St. Mark'S Anglican Primary School, Iwelepe", "amenity": "school" }, "geometry": { "type": "Point", "coordinates": [ 3.5735, 6.8761 ] } },
{ "type": "Feature", "properties": { "name": "Ansar-Udeen Primary School, Makun, Sagamu", "amenity": "school" }, "geometry": { "type": "Point", "coordinates": [ 3.634, 6.8507 ] } },
{ "type": "Feature", "properties": { "name": "School For Children With Special Needs", "amenity": "school" }, "geometry": { "type": "Point", "coordinates": [ 3.6296, 6.8497 ] } },
{ "type": "Feature", "properties": { "name": "St. Francis (Rcm) Primary School, Igbosoro", "amenity": "school" }, "geometry": { "type": "Point", "coordinates": [ 3.54724, 6.69807 ] } },
{ "type": "Feature", "properties": { "name": "Wesley Primary School, Erufu-Ogijo", "amenity": "school" }, "geometry": { "type": "Point", "coordinates": [ 3.4952, 6.7484 ] } },
{ "type": "Feature", "properties": { "name": "Community Primary School, Olambe", "amenity": "school" }, "geometry": { "type": "Point", "coordinates": [ 3.307, 6.7116 ] } },
{ "type": "Feature", "properties": { "name": "United African Primary School, Ajibode Konifewo", "amenity": "school" }, "geometry": { "type": "Point", "coordinates": [ 3.1953, 6.7257 ] } },
{ "type": "Feature", "properties": { "name": "Moslem Primary School Ii, Etitale", "amenity": "school" }, "geometry": { "type": "Point", "coordinates": [ 3.9208, 6.819 ] } },
{ "type": "Feature", "properties": { "name": "Local Government Primary School, Elero Igbesa", "amenity": "school" }, "geometry": { "type": "Point", "coordinates": [ 3.132572, 6.534079 ] } },
{ "type": "Feature", "properties": { "name": "Ebenezer African Church Primary School I, Ewupe Ota", "amenity": "school" }, "geometry": { "type": "Point", "coordinates": [ 3.20258, 6.71622 ] } },
{ "type": "Feature", "properties": { "name": "Atoyo Ogbugba Com. Primary School, Atoyo", "amenity": "school" }, "geometry": { "type": "Point", "coordinates": [ 3.65248, 6.84802 ] } },
{ "type": "Feature", "properties": { "name": "Local Government Primary School, Ajeregun", "amenity": "school" }, "geometry": { "type": "Point", "coordinates": [ 3.4872, 6.7348 ] } },
{ "type": "Feature", "properties": { "name": "Local Government Primary School Ii, Ijagba", "amenity": "school" }, "geometry": { "type": "Point", "coordinates": [ 3.63841, 6.84302 ] } },
{ "type": "Feature", "properties": { "name": "Local Government Primary School, Eriyo Gbaga", "amenity": "school" }, "geometry": { "type": "Point", "coordinates": [ 3.53417, 6.73583 ] } },
{ "type": "Feature", "properties": { "name": "Local Government Primary School, Obeere Atan", "amenity": "school" }, "geometry": { "type": "Point", "coordinates": [ 3.17539, 6.69584 ] } },
{ "type": "Feature", "properties": { "name": "Local Government School, Gaun", "amenity": "school" }, "geometry": { "type": "Point", "coordinates": [ 3.38315, 6.70332 ] } },
{ "type": "Feature", "properties": { "name": "Otunba Gbenga Daniel Model Primary School, Ewu-Oliwo", "amenity": "school" }, "geometry": { "type": "Point", "coordinates": [ 3.6344, 6.85033 ] } },
{ "type": "Feature", "properties": { "name": "United African Methodist Church Primary School, Okanran", "amenity": "school" }, "geometry": { "type": "Point", "coordinates": [ 2.9979, 6.5288 ] } },
{ "type": "Feature", "properties": { "name": "Community Primary School, Olaogun", "amenity": "school" }, "geometry": { "type": "Point", "coordinates": [ 3.2978, 6.7164 ] } },
{ "type": "Feature", "properties": { "name": "St. Francis Primary School. Fakale", "amenity": "school" }, "geometry": { "type": "Point", "coordinates": [ 3.52776, 6.75747 ] } },
{ "type": "Feature", "properties": { "name": "Local Government Primary School, Iloti", "amenity": "school" }, "geometry": { "type": "Point", "coordinates": [ 3.9322, 6.8164 ] } },
{ "type": "Feature", "properties": { "name": "St David'S Anglican Primary School Ibogun Sowunmi", "amenity": "school" }, "geometry": { "type": "Point", "coordinates": [ 3.0958, 6.8164 ] } },
{ "type": "Feature", "properties": { "name": "Christ Church Primary School, Sabo", "amenity": "school" }, "geometry": { "type": "Point", "coordinates": [ 3.901, 6.8167 ] } },
{ "type": "Feature", "properties": { "name": "Anglican Central N/P School Ii, Okenla Ifo", "amenity": "school" }, "geometry": { "type": "Point", "coordinates": [ 3.1856, 6.8168 ] } },
{ "type": "Feature", "properties": { "name": "Wesley Primary School I, Oko", "amenity": "school" }, "geometry": { "type": "Point", "coordinates": [ 3.6503, 6.8505 ] } },
{ "type": "Feature", "properties": { "name": "Baptist Day School, Ibogun Olaogun", "amenity": "school" }, "geometry": { "type": "Point", "coordinates": [ 3.123, 6.8345 ] } },
{ "type": "Feature", "properties": { "name": "Concil Obiagu Primary School", "amenity": "school" }, "geometry": { "type": "Point", "coordinates": [ 7.497057, 6.43336 ] } },
{ "type": "Feature", "properties": { "name": "Glory Land Academy", "amenity": "school" }, "geometry": { "type": "Point", "coordinates": [ 8.941269, 9.901347 ] } },
{ "type": "Feature", "properties": { "name": "Crane Schools", "amenity": "school" }, "geometry": { "type": "Point", "coordinates": [ 3.628348, 6.470432 ] } },
{ "type": "Feature", "properties": { "name": "Community Primary School, Tigbo", "amenity": "school" }, "geometry": { "type": "Point", "coordinates": [ 3.18616, 6.73677 ] } },
{ "type": "Feature", "properties": { "name": "Police Training School Oyo State Command Eleyele", "amenity": null }, "geometry": { "type": "Point", "coordinates": [ 3.861068, 7.408848 ] } },
{ "type": "Feature", "properties": { "name": "DEPARTMENT OF ENGLISH AND HISTORY", "amenity": "college" }, "geometry": { "type": "Point", "coordinates": [ 11.171586, 10.305262 ] } },
{ "type": "Feature", "properties": { "name": "Methodist Central Primary School I, Ado Odo", "amenity": "school" }, "geometry": { "type": "Point", "coordinates": [ 2.9422, 6.5916 ] } },
{ "type": "Feature", "properties": { "name": "Methodist Primary School, Agboku-Igbekan", "amenity": "school" }, "geometry": { "type": "Point", "coordinates": [ 2.9286, 6.5592 ] } },
{ "type": "Feature", "properties": { "name": "Salvation Army Primary School I, Agbara", "amenity": "school" }, "geometry": { "type": "Point", "coordinates": [ 3.101992, 6.504784 ] } },
{ "type": "Feature", "properties": { "name": "Local Government Primary School, Totowu", "amenity": "school" }, "geometry": { "type": "Point", "coordinates": [ 3.198612, 6.517477 ] } },
{ "type": "Feature", "properties": { "name": "Crane College", "amenity": "school" }, "geometry": { "type": "Point", "coordinates": [ 3.62856, 6.471747 ] } },
{ "type": "Feature", "properties": { "name": "Anglican Central N/P School I, Okenla Ifo", "amenity": "school" }, "geometry": { "type": "Point", "coordinates": [ 3.1932, 6.8135 ] } },
{ "type": "Feature", "properties": { "name": "United Anglican Primary School, Ibogun Egbeda", "amenity": "school" }, "geometry": { "type": "Point", "coordinates": [ 3.1075, 6.8137 ] } },
{ "type": "Feature", "properties": { "name": "Otubu Memorial Primary School, Apebi", "amenity": "school" }, "geometry": { "type": "Point", "coordinates": [ 3.9227, 6.8141 ] } },
{ "type": "Feature", "properties": { "name": "School For Children With Special Needs, Epe Garage", "amenity": "school" }, "geometry": { "type": "Point", "coordinates": [ 3.93, 6.8145 ] } },
{ "type": "Feature", "properties": { "name": "Salvation Army School, Coker", "amenity": "school" }, "geometry": { "type": "Point", "coordinates": [ 3.1958, 6.8162 ] } },
{ "type": "Feature", "properties": { "name": "St. Peter School Ii, Oke-Aro", "amenity": "school" }, "geometry": { "type": "Point", "coordinates": [ 3.3214, 6.6829 ] } },
{ "type": "Feature", "properties": { "name": "St. Paul'S Anglican Primary School, Oluke", "amenity": "school" }, "geometry": { "type": "Point", "coordinates": [ 3.3044, 6.6829 ] } },
{ "type": "Feature", "properties": { "name": "St. James Anglican Primary School Ii, Ado Odo", "amenity": "school" }, "geometry": { "type": "Point", "coordinates": [ 3.2373, 6.6833 ] } },
{ "type": "Feature", "properties": { "name": "St. James Anglican Primary School I Iado Odo", "amenity": "school" }, "geometry": { "type": "Point", "coordinates": [ 3.2353, 6.6836 ] } },
{ "type": "Feature", "properties": { "name": "St. Paul'S African Church Primary School, Agbado", "amenity": "school" }, "geometry": { "type": "Point", "coordinates": [ 3.298, 6.6839 ] } },
{ "type": "Feature", "properties": { "name": "All Saints Primary School, Araromi Ota", "amenity": "school" }, "geometry": { "type": "Point", "coordinates": [ 3.0757, 6.7121 ] } },
{ "type": "Feature", "properties": { "name": "Ebenezer African Church Primary School Ii, Ewupe Ota", "amenity": "school" }, "geometry": { "type": "Point", "coordinates": [ 3.1966, 6.7124 ] } },
{ "type": "Feature", "properties": { "name": "St.John'S African Church Primary School, Itoki", "amenity": "school" }, "geometry": { "type": "Point", "coordinates": [ 3.2877, 6.7126 ] } },
{ "type": "Feature", "properties": { "name": "St. Patrick'S Catholic Primary School, Isiwo", "amenity": "school" }, "geometry": { "type": "Point", "coordinates": [ 3.9621, 6.7136 ] } },
{ "type": "Feature", "properties": { "name": "St. Augustine Catholic Primary School Ii", "amenity": "school" }, "geometry": { "type": "Point", "coordinates": [ 3.9268, 6.8208 ] } },
{ "type": "Feature", "properties": { "name": "Ansar-Ud-Deen Primary School I, Otta", "amenity": "school" }, "geometry": { "type": "Point", "coordinates": [ 3.9255, 6.8251 ] } },
{ "type": "Feature", "properties": { "name": "Christ Apostolic Church Primary School, Degun", "amenity": "school" }, "geometry": { "type": "Point", "coordinates": [ 3.9191, 6.8301 ] } },
{ "type": "Feature", "properties": { "name": "Local Government Primary School, Akasun", "amenity": "school" }, "geometry": { "type": "Point", "coordinates": [ 2.9605, 6.5607 ] } },
{ "type": "Feature", "properties": { "name": "Local Government School Ii, Abekoko", "amenity": "school" }, "geometry": { "type": "Point", "coordinates": [ 3.1848, 6.8182 ] } },
{ "type": "Feature", "properties": { "name": "Local Government School, Abekoko", "amenity": "school" }, "geometry": { "type": "Point", "coordinates": [ 3.187, 6.8179 ] } },
{ "type": "Feature", "properties": { "name": "Local Government Primary School, Orogan-Adewolu", "amenity": "school" }, "geometry": { "type": "Point", "coordinates": [ 3.1472, 6.7672 ] } },
{ "type": "Feature", "properties": { "name": "St. Peter'S Anglican Primary School, Tomoba", "amenity": "school" }, "geometry": { "type": "Point", "coordinates": [ 3.8483, 6.7325 ] } },
{ "type": "Feature", "properties": { "name": "Nawair Ud Deen Primary School, Ijoko", "amenity": "school" }, "geometry": { "type": "Point", "coordinates": [ 3.2603, 6.7368 ] } },
{ "type": "Feature", "properties": { "name": "Nawair Ud Deen Primary School, Ijoko-Ota", "amenity": "school" }, "geometry": { "type": "Point", "coordinates": [ 3.2607, 6.7402 ] } },
{ "type": "Feature", "properties": { "name": "Community Primary School, David Camp", "amenity": "school" }, "geometry": { "type": "Point", "coordinates": [ 3.278, 6.7426 ] } },
{ "type": "Feature", "properties": { "name": "St. John'S Anglican Primary School, Ode-Lemo", "amenity": "school" }, "geometry": { "type": "Point", "coordinates": [ 3.6632, 6.7459 ] } },
{ "type": "Feature", "properties": { "name": "Nawair Ud Deen Primary School, Odulagun", "amenity": "school" }, "geometry": { "type": "Point", "coordinates": [ 3.3078, 6.7491 ] } },
{ "type": "Feature", "properties": { "name": "Communty Primary School, Ago-Ajeri", "amenity": "school" }, "geometry": { "type": "Point", "coordinates": [ 3.273, 6.7507 ] } },
{ "type": "Feature", "properties": { "name": "Community Primaryschool, Orile-Ifo", "amenity": "school" }, "geometry": { "type": "Point", "coordinates": [ 3.1857, 6.8266 ] } },
{ "type": "Feature", "properties": { "name": "St. Paul Primary School I, Ijoku", "amenity": "school" }, "geometry": { "type": "Point", "coordinates": [ 3.6465, 6.8418 ] } },
{ "type": "Feature", "properties": { "name": "evangelical african church school, abule-oke ifo", "amenity": "school" }, "geometry": { "type": "Point", "coordinates": [ 3.2114, 6.752 ] } },
{ "type": "Feature", "properties": { "name": "nawair ud deen primary school, ijoko", "amenity": "school" }, "geometry": { "type": "Point", "coordinates": [ 3.260335, 6.736883 ] } },
{ "type": "Feature", "properties": { "name": "Moslem Primary School I, Isoku", "amenity": "school" }, "geometry": { "type": "Point", "coordinates": [ 3.9221, 6.8104 ] } },
{ "type": "Feature", "properties": { "name": "Omoluwabi Model Primary School, Imepe", "amenity": "school" }, "geometry": { "type": "Point", "coordinates": [ 3.913, 6.8107 ] } },
{ "type": "Feature", "properties": { "name": "First African Church Mission School Iii, Aderenle", "amenity": "school" }, "geometry": { "type": "Point", "coordinates": [ 3.1922, 6.811 ] } },
{ "type": "Feature", "properties": { "name": "Local Government Primary School, Kajola - Iboro", "amenity": "school" }, "geometry": { "type": "Point", "coordinates": [ 3.0582, 6.6947 ] } },
{ "type": "Feature", "properties": { "name": "Emmanuel African Church School Ifo", "amenity": "school" }, "geometry": { "type": "Point", "coordinates": [ 3.1814, 6.8112 ] } },
{ "type": "Feature", "properties": { "name": "Community Primary School, Olaparun", "amenity": "school" }, "geometry": { "type": "Point", "coordinates": [ 3.1577, 6.8114 ] } },
{ "type": "Feature", "properties": { "name": "Emmanuel Anglican Church School, Ibogun Odejimi", "amenity": "school" }, "geometry": { "type": "Point", "coordinates": [ 3.1144, 6.8122 ] } },
{ "type": "Feature", "properties": { "name": "st. augustine catholic primary school ii", "amenity": "school" }, "geometry": { "type": "Point", "coordinates": [ 3.926998, 6.820747 ] } },
{ "type": "Feature", "properties": { "name": "united anglican primary school, ibogun egbeda", "amenity": "school" }, "geometry": { "type": "Point", "coordinates": [ 3.1075, 6.8138 ] } },
{ "type": "Feature", "properties": { "name": "baptist day school, pakoto ifo", "amenity": "school" }, "geometry": { "type": "Point", "coordinates": [ 3.200609, 6.802571 ] } },
{ "type": "Feature", "properties": { "name": "community primary school, bungalow", "amenity": "school" }, "geometry": { "type": "Point", "coordinates": [ 3.202778, 6.806939 ] } },
{ "type": "Feature", "properties": { "name": "st. paul's anglican primary school iii, makun", "amenity": "school" }, "geometry": { "type": "Point", "coordinates": [ 3.6416, 6.8513 ] } },
{ "type": "Feature", "properties": { "name": "Nawair-Ur-Deen Primary School, I Agbado", "amenity": "school" }, "geometry": { "type": "Point", "coordinates": [ 3.2997, 6.6846 ] } },
{ "type": "Feature", "properties": { "name": "emmanuel anglican. primary school i, italupe", "amenity": "school" }, "geometry": { "type": "Point", "coordinates": [ 3.9193, 6.8101 ] } },
{ "type": "Feature", "properties": { "name": "emmanuel anglican. primary school i, italupe", "amenity": "school" }, "geometry": { "type": "Point", "coordinates": [ 3.919314, 6.809723 ] } },
{ "type": "Feature", "properties": { "name": "Orbit Montessori School", "amenity": "school" }, "geometry": { "type": "Point", "coordinates": [ 7.066279, 4.862746 ] } },
{ "type": "Feature", "properties": { "name": "Zion African Church Primary School, Otun", "amenity": "school" }, "geometry": { "type": "Point", "coordinates": [ 3.3674, 6.692 ] } },
{ "type": "Feature", "properties": { "name": "Community Primary School, Akeredolu", "amenity": "school" }, "geometry": { "type": "Point", "coordinates": [ 3.3554, 6.7022 ] } },
{ "type": "Feature", "properties": { "name": "St. Paul'S African Church School I, Agbado", "amenity": "school" }, "geometry": { "type": "Point", "coordinates": [ 3.2904, 6.6855 ] } },
{ "type": "Feature", "properties": { "name": "st. michael primary school, apebi", "amenity": "school" }, "geometry": { "type": "Point", "coordinates": [ 3.926568, 6.812779 ] } },
{ "type": "Feature", "properties": { "name": "Federal University of Technology Minna, Bosso Campus", "amenity": "university" }, "geometry": { "type": "Point", "coordinates": [ 6.528752, 9.656069 ] } },
{ "type": "Feature", "properties": { "name": "VICTORY PRIVATE PRIMARY SCHOOL", "amenity": "school" }, "geometry": { "type": "Point", "coordinates": [ 8.865149, 9.963057 ] } },
{ "type": "Feature", "properties": { "name": "Special Education Center", "amenity": "school" }, "geometry": { "type": "Point", "coordinates": [ 9.800343, 10.280149 ] } },
{ "type": "Feature", "properties": { "name": "Oranmiyan Grammar School", "amenity": "school" }, "geometry": { "type": "Point", "coordinates": [ 4.553075, 7.494076 ] } },
{ "type": "Feature", "properties": { "name": "Shanaham", "amenity": "university" }, "geometry": { "type": "Point", "coordinates": [ 6.778616, 6.161852 ] } },
{ "type": "Feature", "properties": { "name": "Zumuratul Islamiyyah Primary School, Ii Akute", "amenity": "school" }, "geometry": { "type": "Point", "coordinates": [ 3.369, 6.6841 ] } },
{ "type": "Feature", "properties": { "name": "Nawair-Ur-Deen Primary School, Ii Agbado", "amenity": "school" }, "geometry": { "type": "Point", "coordinates": [ 3.2999, 6.6844 ] } },
{ "type": "Feature", "properties": { "name": "Local Government Primary School, Ilewo Alaga", "amenity": "school" }, "geometry": { "type": "Point", "coordinates": [ 3.0852, 6.6848 ] } },
{ "type": "Feature", "properties": { "name": "Ansarudeen Primary School, Imushin-Ogijo", "amenity": "school" }, "geometry": { "type": "Point", "coordinates": [ 3.5036, 6.6859 ] } },
{ "type": "Feature", "properties": { "name": "St. Paul'S (Rcm) Primary School Igode", "amenity": "school" }, "geometry": { "type": "Point", "coordinates": [ 3.5799, 6.6861 ] } },
{ "type": "Feature", "properties": { "name": "St. Paul'S (Rcm) Primary School Igode", "amenity": "school" }, "geometry": { "type": "Point", "coordinates": [ 3.58, 6.6863 ] } },
{ "type": "Feature", "properties": { "name": "Community Primary School, Ilupeju", "amenity": "school" }, "geometry": { "type": "Point", "coordinates": [ 3.3317, 6.6876 ] } },
{ "type": "Feature", "properties": { "name": "Africa Church Primary School, Oluwanisola Ota", "amenity": "school" }, "geometry": { "type": "Point", "coordinates": [ 3.0224, 6.6886 ] } },
{ "type": "Feature", "properties": { "name": "local government school i, isheri-olofin", "amenity": "school" }, "geometry": { "type": "Point", "coordinates": [ 3.3857, 6.6371 ] } },
{ "type": "Feature", "properties": { "name": "Zion Methodist Primary School Ii, Ota", "amenity": "school" }, "geometry": { "type": "Point", "coordinates": [ 3.2294, 6.6891 ] } },
{ "type": "Feature", "properties": { "name": "Community Primary School, Aboro", "amenity": "school" }, "geometry": { "type": "Point", "coordinates": [ 3.294, 6.6899 ] } },
{ "type": "Feature", "properties": { "name": "St. Peter'S Roman Catholic Mission Primary School Sch Ii Ota", "amenity": "school" }, "geometry": { "type": "Point", "coordinates": [ 3.2384, 6.6901 ] } },
{ "type": "Feature", "properties": { "name": "Ansar Ud Deen Primary School, Ado Odo", "amenity": "school" }, "geometry": { "type": "Point", "coordinates": [ 2.9448, 6.5915 ] } },
{ "type": "Feature", "properties": { "name": "Roman Catholic Mission Primary School, Agbari", "amenity": "school" }, "geometry": { "type": "Point", "coordinates": [ 2.935, 6.5944 ] } },
{ "type": "Feature", "properties": { "name": "Community Primary School, Ijigbo", "amenity": "school" }, "geometry": { "type": "Point", "coordinates": [ 2.9543, 6.5959 ] } },
{ "type": "Feature", "properties": { "name": "Local Government. School Ketu Adie Owe", "amenity": "school" }, "geometry": { "type": "Point", "coordinates": [ 3.0672, 6.6042 ] } },
{ "type": "Feature", "properties": { "name": "Methodist Primary School, Idobarun", "amenity": "school" }, "geometry": { "type": "Point", "coordinates": [ 2.9937, 6.6093 ] } },
{ "type": "Feature", "properties": { "name": "Zion Methodist Primary School I, Ota", "amenity": "school" }, "geometry": { "type": "Point", "coordinates": [ 3.2294, 6.6888 ] } },
{ "type": "Feature", "properties": { "name": "Local Government Primary School Ii, Sango Ota", "amenity": "school" }, "geometry": { "type": "Point", "coordinates": [ 3.2441, 6.7057 ] } },
{ "type": "Feature", "properties": { "name": "Christ Church Primary School, Isiwo", "amenity": "school" }, "geometry": { "type": "Point", "coordinates": [ 3.9603, 6.7061 ] } },
{ "type": "Feature", "properties": { "name": "Local Government Primary School Iv, Sango Ota", "amenity": "school" }, "geometry": { "type": "Point", "coordinates": [ 3.2363, 6.7087 ] } },
{ "type": "Feature", "properties": { "name": "Local Government Primary School Iii, Sango Ota", "amenity": "school" }, "geometry": { "type": "Point", "coordinates": [ 3.237, 6.709 ] } },
{ "type": "Feature", "properties": { "name": "Community Primary School, Adiyan", "amenity": "school" }, "geometry": { "type": "Point", "coordinates": [ 3.3066, 6.7111 ] } },
{ "type": "Feature", "properties": { "name": "St. Saviour'S Anglican Primary School Ijoko", "amenity": "school" }, "geometry": { "type": "Point", "coordinates": [ 3.2306, 6.7115 ] } },
{ "type": "Feature", "properties": { "name": "Precious Stone Primary School, Imepe", "amenity": "school" }, "geometry": { "type": "Point", "coordinates": [ 3.9466, 6.7941 ] } },
{ "type": "Feature", "properties": { "name": "African Church Primary School, Kajola Ifo", "amenity": "school" }, "geometry": { "type": "Point", "coordinates": [ 3.2431, 6.7951 ] } },
{ "type": "Feature", "properties": { "name": "United African Church Primary School Ii, Kooko Atan", "amenity": "school" }, "geometry": { "type": "Point", "coordinates": [ 3.0914, 6.6566 ] } },
{ "type": "Feature", "properties": { "name": "Community Primary School, Mose", "amenity": "school" }, "geometry": { "type": "Point", "coordinates": [ 3.1926, 6.8049 ] } },
{ "type": "Feature", "properties": { "name": "Moslem Primary School, Imepe", "amenity": "school" }, "geometry": { "type": "Point", "coordinates": [ 3.9088, 6.8068 ] } },
{ "type": "Feature", "properties": { "name": "Community Primary School, Bungalow", "amenity": "school" }, "geometry": { "type": "Point", "coordinates": [ 3.2028, 6.807 ] } },
{ "type": "Feature", "properties": { "name": "Local Government Primary School, Akinsinde", "amenity": "school" }, "geometry": { "type": "Point", "coordinates": [ 3.1607, 6.8077 ] } },
{ "type": "Feature", "properties": { "name": "Wasimi African Church Primary School Imepe", "amenity": "school" }, "geometry": { "type": "Point", "coordinates": [ 3.9115, 6.8079 ] } },
{ "type": "Feature", "properties": { "name": "Salvation Army Primary School Ijaba-Ota", "amenity": "school" }, "geometry": { "type": "Point", "coordinates": [ 3.1715, 6.6445 ] } },
{ "type": "Feature", "properties": { "name": "Community Primary, Ojodu Abiodun", "amenity": "school" }, "geometry": { "type": "Point", "coordinates": [ 3.3701, 6.649 ] } },
{ "type": "Feature", "properties": { "name": "Ebenezer African Church Primary School, Oloparun", "amenity": "school" }, "geometry": { "type": "Point", "coordinates": [ 2.9833, 6.6508 ] } },
{ "type": "Feature", "properties": { "name": "Community Primary School, Abata-Titun", "amenity": "school" }, "geometry": { "type": "Point", "coordinates": [ 3.2005, 6.801 ] } },
{ "type": "Feature", "properties": { "name": "China-Nigeria Friendship Model Primary School,Igbesa", "amenity": "school" }, "geometry": { "type": "Point", "coordinates": [ 3.1297, 6.5428 ] } },
{ "type": "Feature", "properties": { "name": "Baptist Day Primary School,Igbesa", "amenity": "school" }, "geometry": { "type": "Point", "coordinates": [ 3.142, 6.5264 ] } },
{ "type": "Feature", "properties": { "name": "Community Primary School, Legun", "amenity": "school" }, "geometry": { "type": "Point", "coordinates": [ 3.3484, 6.7253 ] } },
{ "type": "Feature", "properties": { "name": "St. David'S Anglican School, Orogbe", "amenity": "school" }, "geometry": { "type": "Point", "coordinates": [ 3.2104, 6.8087 ] } },
{ "type": "Feature", "properties": { "name": "Local Government Primary School, Iju-Aga", "amenity": "school" }, "geometry": { "type": "Point", "coordinates": [ 3.2304, 6.8274 ] } },
{ "type": "Feature", "properties": { "name": "Local Government Primary School, Idolehin", "amenity": "school" }, "geometry": { "type": "Point", "coordinates": [ 2.9988, 6.5914 ] } },
{ "type": "Feature", "properties": { "name": "Local Government Primary School, Ore Akinde", "amenity": "school" }, "geometry": { "type": "Point", "coordinates": [ 3.1181, 6.61 ] } },
{ "type": "Feature", "properties": { "name": "st. paul primary school ii makun", "amenity": "school" }, "geometry": { "type": "Point", "coordinates": [ 3.641, 6.8517 ] } },
{ "type": "Feature", "properties": { "name": "zumuratul islamiyah primary school, ojumele", "amenity": "school" }, "geometry": { "type": "Point", "coordinates": [ 3.6359, 6.8468 ] } },
{ "type": "Feature", "properties": { "name": "Ansar Ud Deen Primary School Ii, Alaagba", "amenity": "school" }, "geometry": { "type": "Point", "coordinates": [ 3.2278, 6.6128 ] } },
{ "type": "Feature", "properties": { "name": "Ansar Ud Deen Primary School I, Alaagba", "amenity": "school" }, "geometry": { "type": "Point", "coordinates": [ 3.2255, 6.6143 ] } },
{ "type": "Feature", "properties": { "name": "African Church Primary School,Akoore", "amenity": "school" }, "geometry": { "type": "Point", "coordinates": [ 3.1042, 6.6161 ] } },
{ "type": "Feature", "properties": { "name": "Africa Church Primary School, Lemomu", "amenity": "school" }, "geometry": { "type": "Point", "coordinates": [ 3.1117, 6.6348 ] } },
{ "type": "Feature", "properties": { "name": "Local Government Schl Itori-Ota", "amenity": "school" }, "geometry": { "type": "Point", "coordinates": [ 3.1556, 6.6375 ] } },
{ "type": "Feature", "properties": { "name": "St. Peters Anglican Primary School Odan Otun", "amenity": "school" }, "geometry": { "type": "Point", "coordinates": [ 3.207, 6.6378 ] } },
{ "type": "Feature", "properties": { "name": "Baptist Day Primary School, Iloro", "amenity": "school" }, "geometry": { "type": "Point", "coordinates": [ 2.9692, 6.6381 ] } },
{ "type": "Feature", "properties": { "name": "Roman Catholic Mission Primary School, Isalu", "amenity": "school" }, "geometry": { "type": "Point", "coordinates": [ 2.9416, 6.6437 ] } },
{ "type": "Feature", "properties": { "name": "ansar-udeen primary school, makun, sagamu", "amenity": "school" }, "geometry": { "type": "Point", "coordinates": [ 3.634156, 6.850647 ] } },
{ "type": "Feature", "properties": { "name": "oba adeniyi sonariwo school sabo", "amenity": "school" }, "geometry": { "type": "Point", "coordinates": [ 3.6304, 6.8307 ] } },
{ "type": "Feature", "properties": { "name": "oba adeniyi sonariwo school sabo", "amenity": "school" }, "geometry": { "type": "Point", "coordinates": [ 3.633543, 6.830154 ] } },
{ "type": "Feature", "properties": { "name": "community primary school, ijoko-lemode", "amenity": "school" }, "geometry": { "type": "Point", "coordinates": [ 3.2852, 6.7298 ] } },
{ "type": "Feature", "properties": { "name": "St. Peters Anglican Primary School Onigbonbo", "amenity": "school" }, "geometry": { "type": "Point", "coordinates": [ 3.0877, 6.6419 ] } },
{ "type": "Feature", "properties": { "name": "Luther Academy", "amenity": "school" }, "geometry": { "type": "Point", "coordinates": [ 5.77225, 5.5648 ] } },
{ "type": "Feature", "properties": { "name": "Best Foundation Nur and Pri School", "amenity": "school" }, "geometry": { "type": "Point", "coordinates": [ 5.75815, 5.53719 ] } },
{ "type": "Feature", "properties": { "name": "Souls Harvester Schools", "amenity": "school" }, "geometry": { "type": "Point", "coordinates": [ 5.75882, 5.53915 ] } },
{ "type": "Feature", "properties": { "name": "Kidscomputer Academy", "amenity": "school" }, "geometry": { "type": "Point", "coordinates": [ 5.77124, 5.54655 ] } },
{ "type": "Feature", "properties": { "name": "Brianville Intl. School", "amenity": "school" }, "geometry": { "type": "Point", "coordinates": [ 5.7725, 5.53915 ] } },
{ "type": "Feature", "properties": { "name": "Hope of Glory Academy", "amenity": "school" }, "geometry": { "type": "Point", "coordinates": [ 6.33374, 4.94685 ] } },
{ "type": "Feature", "properties": { "name": "NESEC Academy", "amenity": "college" }, "geometry": { "type": "Point", "coordinates": [ 6.33695, 4.94585 ] } },
{ "type": "Feature", "properties": { "name": "Rojoe Academy", "amenity": "school" }, "geometry": { "type": "Point", "coordinates": [ 5.77292, 5.56775 ] } },
{ "type": "Feature", "properties": { "name": "The Kiib School", "amenity": "school" }, "geometry": { "type": "Point", "coordinates": [ 7.02815, 4.83475 ] } },
{ "type": "Feature", "properties": { "name": "Salvation Model Nursery and Primary School", "amenity": "school" }, "geometry": { "type": "Point", "coordinates": [ 5.74532, 5.53145 ] } },
{ "type": "Feature", "properties": { "name": "New Creation Baptist Nur and Pri School", "amenity": "school" }, "geometry": { "type": "Point", "coordinates": [ 5.74925, 5.53718 ] } },
{ "type": "Feature", "properties": { "name": "Great Learners International School", "amenity": "school" }, "geometry": { "type": "Point", "coordinates": [ 7.05241, 4.82085 ] } },
{ "type": "Feature", "properties": { "name": "Messiah African Church Group of Schools", "amenity": "school" }, "geometry": { "type": "Point", "coordinates": [ 5.74535, 5.53028 ] } },
{ "type": "Feature", "properties": { "name": "Liberation Model Nursery and Primary School", "amenity": "school" }, "geometry": { "type": "Point", "coordinates": [ 7.02765, 4.83472 ] } },
{ "type": "Feature", "properties": { "name": "EDS Exceptional Diamond School", "amenity": "school" }, "geometry": { "type": "Point", "coordinates": [ 7.05226, 4.82155 ] } },
{ "type": "Feature", "properties": { "name": "Springwell School", "amenity": "school" }, "geometry": { "type": "Point", "coordinates": [ 5.75736, 5.53545 ] } },
{ "type": "Feature", "properties": { "name": "Divine Victory School", "amenity": "school" }, "geometry": { "type": "Point", "coordinates": [ 5.75654, 5.53295 ] } },
{ "type": "Feature", "properties": { "name": "Top Nursery and Primary School", "amenity": "school" }, "geometry": { "type": "Point", "coordinates": [ 5.76076, 5.53695 ] } },
{ "type": "Feature", "properties": { "name": "Flomatry Intl. Group of Schools", "amenity": "school" }, "geometry": { "type": "Point", "coordinates": [ 5.74806, 5.53375 ] } },
{ "type": "Feature", "properties": { "name": "crown polytechnic", "amenity": "school" }, "geometry": { "type": "Point", "coordinates": [ 5.13004, 7.61319 ] } },
{ "type": "Feature", "properties": { "name": "girls technical college", "amenity": "school" }, "geometry": { "type": "Point", "coordinates": [ 7.38455, 5.12374 ] } },
{ "type": "Feature", "properties": { "name": "OGISO PRY SCH", "amenity": "school" }, "geometry": { "type": "Point", "coordinates": [ 5.56497, 6.29305 ] } },
{ "type": "Feature", "properties": { "name": "University of Nigeria,Enugu Campus UNEC", "amenity": "university" }, "geometry": { "type": "Point", "coordinates": [ 7.50749, 6.42348 ] } },
{ "type": "Feature", "properties": { "name": "St Louis Secondary School Bompai", "amenity": "school" }, "geometry": { "type": "Point", "coordinates": [ 8.56288, 12.01925 ] } },
{ "type": "Feature", "properties": { "name": "CEG Iwoyé", "amenity": "school" }, "geometry": { "type": "Point", "coordinates": [ 2.73508, 7.56796 ] } },
{ "type": "Feature", "properties": { "name": "Girls Seconadry School", "amenity": "school" }, "geometry": { "type": "Point", "coordinates": [ 7.02145, 5.48663 ] } },
{ "type": "Feature", "properties": { "name": "Community Primary School", "amenity": "school" }, "geometry": { "type": "Point", "coordinates": [ 6.35515, 4.95318 ] } },
{ "type": "Feature", "properties": { "name": "Premap Intl. Montessori School", "amenity": "school" }, "geometry": { "type": "Point", "coordinates": [ 6.34755, 4.94908 ] } },
{ "type": "Feature", "properties": { "name": "Babban Giji Secondary School, Karkasara", "amenity": "school" }, "geometry": { "type": "Point", "coordinates": [ 8.54475, 11.95851 ] } },
{ "type": "Feature", "properties": { "name": "St. Philomena School", "amenity": "school" }, "geometry": { "type": "Point", "coordinates": [ 5.77747, 5.55155 ] } },
{ "type": "Feature", "properties": { "name": "God's Favour School", "amenity": "school" }, "geometry": { "type": "Point", "coordinates": [ 5.75914, 5.56025 ] } },
{ "type": "Feature", "properties": { "name": "community secondary school (CPS)", "amenity": "school" }, "geometry": { "type": "Point", "coordinates": [ 6.64701, 5.33383 ] } },
{ "type": "Feature", "properties": { "name": "Prudent Child First School", "amenity": "school" }, "geometry": { "type": "Point", "coordinates": [ 7.4915, 6.46753 ] } },
{ "type": "Feature", "properties": { "name": "Isaac Jasper Boro College of Education, Sagbama", "amenity": "college" }, "geometry": { "type": "Point", "coordinates": [ 6.19409, 5.15055 ] } },
{ "type": "Feature", "properties": { "name": "NURAIN INTEGRATED SCHOOL", "amenity": "school" }, "geometry": { "type": "Point", "coordinates": [ 11.16078, 10.31915 ] } },
{ "type": "Feature", "properties": { "name": "Religious department", "amenity": "school" }, "geometry": { "type": "Point", "coordinates": [ 11.17455, 10.30598 ] } },
{ "type": "Feature", "properties": { "name": "Arue Secondary School", "amenity": "school" }, "geometry": { "type": "Point", "coordinates": [ 6.30354, 6.73695 ] } },
{ "type": "Feature", "properties": { "name": "Salvation Army Primary School I, Agbara", "amenity": "school" }, "geometry": { "type": "Point", "coordinates": [ 3.19186, 6.5838 ] } },
{ "type": "Feature", "properties": { "name": "Community Primary School, Ijomu", "amenity": "school" }, "geometry": { "type": "Point", "coordinates": [ 3.23695, 6.70892 ] } },
{ "type": "Feature", "properties": { "name": "st. augustine catholic primary school ii", "amenity": "school" }, "geometry": { "type": "Point", "coordinates": [ 3.927, 6.82075 ] } },
{ "type": "Feature", "properties": { "name": "GDSS Feshingo", "amenity": "school" }, "geometry": { "type": "Point", "coordinates": [ 11.46684, 10.91665 ] } },
{ "type": "Feature", "properties": { "name": "Rimai Model Primary School", "amenity": "school" }, "geometry": { "type": "Point", "coordinates": [ 7.86285, 12.3205 ] } },
{ "type": "Feature", "properties": { "name": "Lennon Jubilee High school.", "amenity": "school" }, "geometry": { "type": "Point", "coordinates": [ 5.76632, 7.53275 ] } },
{ "type": "Feature", "properties": { "name": "Aleru University", "amenity": "university" }, "geometry": { "type": "Point", "coordinates": [ 4.48932, 12.30675 ] } },
{ "type": "Feature", "properties": { "name": "Wayage Primary School", "amenity": "school" }, "geometry": { "type": "Point", "coordinates": [ 4.84321, 13.54045 ] } },
{ "type": "Feature", "properties": { "name": "Distance Learning Institute", "amenity": "school" }, "geometry": { "type": "Point", "coordinates": [ 3.39266, 6.51191 ] } },
{ "type": "Feature", "properties": { "name": "Civil Engineering Hydraulic Basin", "amenity": "school" }, "geometry": { "type": "Point", "coordinates": [ 3.39722, 6.51942 ] } },
{ "type": "Feature", "properties": { "name": "St. John's Hall", "amenity": "school" }, "geometry": { "type": "Point", "coordinates": [ 7.9528, 9.89335 ] } },
{ "type": "Feature", "properties": { "name": "Central Primary School", "amenity": "school" }, "geometry": { "type": "Point", "coordinates": [ 13.78265, 11.2195 ] } },
{ "type": "Feature", "properties": { "name": "Baptist College of Theology", "amenity": "school" }, "geometry": { "type": "Point", "coordinates": [ 6.94812, 5.41695 ] } },
{ "type": "Feature", "properties": { "name": "St. Peter's Government Elementary School", "amenity": "school" }, "geometry": { "type": "Point", "coordinates": [ 4.55615, 7.49265 ] } },
{ "type": "Feature", "properties": { "name": "International School", "amenity": "kindergarten" }, "geometry": { "type": "Point", "coordinates": [ 13.14571, 11.81635 ] } },
{ "type": "Feature", "properties": { "name": "Santa Maria Child Development Centre", "amenity": "school" }, "geometry": { "type": "Point", "coordinates": [ 7.04469, 4.83895 ] } },
{ "type": "Feature", "properties": { "name": "AIRFORCE SCHOOL", "amenity": "school" }, "geometry": { "type": "Point", "coordinates": [ 3.97001, 7.38826 ] } },
{ "type": "Feature", "properties": { "name": "Royal Step International School", "amenity": "school" }, "geometry": { "type": "Point", "coordinates": [ 6.97236, 4.85575 ] } },
{ "type": "Feature", "properties": { "name": "St. Theresa 's Group of Schools", "amenity": "school" }, "geometry": { "type": "Point", "coordinates": [ 5.83138, 5.50785 ] } },
{ "type": "Feature", "properties": { "name": "Eagles Height International School", "amenity": "school" }, "geometry": { "type": "Point", "coordinates": [ 5.73335, 5.52939 ] } },
{ "type": "Feature", "properties": { "name": "Iman International School", "amenity": "school" }, "geometry": { "type": "Point", "coordinates": [ 5.18985, 13.02416 ] } },
{ "type": "Feature", "properties": { "name": "Central school Nnarambia", "amenity": "school" }, "geometry": { "type": "Point", "coordinates": [ 7.26297, 5.52415 ] } },
{ "type": "Feature", "properties": { "name": "Central Primary School, Obeledu", "amenity": "school" }, "geometry": { "type": "Point", "coordinates": [ 7.02195, 6.08446 ] } },
{ "type": "Feature", "properties": { "name": "City Primary School", "amenity": "school" }, "geometry": { "type": "Point", "coordinates": [ 7.4772, 6.43165 ] } },
{ "type": "Feature", "properties": { "name": "Madonna Daycare Center", "amenity": "school" }, "geometry": { "type": "Point", "coordinates": [ 7.49105, 6.41775 ] } },
{ "type": "Feature", "properties": { "name": "Happy Time Crèche, Nursery & Primary School", "amenity": "school" }, "geometry": { "type": "Point", "coordinates": [ 7.49235, 6.41948 ] } },
{ "type": "Feature", "properties": { "name": "St Paul's Primary School", "amenity": "school" }, "geometry": { "type": "Point", "coordinates": [ 5.61532, 6.32895 ] } },
{ "type": "Feature", "properties": { "name": "Ann Marie Memorial School", "amenity": "school" }, "geometry": { "type": "Point", "coordinates": [ 5.59778, 6.32265 ] } },
{ "type": "Feature", "properties": { "name": "St. Peters Anglican Daycare Nursry/Primary School", "amenity": "school" }, "geometry": { "type": "Point", "coordinates": [ 5.62253, 6.34415 ] } },
{ "type": "Feature", "properties": { "name": "Fabiye Apatha Primary School", "amenity": "school" }, "geometry": { "type": "Point", "coordinates": [ 5.62405, 6.34596 ] } },
{ "type": "Feature", "properties": { "name": "Dadu primary school", "amenity": "school" }, "geometry": { "type": "Point", "coordinates": [ 5.59605, 6.33432 ] } },
{ "type": "Feature", "properties": { "name": "Federal College of Agriculture", "amenity": "school" }, "geometry": { "type": "Point", "coordinates": [ 5.20645, 7.26939 ] } },
{ "type": "Feature", "properties": { "name": "Government Science College", "amenity": "college" }, "geometry": { "type": "Point", "coordinates": [ 4.48205, 12.30379 ] } },
{ "type": "Feature", "properties": { "name": "Miracle International School", "amenity": "school" }, "geometry": { "type": "Point", "coordinates": [ 3.90653, 7.34258 ] } },
{ "type": "Feature", "properties": { "name": "Genius Children School", "amenity": "school" }, "geometry": { "type": "Point", "coordinates": [ 3.91217, 7.35962 ] } },
{ "type": "Feature", "properties": { "name": "Central School Oforola", "amenity": "school" }, "geometry": { "type": "Point", "coordinates": [ 6.94476, 5.42488 ] } },
{ "type": "Feature", "properties": { "name": "The Federal Polytechnic", "amenity": "school" }, "geometry": { "type": "Point", "coordinates": [ 2.98273, 6.89224 ] } },
{ "type": "Feature", "properties": { "name": "J Nissi College", "amenity": "school" }, "geometry": { "type": "Point", "coordinates": [ 3.96079, 7.43865 ] } },
{ "type": "Feature", "properties": { "name": "Iclass Tuition", "amenity": "school" }, "geometry": { "type": "Point", "coordinates": [ 3.92177, 7.42485 ] } },
{ "type": "Feature", "properties": { "name": "Amainyi High School Amainyi", "amenity": "school" }, "geometry": { "type": "Point", "coordinates": [ 7.38626, 5.5951 ] } },
{ "type": "Feature", "properties": { "name": "St. Theresa Primary School Amainyi", "amenity": "school" }, "geometry": { "type": "Point", "coordinates": [ 7.38879, 5.58306 ] } },
{ "type": "Feature", "properties": { "name": "UPE Primary School", "amenity": "school" }, "geometry": { "type": "Point", "coordinates": [ 7.60898, 12.98035 ] } },
{ "type": "Feature", "properties": { "name": "F.s.p Creche Nusary and primary School", "amenity": "school" }, "geometry": { "type": "Point", "coordinates": [ 5.62333, 6.31235 ] } },
{ "type": "Feature", "properties": { "name": "Ayela Uwangue School", "amenity": "school" }, "geometry": { "type": "Point", "coordinates": [ 5.62625, 6.35984 ] } },
{ "type": "Feature", "properties": { "name": "St Anthony's Primary School, Umudioka", "amenity": "school" }, "geometry": { "type": "Point", "coordinates": [ 6.91905, 6.16248 ] } },
{ "type": "Feature", "properties": { "name": "Imuagbonhen Memoral School", "amenity": "school" }, "geometry": { "type": "Point", "coordinates": [ 5.57506, 6.36185 ] } },
{ "type": "Feature", "properties": { "name": "Destiny Education Centre", "amenity": "school" }, "geometry": { "type": "Point", "coordinates": [ 5.58671, 6.37125 ] } },
{ "type": "Feature", "properties": { "name": "Uwa Primary School", "amenity": "school" }, "geometry": { "type": "Point", "coordinates": [ 5.63365, 6.3296 ] } },
{ "type": "Feature", "properties": { "name": "Nigeria Institute of Management", "amenity": "college" }, "geometry": { "type": "Point", "coordinates": [ 5.62266, 6.30715 ] } },
{ "type": "Feature", "properties": { "name": "Royal Foundation School", "amenity": "school" }, "geometry": { "type": "Point", "coordinates": [ 5.60756, 6.31295 ] } },
{ "type": "Feature", "properties": { "name": "Kenzia Group of School", "amenity": "school" }, "geometry": { "type": "Point", "coordinates": [ 5.58634, 6.29765 ] } },
{ "type": "Feature", "properties": { "name": "Diamond School Academy", "amenity": "school" }, "geometry": { "type": "Point", "coordinates": [ 5.60396, 6.30505 ] } },
{ "type": "Feature", "properties": { "name": "United Anglican Primary School, Ibogun Egbeda", "amenity": "school" }, "geometry": { "type": "Point", "coordinates": [ 3.13239, 6.53415 ] } },
{ "type": "Feature", "properties": { "name": "Maryland secondary school", "amenity": "school" }, "geometry": { "type": "Point", "coordinates": [ 7.51285, 6.4141 ] } },
{ "type": "Feature", "properties": { "name": "Nigerian Navy Secondary School", "amenity": "school" }, "geometry": { "type": "Point", "coordinates": [ 3.32685, 7.12615 ] } },
{ "type": "Feature", "properties": { "name": "Wesley Primary School, Molupa Road", "amenity": "school" }, "geometry": { "type": "Point", "coordinates": [ 2.99786, 6.52875 ] } },
{ "type": "Feature", "properties": { "name": "Community LGEA Pry School, Atanda", "amenity": "school" }, "geometry": { "type": "Point", "coordinates": [ 4.73525, 8.31855 ] } },
{ "type": "Feature", "properties": { "name": "Community Primary School, Olaparun", "amenity": "school" }, "geometry": { "type": "Point", "coordinates": [ 3.10173, 6.50442 ] } },
{ "type": "Feature", "properties": { "name": "African Church Primary School I Okungbolu", "amenity": "school" }, "geometry": { "type": "Point", "coordinates": [ 3.31493, 6.79376 ] } },
{ "type": "Feature", "properties": { "name": "Local Government Primary School, Eriyo Gbaga", "amenity": "school" }, "geometry": { "type": "Point", "coordinates": [ 3.19688, 6.81255 ] } },
{ "type": "Feature", "properties": { "name": "Community Primary School School, Obasa", "amenity": "school" }, "geometry": { "type": "Point", "coordinates": [ 3.30727, 6.87685 ] } },
{ "type": "Feature", "properties": { "name": "Ansar-Ud-Deen Primary School I, Otta", "amenity": "school" }, "geometry": { "type": "Point", "coordinates": [ 3.92085, 6.81925 ] } },
{ "type": "Feature", "properties": { "name": "St. Paul'S African Church Primary School I, Ilogbo Ota", "amenity": "school" }, "geometry": { "type": "Point", "coordinates": [ 3.92658, 6.81257 ] } },
{ "type": "Feature", "properties": { "name": "St. Paul Primary School I, Ijoku", "amenity": "school" }, "geometry": { "type": "Point", "coordinates": [ 3.38446, 6.6378 ] } },
{ "type": "Feature", "properties": { "name": "Anglican Central N/P School Ii, Okenla Ifo", "amenity": "school" }, "geometry": { "type": "Point", "coordinates": [ 2.9305, 6.5805 ] } },
{ "type": "Feature", "properties": { "name": "Wasimi African Church Primary School Imepe", "amenity": "school" }, "geometry": { "type": "Point", "coordinates": [ 3.30654, 6.71461 ] } },
{ "type": "Feature", "properties": { "name": "St. Paul'S African Church School I, Agbado", "amenity": "school" }, "geometry": { "type": "Point", "coordinates": [ 3.15765, 6.8114 ] } },
{ "type": "Feature", "properties": { "name": "St.Joseph'S Anglican Primary School,Odonoko", "amenity": "school" }, "geometry": { "type": "Point", "coordinates": [ 3.25475, 6.74245 ] } },
{ "type": "Feature", "properties": { "name": "St. Paul'S Anglican Primary School, Ayetoro", "amenity": "school" }, "geometry": { "type": "Point", "coordinates": [ 3.5019, 6.83129 ] } },
{ "type": "Feature", "properties": { "name": "St. Peters Anglican Primary School Itele-Ota", "amenity": "school" }, "geometry": { "type": "Point", "coordinates": [ 3.35376, 6.71617 ] } },
{ "type": "Feature", "properties": { "name": "All Saints Primary School, Ado Odo", "amenity": "school" }, "geometry": { "type": "Point", "coordinates": [ 3.22345, 6.67609 ] } },
{ "type": "Feature", "properties": { "name": "Community Primary School, David Camp", "amenity": "school" }, "geometry": { "type": "Point", "coordinates": [ 2.94835, 6.54755 ] } },
{ "type": "Feature", "properties": { "name": "African Church Sch Onse-Olose", "amenity": "school" }, "geometry": { "type": "Point", "coordinates": [ 3.22934, 6.68883 ] } },
{ "type": "Feature", "properties": { "name": "Local Government Primary School, Ado-Odo", "amenity": "school" }, "geometry": { "type": "Point", "coordinates": [ 3.1824, 6.66156 ] } },
{ "type": "Feature", "properties": { "name": "Local Government Primary School Ii, Otun Ota", "amenity": "school" }, "geometry": { "type": "Point", "coordinates": [ 3.64375, 6.82519 ] } },
{ "type": "Feature", "properties": { "name": "Methodist Primary School, Oko Omi", "amenity": "school" }, "geometry": { "type": "Point", "coordinates": [ 3.07565, 6.71207 ] } },
{ "type": "Feature", "properties": { "name": "St. Peters Anglican Primary School Odan Otun", "amenity": "school" }, "geometry": { "type": "Point", "coordinates": [ 3.18224, 6.6611 ] } },
{ "type": "Feature", "properties": { "name": "St. Micheal African Church Primary School I Ota", "amenity": "school" }, "geometry": { "type": "Point", "coordinates": [ 3.04786, 6.58105 ] } },
{ "type": "Feature", "properties": { "name": "Roman Catholic Mission Primary School, Itire", "amenity": "school" }, "geometry": { "type": "Point", "coordinates": [ 3.19913, 6.51717 ] } },
{ "type": "Feature", "properties": { "name": "Local Government Primary School Iii, Sango Ota", "amenity": "school" }, "geometry": { "type": "Point", "coordinates": [ 3.22964, 6.68205 ] } },
{ "type": "Feature", "properties": { "name": "Africa Church Central Primary School, Onibuku", "amenity": "school" }, "geometry": { "type": "Point", "coordinates": [ 2.93065, 6.58054 ] } },
{ "type": "Feature", "properties": { "name": "Community Primary School, Araromi Oke-Aro", "amenity": "school" }, "geometry": { "type": "Point", "coordinates": [ 3.12889, 6.66733 ] } },
{ "type": "Feature", "properties": { "name": "St. Joseph Roman Catholic Mission Primary School Sch Ii Ado Odo", "amenity": "school" }, "geometry": { "type": "Point", "coordinates": [ 3.65025, 6.85051 ] } },
{ "type": "Feature", "properties": { "name": "Zion Methodist Primary School Ii, Ota", "amenity": "school" }, "geometry": { "type": "Point", "coordinates": [ 3.06814, 6.53574 ] } },
{ "type": "Feature", "properties": { "name": "Local Government Primary School, Ore Akinde", "amenity": "school" }, "geometry": { "type": "Point", "coordinates": [ 3.60067, 6.75315 ] } },
{ "type": "Feature", "properties": { "name": "Local Government Primary School, Elero Igbesa", "amenity": "school" }, "geometry": { "type": "Point", "coordinates": [ 3.12619, 6.67535 ] } },
{ "type": "Feature", "properties": { "name": "Local Government Primary School, Ajeregun", "amenity": "school" }, "geometry": { "type": "Point", "coordinates": [ 3.64178, 6.85125 ] } },
{ "type": "Feature", "properties": { "name": "United African Church Primary School I, Kooko Atan", "amenity": "school" }, "geometry": { "type": "Point", "coordinates": [ 3.24311, 6.79505 ] } },
{ "type": "Feature", "properties": { "name": "United African Church Primary School Ii, Kooko Atan", "amenity": "school" }, "geometry": { "type": "Point", "coordinates": [ 3.22553, 6.61435 ] } },
{ "type": "Feature", "properties": { "name": "Baptist Day School, Ibogun Olaogun", "amenity": "school" }, "geometry": { "type": "Point", "coordinates": [ 3.30602, 6.71457 ] } },
{ "type": "Feature", "properties": { "name": "St. Peter African Church Primary School I, Iyesi", "amenity": "school" }, "geometry": { "type": "Point", "coordinates": [ 3.26527, 6.7115 ] } },
{ "type": "Feature", "properties": { "name": "Wesley Primary School, Gbara", "amenity": "school" }, "geometry": { "type": "Point", "coordinates": [ 3.14015, 6.52327 ] } },
{ "type": "Feature", "properties": { "name": "Community Primary School, Onibudo", "amenity": "school" }, "geometry": { "type": "Point", "coordinates": [ 3.22903, 6.68155 ] } },
{ "type": "Feature", "properties": { "name": "Local Government Primary School, Ifote", "amenity": "school" }, "geometry": { "type": "Point", "coordinates": [ 3.58585, 6.72968 ] } },
{ "type": "Feature", "properties": { "name": "United African Primary School, Ajegunle Ota", "amenity": "school" }, "geometry": { "type": "Point", "coordinates": [ 3.30663, 6.71105 ] } },
{ "type": "Feature", "properties": { "name": "African Church Primary School, Bandu", "amenity": "school" }, "geometry": { "type": "Point", "coordinates": [ 3.21061, 6.80867 ] } },
{ "type": "Feature", "properties": { "name": "City girls College", "amenity": "school" }, "geometry": { "type": "Point", "coordinates": [ 7.50285, 6.43256 ] } },
{ "type": "Feature", "properties": { "name": "Chez Josephine", "amenity": "kindergarten" }, "geometry": { "type": "Point", "coordinates": [ 3.48985, 6.43622 ] } },
{ "type": "Feature", "properties": { "name": "Stars International College", "amenity": "school" }, "geometry": { "type": "Point", "coordinates": [ 3.5006, 6.62605 ] } },
{ "type": "Feature", "properties": { "name": "Ebenezer African Church, Aganna Olorunnda", "amenity": "school" }, "geometry": { "type": "Point", "coordinates": [ 3.12393, 6.73105 ] } },
{ "type": "Feature", "properties": { "name": "Akute Grammar School", "amenity": "school" }, "geometry": { "type": "Point", "coordinates": [ 3.36195, 6.68457 ] } },
{ "type": "Feature", "properties": { "name": "First African Church Mission School, Ibaragun", "amenity": "school" }, "geometry": { "type": "Point", "coordinates": [ 3.32616, 6.76183 ] } },
{ "type": "Feature", "properties": { "name": null, "amenity": "college" }, "geometry": { "type": "Point", "coordinates": [ 6.21377, 5.53894 ] } },
{ "type": "Feature", "properties": { "name": null, "amenity": "university" }, "geometry": { "type": "Point", "coordinates": [ 8.77379, 6.62138 ] } },
{ "type": "Feature", "properties": { "name": null, "amenity": "university" }, "geometry": { "type": "Point", "coordinates": [ 8.2722, 5.98104 ] } },
{ "type": "Feature", "properties": { "name": null, "amenity": "university" }, "geometry": { "type": "Point", "coordinates": [ 8.35394, 5.25753 ] } },
{ "type": "Feature", "properties": { "name": null, "amenity": "university" }, "geometry": { "type": "Point", "coordinates": [ 8.57969, 5.30333 ] } },
{ "type": "Feature", "properties": { "name": null, "amenity": "university" }, "geometry": { "type": "Point", "coordinates": [ 7.73966, 5.18236 ] } },
{ "type": "Feature", "properties": { "name": null, "amenity": "university" }, "geometry": { "type": "Point", "coordinates": [ 7.66989, 5.15712 ] } },
{ "type": "Feature", "properties": { "name": null, "amenity": "school" }, "geometry": { "type": "Point", "coordinates": [ 5.74358, 5.87414 ] } },
{ "type": "Feature", "properties": { "name": null, "amenity": "university" }, "geometry": { "type": "Point", "coordinates": [ 5.74864, 5.90998 ] } },
{ "type": "Feature", "properties": { "name": null, "amenity": "school" }, "geometry": { "type": "Point", "coordinates": [ 5.7424, 5.90811 ] } },
{ "type": "Feature", "properties": { "name": null, "amenity": "school" }, "geometry": { "type": "Point", "coordinates": [ 5.35798, 5.39367 ] } },
{ "type": "Feature", "properties": { "name": null, "amenity": "school" }, "geometry": { "type": "Point", "coordinates": [ 3.23724, 6.7086 ] } },
{ "type": "Feature", "properties": { "name": null, "amenity": "university" }, "geometry": { "type": "Point", "coordinates": [ 6.80021, 6.09833 ] } },
{ "type": "Feature", "properties": { "name": null, "amenity": "college" }, "geometry": { "type": "Point", "coordinates": [ 6.71143, 5.89384 ] } },
{ "type": "Feature", "properties": { "name": null, "amenity": "school" }, "geometry": { "type": "Point", "coordinates": [ 5.74367, 5.85406 ] } },
{ "type": "Feature", "properties": { "name": null, "amenity": "university" }, "geometry": { "type": "Point", "coordinates": [ 5.75696, 5.84087 ] } },
{ "type": "Feature", "properties": { "name": null, "amenity": "college" }, "geometry": { "type": "Point", "coordinates": [ 7.02707, 4.81549 ] } },
{ "type": "Feature", "properties": { "name": null, "amenity": "school" }, "geometry": { "type": "Point", "coordinates": [ 6.49672, 5.1438 ] } },
{ "type": "Feature", "properties": { "name": null, "amenity": "college" }, "geometry": { "type": "Point", "coordinates": [ 6.23525, 5.94535 ] } },
{ "type": "Feature", "properties": { "name": null, "amenity": "college" }, "geometry": { "type": "Point", "coordinates": [ 6.22709, 5.92981 ] } },
{ "type": "Feature", "properties": { "name": null, "amenity": "college" }, "geometry": { "type": "Point", "coordinates": [ 6.21419, 5.88923 ] } },
{ "type": "Feature", "properties": { "name": null, "amenity": "school" }, "geometry": { "type": "Point", "coordinates": [ 6.29069, 5.71153 ] } },
{ "type": "Feature", "properties": { "name": null, "amenity": "college" }, "geometry": { "type": "Point", "coordinates": [ 6.19918, 5.67681 ] } },
{ "type": "Feature", "properties": { "name": null, "amenity": "college" }, "geometry": { "type": "Point", "coordinates": [ 6.18575, 5.57708 ] } },
{ "type": "Feature", "properties": { "name": null, "amenity": "school" }, "geometry": { "type": "Point", "coordinates": [ 6.16775, 5.56338 ] } },
{ "type": "Feature", "properties": { "name": null, "amenity": "college" }, "geometry": { "type": "Point", "coordinates": [ 6.15656, 5.52116 ] } },
{ "type": "Feature", "properties": { "name": null, "amenity": "college" }, "geometry": { "type": "Point", "coordinates": [ 6.34146, 5.54599 ] } },
{ "type": "Feature", "properties": { "name": null, "amenity": "college" }, "geometry": { "type": "Point", "coordinates": [ 6.2235, 5.53541 ] } },
{ "type": "Feature", "properties": { "name": null, "amenity": "school" }, "geometry": { "type": "Point", "coordinates": [ 7.29963, 4.65466 ] } },
{ "type": "Feature", "properties": { "name": null, "amenity": "school" }, "geometry": { "type": "Point", "coordinates": [ 5.50588, 5.34521 ] } },
{ "type": "Feature", "properties": { "name": null, "amenity": "school" }, "geometry": { "type": "Point", "coordinates": [ 7.24041, 4.45496 ] } },
{ "type": "Feature", "properties": { "name": null, "amenity": "school" }, "geometry": { "type": "Point", "coordinates": [ 7.00523, 4.79147 ] } },
{ "type": "Feature", "properties": { "name": null, "amenity": "school" }, "geometry": { "type": "Point", "coordinates": [ 7.01143, 4.76348 ] } },
{ "type": "Feature", "properties": { "name": null, "amenity": "school" }, "geometry": { "type": "Point", "coordinates": [ 7.00366, 4.78466 ] } },
{ "type": "Feature", "properties": { "name": null, "amenity": "school" }, "geometry": { "type": "Point", "coordinates": [ 7.02317, 4.76715 ] } },
{ "type": "Feature", "properties": { "name": null, "amenity": "college" }, "geometry": { "type": "Point", "coordinates": [ 7.03175, 5.52584 ] } },
{ "type": "Feature", "properties": { "name": null, "amenity": "school" }, "geometry": { "type": "Point", "coordinates": [ 7.01331, 5.41504 ] } },
{ "type": "Feature", "properties": { "name": null, "amenity": "school" }, "geometry": { "type": "Point", "coordinates": [ 6.68991, 4.97053 ] } },
{ "type": "Feature", "properties": { "name": null, "amenity": "college" }, "geometry": { "type": "Point", "coordinates": [ 5.77366, 5.57187 ] } },
{ "type": "Feature", "properties": { "name": null, "amenity": "college" }, "geometry": { "type": "Point", "coordinates": [ 5.77426, 5.5752 ] } },
{ "type": "Feature", "properties": { "name": null, "amenity": "college" }, "geometry": { "type": "Point", "coordinates": [ 6.11539, 5.50252 ] } },
{ "type": "Feature", "properties": { "name": null, "amenity": "college" }, "geometry": { "type": "Point", "coordinates": [ 6.03745, 5.57684 ] } },
{ "type": "Feature", "properties": { "name": null, "amenity": "college" }, "geometry": { "type": "Point", "coordinates": [ 6.08092, 5.54297 ] } },
{ "type": "Feature", "properties": { "name": null, "amenity": "university" }, "geometry": { "type": "Point", "coordinates": [ 6.1806, 5.86656 ] } },
{ "type": "Feature", "properties": { "name": null, "amenity": "school" }, "geometry": { "type": "Point", "coordinates": [ 4.03031, 7.44761 ] } },
{ "type": "Feature", "properties": { "name": null, "amenity": "university" }, "geometry": { "type": "Point", "coordinates": [ 7.56887, 6.50462 ] } },
{ "type": "Feature", "properties": { "name": null, "amenity": "school" }, "geometry": { "type": "Point", "coordinates": [ 7.92498, 9.5283 ] } },
{ "type": "Feature", "properties": { "name": null, "amenity": "school" }, "geometry": { "type": "Point", "coordinates": [ 7.92304, 9.54989 ] } },
{ "type": "Feature", "properties": { "name": null, "amenity": "school" }, "geometry": { "type": "Point", "coordinates": [ 7.92274, 9.5358 ] } },
{ "type": "Feature", "properties": { "name": null, "amenity": "school" }, "geometry": { "type": "Point", "coordinates": [ 6.27131, 4.85318 ] } },
{ "type": "Feature", "properties": { "name": null, "amenity": "school" }, "geometry": { "type": "Point", "coordinates": [ 4.64775, 7.89704 ] } },
{ "type": "Feature", "properties": { "name": null, "amenity": "school" }, "geometry": { "type": "Point", "coordinates": [ 4.67138, 7.88636 ] } },
{ "type": "Feature", "properties": { "name": null, "amenity": "school" }, "geometry": { "type": "Point", "coordinates": [ 3.42051, 6.41693 ] } },
{ "type": "Feature", "properties": { "name": null, "amenity": "school" }, "geometry": { "type": "Point", "coordinates": [ 4.70047, 7.18065 ] } },
{ "type": "Feature", "properties": { "name": null, "amenity": "school" }, "geometry": { "type": "Point", "coordinates": [ 7.01847, 4.7667 ] } },
{ "type": "Feature", "properties": { "name": null, "amenity": "college" }, "geometry": { "type": "Point", "coordinates": [ 5.63125, 6.38543 ] } },
{ "type": "Feature", "properties": { "name": null, "amenity": "college" }, "geometry": { "type": "Point", "coordinates": [ 5.62994, 6.38548 ] } },
{ "type": "Feature", "properties": { "name": null, "amenity": "school" }, "geometry": { "type": "Point", "coordinates": [ 7.27601, 4.72268 ] } },
{ "type": "Feature", "properties": { "name": null, "amenity": "school" }, "geometry": { "type": "Point", "coordinates": [ 7.28708, 4.63055 ] } },
{ "type": "Feature", "properties": { "name": null, "amenity": "school" }, "geometry": { "type": "Point", "coordinates": [ 7.30706, 4.66622 ] } },
{ "type": "Feature", "properties": { "name": null, "amenity": "school" }, "geometry": { "type": "Point", "coordinates": [ 7.79529, 9.31643 ] } },
{ "type": "Feature", "properties": { "name": null, "amenity": "school" }, "geometry": { "type": "Point", "coordinates": [ 7.44408, 8.95016 ] } },
{ "type": "Feature", "properties": { "name": null, "amenity": "school" }, "geometry": { "type": "Point", "coordinates": [ 6.55015, 9.62339 ] } },
{ "type": "Feature", "properties": { "name": null, "amenity": "college" }, "geometry": { "type": "Point", "coordinates": [ 4.241, 8.14229 ] } },
{ "type": "Feature", "properties": { "name": null, "amenity": "school" }, "geometry": { "type": "Point", "coordinates": [ 7.44284, 10.55693 ] } },
{ "type": "Feature", "properties": { "name": null, "amenity": "school" }, "geometry": { "type": "Point", "coordinates": [ 7.60084, 9.01092 ] } },
{ "type": "Feature", "properties": { "name": null, "amenity": "school" }, "geometry": { "type": "Point", "coordinates": [ 4.1682, 7.62956 ] } },
{ "type": "Feature", "properties": { "name": null, "amenity": "school" }, "geometry": { "type": "Point", "coordinates": [ 4.16736, 7.62892 ] } },
{ "type": "Feature", "properties": { "name": null, "amenity": "school" }, "geometry": { "type": "Point", "coordinates": [ 4.1678, 7.62967 ] } },
{ "type": "Feature", "properties": { "name": null, "amenity": "school" }, "geometry": { "type": "Point", "coordinates": [ 4.16745, 7.62938 ] } },
{ "type": "Feature", "properties": { "name": null, "amenity": "school" }, "geometry": { "type": "Point", "coordinates": [ 4.16676, 7.62942 ] } },
{ "type": "Feature", "properties": { "name": null, "amenity": "school" }, "geometry": { "type": "Point", "coordinates": [ 4.16714, 7.62963 ] } },
{ "type": "Feature", "properties": { "name": null, "amenity": "school" }, "geometry": { "type": "Point", "coordinates": [ 4.25895, 12.32048 ] } },
{ "type": "Feature", "properties": { "name": null, "amenity": "school" }, "geometry": { "type": "Point", "coordinates": [ 4.25863, 12.32013 ] } },
{ "type": "Feature", "properties": { "name": null, "amenity": "school" }, "geometry": { "type": "Point", "coordinates": [ 4.25862, 12.32068 ] } },
{ "type": "Feature", "properties": { "name": null, "amenity": "school" }, "geometry": { "type": "Point", "coordinates": [ 7.16265, 6.08398 ] } },
{ "type": "Feature", "properties": { "name": null, "amenity": "school" }, "geometry": { "type": "Point", "coordinates": [ 6.2845, 7.12016 ] } },
{ "type": "Feature", "properties": { "name": null, "amenity": "school" }, "geometry": { "type": "Point", "coordinates": [ 6.28657, 7.11995 ] } },
{ "type": "Feature", "properties": { "name": null, "amenity": "school" }, "geometry": { "type": "Point", "coordinates": [ 6.25846, 7.13274 ] } },
{ "type": "Feature", "properties": { "name": null, "amenity": "college" }, "geometry": { "type": "Point", "coordinates": [ 4.58795, 8.45721 ] } },
{ "type": "Feature", "properties": { "name": null, "amenity": "school" }, "geometry": { "type": "Point", "coordinates": [ 6.51538, 6.17747 ] } },
{ "type": "Feature", "properties": { "name": null, "amenity": "school" }, "geometry": { "type": "Point", "coordinates": [ 4.53057, 8.47997 ] } },
{ "type": "Feature", "properties": { "name": null, "amenity": "school" }, "geometry": { "type": "Point", "coordinates": [ 4.53075, 8.48021 ] } },
{ "type": "Feature", "properties": { "name": null, "amenity": "school" }, "geometry": { "type": "Point", "coordinates": [ 5.77989, 5.54012 ] } },
{ "type": "Feature", "properties": { "name": null, "amenity": "school" }, "geometry": { "type": "Point", "coordinates": [ 6.23012, 7.59905 ] } },
{ "type": "Feature", "properties": { "name": null, "amenity": "school" }, "geometry": { "type": "Point", "coordinates": [ 13.1079, 11.82408 ] } },
{ "type": "Feature", "properties": { "name": null, "amenity": "school" }, "geometry": { "type": "Point", "coordinates": [ 7.50213, 6.42879 ] } },
{ "type": "Feature", "properties": { "name": null, "amenity": "school" }, "geometry": { "type": "Point", "coordinates": [ 5.30573, 13.04966 ] } },
{ "type": "Feature", "properties": { "name": null, "amenity": "school" }, "geometry": { "type": "Point", "coordinates": [ 7.90779, 8.77294 ] } },
{ "type": "Feature", "properties": { "name": null, "amenity": "school" }, "geometry": { "type": "Point", "coordinates": [ 7.89394, 8.7752 ] } },
{ "type": "Feature", "properties": { "name": null, "amenity": "school" }, "geometry": { "type": "Point", "coordinates": [ 7.89393, 8.77501 ] } },
{ "type": "Feature", "properties": { "name": null, "amenity": "school" }, "geometry": { "type": "Point", "coordinates": [ 6.26775, 7.06365 ] } },
{ "type": "Feature", "properties": { "name": null, "amenity": "school" }, "geometry": { "type": "Point", "coordinates": [ 6.29237, 7.09774 ] } },
{ "type": "Feature", "properties": { "name": null, "amenity": "school" }, "geometry": { "type": "Point", "coordinates": [ 6.29619, 7.0872 ] } },
{ "type": "Feature", "properties": { "name": null, "amenity": "school" }, "geometry": { "type": "Point", "coordinates": [ 6.30468, 7.09712 ] } },
{ "type": "Feature", "properties": { "name": null, "amenity": "school" }, "geometry": { "type": "Point", "coordinates": [ 6.3018, 7.09782 ] } },
{ "type": "Feature", "properties": { "name": null, "amenity": "school" }, "geometry": { "type": "Point", "coordinates": [ 6.06915, 12.23032 ] } },
{ "type": "Feature", "properties": { "name": null, "amenity": "school" }, "geometry": { "type": "Point", "coordinates": [ 6.06756, 12.22193 ] } },
{ "type": "Feature", "properties": { "name": null, "amenity": "school" }, "geometry": { "type": "Point", "coordinates": [ 6.25371, 7.07085 ] } },
{ "type": "Feature", "properties": { "name": null, "amenity": "school" }, "geometry": { "type": "Point", "coordinates": [ 6.25039, 7.07315 ] } },
{ "type": "Feature", "properties": { "name": null, "amenity": "school" }, "geometry": { "type": "Point", "coordinates": [ 6.24962, 7.07335 ] } },
{ "type": "Feature", "properties": { "name": null, "amenity": "school" }, "geometry": { "type": "Point", "coordinates": [ 6.28005, 7.05878 ] } },
{ "type": "Feature", "properties": { "name": null, "amenity": "school" }, "geometry": { "type": "Point", "coordinates": [ 6.30276, 7.0513 ] } },
{ "type": "Feature", "properties": { "name": null, "amenity": "school" }, "geometry": { "type": "Point", "coordinates": [ 6.30363, 7.05237 ] } },
{ "type": "Feature", "properties": { "name": null, "amenity": "school" }, "geometry": { "type": "Point", "coordinates": [ 6.29212, 7.08992 ] } },
{ "type": "Feature", "properties": { "name": null, "amenity": "school" }, "geometry": { "type": "Point", "coordinates": [ 6.27849, 7.00941 ] } },
{ "type": "Feature", "properties": { "name": null, "amenity": "school" }, "geometry": { "type": "Point", "coordinates": [ 6.29633, 7.01178 ] } },
{ "type": "Feature", "properties": { "name": null, "amenity": "school" }, "geometry": { "type": "Point", "coordinates": [ 2.77235, 6.66835 ] } },
{ "type": "Feature", "properties": { "name": null, "amenity": "school" }, "geometry": { "type": "Point", "coordinates": [ 7.24043, 9.31058 ] } },
{ "type": "Feature", "properties": { "name": null, "amenity": "school" }, "geometry": { "type": "Point", "coordinates": [ 6.25711, 7.0611 ] } },
{ "type": "Feature", "properties": { "name": null, "amenity": "school" }, "geometry": { "type": "Point", "coordinates": [ 5.97683, 6.93646 ] } },
{ "type": "Feature", "properties": { "name": null, "amenity": "school" }, "geometry": { "type": "Point", "coordinates": [ 5.93639, 6.90641 ] } },
{ "type": "Feature", "properties": { "name": null, "amenity": "school" }, "geometry": { "type": "Point", "coordinates": [ 7.41186, 6.86812 ] } },
{ "type": "Feature", "properties": { "name": null, "amenity": "school" }, "geometry": { "type": "Point", "coordinates": [ 8.4245, 12.09127 ] } },
{ "type": "Feature", "properties": { "name": null, "amenity": "school" }, "geometry": { "type": "Point", "coordinates": [ 6.35403, 7.12518 ] } },
{ "type": "Feature", "properties": { "name": null, "amenity": "school" }, "geometry": { "type": "Point", "coordinates": [ 6.34739, 7.09481 ] } },
{ "type": "Feature", "properties": { "name": null, "amenity": "school" }, "geometry": { "type": "Point", "coordinates": [ 6.30397, 7.08542 ] } },
{ "type": "Feature", "properties": { "name": null, "amenity": "school" }, "geometry": { "type": "Point", "coordinates": [ 6.33506, 7.02615 ] } },
{ "type": "Feature", "properties": { "name": null, "amenity": "school" }, "geometry": { "type": "Point", "coordinates": [ 6.3145, 7.14122 ] } },
{ "type": "Feature", "properties": { "name": null, "amenity": "school" }, "geometry": { "type": "Point", "coordinates": [ 6.31644, 7.14177 ] } },
{ "type": "Feature", "properties": { "name": null, "amenity": "school" }, "geometry": { "type": "Point", "coordinates": [ 6.29476, 7.11288 ] } },
{ "type": "Feature", "properties": { "name": null, "amenity": "school" }, "geometry": { "type": "Point", "coordinates": [ 6.26903, 7.06751 ] } },
{ "type": "Feature", "properties": { "name": null, "amenity": "school" }, "geometry": { "type": "Point", "coordinates": [ 6.34292, 7.09629 ] } },
{ "type": "Feature", "properties": { "name": null, "amenity": "school" }, "geometry": { "type": "Point", "coordinates": [ 3.67338, 6.67089 ] } },
{ "type": "Feature", "properties": { "name": null, "amenity": "school" }, "geometry": { "type": "Point", "coordinates": [ 2.89999, 8.83847 ] } },
{ "type": "Feature", "properties": { "name": null, "amenity": "school" }, "geometry": { "type": "Point", "coordinates": [ 3.48504, 6.67997 ] } },
{ "type": "Feature", "properties": { "name": null, "amenity": "school" }, "geometry": { "type": "Point", "coordinates": [ 3.49217, 6.69176 ] } },
{ "type": "Feature", "properties": { "name": null, "amenity": "school" }, "geometry": { "type": "Point", "coordinates": [ 3.32686, 6.50721 ] } },
{ "type": "Feature", "properties": { "name": null, "amenity": "school" }, "geometry": { "type": "Point", "coordinates": [ 3.32867, 6.64106 ] } },
{ "type": "Feature", "properties": { "name": null, "amenity": "school" }, "geometry": { "type": "Point", "coordinates": [ 3.50632, 6.94865 ] } },
{ "type": "Feature", "properties": { "name": null, "amenity": "school" }, "geometry": { "type": "Point", "coordinates": [ 3.37462, 6.48386 ] } },
{ "type": "Feature", "properties": { "name": null, "amenity": "school" }, "geometry": { "type": "Point", "coordinates": [ 3.62403, 6.65958 ] } },
{ "type": "Feature", "properties": { "name": null, "amenity": "school" }, "geometry": { "type": "Point", "coordinates": [ 5.22911, 7.29095 ] } },
{ "type": "Feature", "properties": { "name": null, "amenity": "school" }, "geometry": { "type": "Point", "coordinates": [ 7.14074, 4.87948 ] } },
{ "type": "Feature", "properties": { "name": null, "amenity": "school" }, "geometry": { "type": "Point", "coordinates": [ 7.14239, 4.87421 ] } },
{ "type": "Feature", "properties": { "name": null, "amenity": "school" }, "geometry": { "type": "Point", "coordinates": [ 7.13777, 4.86449 ] } },
{ "type": "Feature", "properties": { "name": null, "amenity": "school" }, "geometry": { "type": "Point", "coordinates": [ 2.79357, 6.71398 ] } },
{ "type": "Feature", "properties": { "name": null, "amenity": "school" }, "geometry": { "type": "Point", "coordinates": [ 2.79324, 6.69781 ] } },
{ "type": "Feature", "properties": { "name": null, "amenity": "school" }, "geometry": { "type": "Point", "coordinates": [ 2.79066, 6.69088 ] } },
{ "type": "Feature", "properties": { "name": null, "amenity": "school" }, "geometry": { "type": "Point", "coordinates": [ 3.5044, 6.60242 ] } },
{ "type": "Feature", "properties": { "name": null, "amenity": "school" }, "geometry": { "type": "Point", "coordinates": [ 3.50965, 6.62189 ] } },
{ "type": "Feature", "properties": { "name": null, "amenity": "school" }, "geometry": { "type": "Point", "coordinates": [ 3.51106, 6.62281 ] } },
{ "type": "Feature", "properties": { "name": null, "amenity": "school" }, "geometry": { "type": "Point", "coordinates": [ 3.53345, 6.59369 ] } },
{ "type": "Feature", "properties": { "name": null, "amenity": "school" }, "geometry": { "type": "Point", "coordinates": [ 3.52075, 6.5932 ] } },
{ "type": "Feature", "properties": { "name": null, "amenity": "school" }, "geometry": { "type": "Point", "coordinates": [ 3.5101, 6.43315 ] } },
{ "type": "Feature", "properties": { "name": null, "amenity": "school" }, "geometry": { "type": "Point", "coordinates": [ 3.5223, 6.43357 ] } },
{ "type": "Feature", "properties": { "name": null, "amenity": "school" }, "geometry": { "type": "Point", "coordinates": [ 3.613, 6.45093 ] } },
{ "type": "Feature", "properties": { "name": null, "amenity": "school" }, "geometry": { "type": "Point", "coordinates": [ 2.9304, 9.05743 ] } },
{ "type": "Feature", "properties": { "name": null, "amenity": "school" }, "geometry": { "type": "Point", "coordinates": [ 3.33783, 6.52839 ] } },
{ "type": "Feature", "properties": { "name": null, "amenity": "school" }, "geometry": { "type": "Point", "coordinates": [ 3.33823, 6.52699 ] } },
{ "type": "Feature", "properties": { "name": null, "amenity": "school" }, "geometry": { "type": "Point", "coordinates": [ 3.35792, 6.51469 ] } },
{ "type": "Feature", "properties": { "name": null, "amenity": "school" }, "geometry": { "type": "Point", "coordinates": [ 3.35788, 6.51069 ] } },
{ "type": "Feature", "properties": { "name": null, "amenity": "school" }, "geometry": { "type": "Point", "coordinates": [ 3.35983, 6.50632 ] } },
{ "type": "Feature", "properties": { "name": null, "amenity": "school" }, "geometry": { "type": "Point", "coordinates": [ 3.36162, 6.50659 ] } },
{ "type": "Feature", "properties": { "name": null, "amenity": "school" }, "geometry": { "type": "Point", "coordinates": [ 3.3602, 6.50423 ] } },
{ "type": "Feature", "properties": { "name": null, "amenity": "school" }, "geometry": { "type": "Point", "coordinates": [ 3.35361, 6.61948 ] } },
{ "type": "Feature", "properties": { "name": null, "amenity": "school" }, "geometry": { "type": "Point", "coordinates": [ 3.3539, 6.62533 ] } },
{ "type": "Feature", "properties": { "name": null, "amenity": "school" }, "geometry": { "type": "Point", "coordinates": [ 3.89025, 6.48497 ] } },
{ "type": "Feature", "properties": { "name": null, "amenity": "school" }, "geometry": { "type": "Point", "coordinates": [ 3.8892, 6.48581 ] } },
{ "type": "Feature", "properties": { "name": null, "amenity": "school" }, "geometry": { "type": "Point", "coordinates": [ 3.38835, 6.49087 ] } },
{ "type": "Feature", "properties": { "name": null, "amenity": "school" }, "geometry": { "type": "Point", "coordinates": [ 3.38502, 6.47658 ] } },
{ "type": "Feature", "properties": { "name": null, "amenity": "school" }, "geometry": { "type": "Point", "coordinates": [ 3.36106, 6.55646 ] } },
{ "type": "Feature", "properties": { "name": null, "amenity": "school" }, "geometry": { "type": "Point", "coordinates": [ 3.34873, 6.52627 ] } },
{ "type": "Feature", "properties": { "name": null, "amenity": "school" }, "geometry": { "type": "Point", "coordinates": [ 3.14414, 6.46188 ] } },
{ "type": "Feature", "properties": { "name": null, "amenity": "school" }, "geometry": { "type": "Point", "coordinates": [ 3.36043, 6.50527 ] } },
{ "type": "Feature", "properties": { "name": null, "amenity": "school" }, "geometry": { "type": "Point", "coordinates": [ 3.36185, 6.48762 ] } },
{ "type": "Feature", "properties": { "name": null, "amenity": "school" }, "geometry": { "type": "Point", "coordinates": [ 3.35958, 6.49236 ] } },
{ "type": "Feature", "properties": { "name": null, "amenity": "school" }, "geometry": { "type": "Point", "coordinates": [ 3.34918, 6.51661 ] } },
{ "type": "Feature", "properties": { "name": null, "amenity": "school" }, "geometry": { "type": "Point", "coordinates": [ 3.3649, 6.50212 ] } },
{ "type": "Feature", "properties": { "name": null, "amenity": "school" }, "geometry": { "type": "Point", "coordinates": [ 3.36568, 6.50163 ] } },
{ "type": "Feature", "properties": { "name": null, "amenity": "school" }, "geometry": { "type": "Point", "coordinates": [ 3.35678, 6.50101 ] } },
{ "type": "Feature", "properties": { "name": null, "amenity": "school" }, "geometry": { "type": "Point", "coordinates": [ 3.36911, 6.52309 ] } },
{ "type": "Feature", "properties": { "name": null, "amenity": "school" }, "geometry": { "type": "Point", "coordinates": [ 3.36915, 6.52219 ] } },
{ "type": "Feature", "properties": { "name": null, "amenity": "school" }, "geometry": { "type": "Point", "coordinates": [ 3.38092, 6.51979 ] } },
{ "type": "Feature", "properties": { "name": null, "amenity": "school" }, "geometry": { "type": "Point", "coordinates": [ 3.37614, 6.54584 ] } },
{ "type": "Feature", "properties": { "name": null, "amenity": "school" }, "geometry": { "type": "Point", "coordinates": [ 3.19434, 6.4922 ] } },
{ "type": "Feature", "properties": { "name": null, "amenity": "school" }, "geometry": { "type": "Point", "coordinates": [ 3.19348, 6.49187 ] } },
{ "type": "Feature", "properties": { "name": null, "amenity": "school" }, "geometry": { "type": "Point", "coordinates": [ 3.28564, 6.67087 ] } },
{ "type": "Feature", "properties": { "name": null, "amenity": "school" }, "geometry": { "type": "Point", "coordinates": [ 3.32979, 6.66024 ] } },
{ "type": "Feature", "properties": { "name": null, "amenity": "school" }, "geometry": { "type": "Point", "coordinates": [ 3.51552, 6.63157 ] } },
{ "type": "Feature", "properties": { "name": null, "amenity": "school" }, "geometry": { "type": "Point", "coordinates": [ 3.46258, 6.66789 ] } },
{ "type": "Feature", "properties": { "name": null, "amenity": "school" }, "geometry": { "type": "Point", "coordinates": [ 3.45851, 6.65774 ] } },
{ "type": "Feature", "properties": { "name": null, "amenity": "school" }, "geometry": { "type": "Point", "coordinates": [ 3.49197, 6.60494 ] } },
{ "type": "Feature", "properties": { "name": null, "amenity": "school" }, "geometry": { "type": "Point", "coordinates": [ 3.6189, 6.4277 ] } },
{ "type": "Feature", "properties": { "name": null, "amenity": "school" }, "geometry": { "type": "Point", "coordinates": [ 3.63398, 6.42654 ] } },
{ "type": "Feature", "properties": { "name": null, "amenity": "school" }, "geometry": { "type": "Point", "coordinates": [ 3.33637, 6.5695 ] } },
{ "type": "Feature", "properties": { "name": null, "amenity": "school" }, "geometry": { "type": "Point", "coordinates": [ 3.33104, 6.65986 ] } },
{ "type": "Feature", "properties": { "name": null, "amenity": "school" }, "geometry": { "type": "Point", "coordinates": [ 3.26638, 6.68735 ] } },
{ "type": "Feature", "properties": { "name": null, "amenity": "school" }, "geometry": { "type": "Point", "coordinates": [ 3.28818, 6.70253 ] } },
{ "type": "Feature", "properties": { "name": null, "amenity": "school" }, "geometry": { "type": "Point", "coordinates": [ 3.38834, 6.60649 ] } },
{ "type": "Feature", "properties": { "name": null, "amenity": "school" }, "geometry": { "type": "Point", "coordinates": [ 3.38769, 6.60833 ] } },
{ "type": "Feature", "properties": { "name": null, "amenity": "school" }, "geometry": { "type": "Point", "coordinates": [ 3.39842, 6.60972 ] } },
{ "type": "Feature", "properties": { "name": null, "amenity": "school" }, "geometry": { "type": "Point", "coordinates": [ 3.36762, 6.59914 ] } },
{ "type": "Feature", "properties": { "name": null, "amenity": "school" }, "geometry": { "type": "Point", "coordinates": [ 3.36332, 6.58954 ] } },
{ "type": "Feature", "properties": { "name": null, "amenity": "school" }, "geometry": { "type": "Point", "coordinates": [ 3.35451, 6.59974 ] } },
{ "type": "Feature", "properties": { "name": null, "amenity": "school" }, "geometry": { "type": "Point", "coordinates": [ 3.40045, 6.58628 ] } },
{ "type": "Feature", "properties": { "name": null, "amenity": "school" }, "geometry": { "type": "Point", "coordinates": [ 3.39973, 6.59748 ] } },
{ "type": "Feature", "properties": { "name": null, "amenity": "school" }, "geometry": { "type": "Point", "coordinates": [ 3.69931, 6.47393 ] } },
{ "type": "Feature", "properties": { "name": null, "amenity": "school" }, "geometry": { "type": "Point", "coordinates": [ 3.32565, 6.51956 ] } },
{ "type": "Feature", "properties": { "name": null, "amenity": "school" }, "geometry": { "type": "Point", "coordinates": [ 3.38615, 6.6417 ] } },
{ "type": "Feature", "properties": { "name": null, "amenity": "school" }, "geometry": { "type": "Point", "coordinates": [ 3.36994, 6.53549 ] } },
{ "type": "Feature", "properties": { "name": null, "amenity": "school" }, "geometry": { "type": "Point", "coordinates": [ 3.32173, 6.51507 ] } },
{ "type": "Feature", "properties": { "name": null, "amenity": "school" }, "geometry": { "type": "Point", "coordinates": [ 3.32193, 6.51445 ] } },
{ "type": "Feature", "properties": { "name": null, "amenity": "school" }, "geometry": { "type": "Point", "coordinates": [ 3.40522, 6.54688 ] } },
{ "type": "Feature", "properties": { "name": null, "amenity": "school" }, "geometry": { "type": "Point", "coordinates": [ 3.40444, 6.54735 ] } },
{ "type": "Feature", "properties": { "name": null, "amenity": "school" }, "geometry": { "type": "Point", "coordinates": [ 3.19006, 6.80942 ] } },
{ "type": "Feature", "properties": { "name": null, "amenity": "school" }, "geometry": { "type": "Point", "coordinates": [ 3.19202, 6.80864 ] } },
{ "type": "Feature", "properties": { "name": null, "amenity": "school" }, "geometry": { "type": "Point", "coordinates": [ 3.37786, 6.56444 ] } },
{ "type": "Feature", "properties": { "name": null, "amenity": "school" }, "geometry": { "type": "Point", "coordinates": [ 3.37718, 6.56443 ] } },
{ "type": "Feature", "properties": { "name": null, "amenity": "school" }, "geometry": { "type": "Point", "coordinates": [ 3.37088, 6.56989 ] } },
{ "type": "Feature", "properties": { "name": null, "amenity": "school" }, "geometry": { "type": "Point", "coordinates": [ 3.36873, 6.5689 ] } },
{ "type": "Feature", "properties": { "name": null, "amenity": "school" }, "geometry": { "type": "Point", "coordinates": [ 3.36945, 6.56897 ] } },
{ "type": "Feature", "properties": { "name": null, "amenity": "school" }, "geometry": { "type": "Point", "coordinates": [ 3.37038, 6.56904 ] } },
{ "type": "Feature", "properties": { "name": null, "amenity": "school" }, "geometry": { "type": "Point", "coordinates": [ 3.38416, 6.55426 ] } },
{ "type": "Feature", "properties": { "name": null, "amenity": "school" }, "geometry": { "type": "Point", "coordinates": [ 3.37815, 6.58291 ] } },
{ "type": "Feature", "properties": { "name": null, "amenity": "school" }, "geometry": { "type": "Point", "coordinates": [ 3.37704, 6.58366 ] } },
{ "type": "Feature", "properties": { "name": null, "amenity": "school" }, "geometry": { "type": "Point", "coordinates": [ 3.3268, 6.53277 ] } },
{ "type": "Feature", "properties": { "name": null, "amenity": "school" }, "geometry": { "type": "Point", "coordinates": [ 3.32957, 6.44919 ] } },
{ "type": "Feature", "properties": { "name": null, "amenity": "school" }, "geometry": { "type": "Point", "coordinates": [ 3.3306, 6.44931 ] } },
{ "type": "Feature", "properties": { "name": null, "amenity": "school" }, "geometry": { "type": "Point", "coordinates": [ 3.34093, 6.57827 ] } },
{ "type": "Feature", "properties": { "name": null, "amenity": "school" }, "geometry": { "type": "Point", "coordinates": [ 3.34202, 6.57341 ] } },
{ "type": "Feature", "properties": { "name": null, "amenity": "school" }, "geometry": { "type": "Point", "coordinates": [ 3.34408, 6.56492 ] } },
{ "type": "Feature", "properties": { "name": null, "amenity": "school" }, "geometry": { "type": "Point", "coordinates": [ 3.34297, 6.56193 ] } },
{ "type": "Feature", "properties": { "name": null, "amenity": "school" }, "geometry": { "type": "Point", "coordinates": [ 3.34298, 6.5647 ] } },
{ "type": "Feature", "properties": { "name": null, "amenity": "school" }, "geometry": { "type": "Point", "coordinates": [ 3.34527, 6.56355 ] } },
{ "type": "Feature", "properties": { "name": null, "amenity": "school" }, "geometry": { "type": "Point", "coordinates": [ 3.34513, 6.56505 ] } },
{ "type": "Feature", "properties": { "name": null, "amenity": "school" }, "geometry": { "type": "Point", "coordinates": [ 3.343, 6.56324 ] } },
{ "type": "Feature", "properties": { "name": null, "amenity": "school" }, "geometry": { "type": "Point", "coordinates": [ 3.33482, 6.55847 ] } },
{ "type": "Feature", "properties": { "name": null, "amenity": "school" }, "geometry": { "type": "Point", "coordinates": [ 3.34082, 6.55699 ] } },
{ "type": "Feature", "properties": { "name": null, "amenity": "school" }, "geometry": { "type": "Point", "coordinates": [ 3.38216, 6.63532 ] } },
{ "type": "Feature", "properties": { "name": null, "amenity": "school" }, "geometry": { "type": "Point", "coordinates": [ 3.38106, 6.63462 ] } },
{ "type": "Feature", "properties": { "name": null, "amenity": "school" }, "geometry": { "type": "Point", "coordinates": [ 3.38148, 6.63586 ] } },
{ "type": "Feature", "properties": { "name": null, "amenity": "school" }, "geometry": { "type": "Point", "coordinates": [ 3.14128, 6.46663 ] } },
{ "type": "Feature", "properties": { "name": null, "amenity": "school" }, "geometry": { "type": "Point", "coordinates": [ 3.17922, 6.47295 ] } },
{ "type": "Feature", "properties": { "name": null, "amenity": "school" }, "geometry": { "type": "Point", "coordinates": [ 3.22854, 6.44582 ] } },
{ "type": "Feature", "properties": { "name": null, "amenity": "school" }, "geometry": { "type": "Point", "coordinates": [ 3.20635, 6.45855 ] } },
{ "type": "Feature", "properties": { "name": null, "amenity": "school" }, "geometry": { "type": "Point", "coordinates": [ 3.32215, 6.51381 ] } },
{ "type": "Feature", "properties": { "name": null, "amenity": "school" }, "geometry": { "type": "Point", "coordinates": [ 3.32308, 6.51566 ] } },
{ "type": "Feature", "properties": { "name": null, "amenity": "school" }, "geometry": { "type": "Point", "coordinates": [ 3.32167, 6.51724 ] } },
{ "type": "Feature", "properties": { "name": null, "amenity": "school" }, "geometry": { "type": "Point", "coordinates": [ 3.32096, 6.5178 ] } },
{ "type": "Feature", "properties": { "name": null, "amenity": "school" }, "geometry": { "type": "Point", "coordinates": [ 3.32271, 6.51714 ] } },
{ "type": "Feature", "properties": { "name": null, "amenity": "school" }, "geometry": { "type": "Point", "coordinates": [ 3.32383, 6.51834 ] } },
{ "type": "Feature", "properties": { "name": null, "amenity": "school" }, "geometry": { "type": "Point", "coordinates": [ 3.3231, 6.51946 ] } },
{ "type": "Feature", "properties": { "name": null, "amenity": "school" }, "geometry": { "type": "Point", "coordinates": [ 3.32217, 6.51961 ] } },
{ "type": "Feature", "properties": { "name": null, "amenity": "school" }, "geometry": { "type": "Point", "coordinates": [ 3.32303, 6.49789 ] } },
{ "type": "Feature", "properties": { "name": null, "amenity": "school" }, "geometry": { "type": "Point", "coordinates": [ 3.32742, 6.47095 ] } },
{ "type": "Feature", "properties": { "name": null, "amenity": "school" }, "geometry": { "type": "Point", "coordinates": [ 3.32788, 6.48413 ] } },
{ "type": "Feature", "properties": { "name": null, "amenity": "school" }, "geometry": { "type": "Point", "coordinates": [ 3.2983, 6.59811 ] } },
{ "type": "Feature", "properties": { "name": null, "amenity": "school" }, "geometry": { "type": "Point", "coordinates": [ 3.31223, 6.44413 ] } },
{ "type": "Feature", "properties": { "name": null, "amenity": "school" }, "geometry": { "type": "Point", "coordinates": [ 3.28058, 6.45648 ] } },
{ "type": "Feature", "properties": { "name": null, "amenity": "school" }, "geometry": { "type": "Point", "coordinates": [ 3.28111, 6.45728 ] } },
{ "type": "Feature", "properties": { "name": null, "amenity": "school" }, "geometry": { "type": "Point", "coordinates": [ 3.28358, 6.45672 ] } },
{ "type": "Feature", "properties": { "name": null, "amenity": "school" }, "geometry": { "type": "Point", "coordinates": [ 3.28488, 6.45755 ] } },
{ "type": "Feature", "properties": { "name": null, "amenity": "school" }, "geometry": { "type": "Point", "coordinates": [ 3.31394, 6.45757 ] } },
{ "type": "Feature", "properties": { "name": null, "amenity": "school" }, "geometry": { "type": "Point", "coordinates": [ 3.31254, 6.45744 ] } },
{ "type": "Feature", "properties": { "name": null, "amenity": "school" }, "geometry": { "type": "Point", "coordinates": [ 3.31116, 6.45739 ] } },
{ "type": "Feature", "properties": { "name": null, "amenity": "school" }, "geometry": { "type": "Point", "coordinates": [ 3.31048, 6.45851 ] } },
{ "type": "Feature", "properties": { "name": null, "amenity": "school" }, "geometry": { "type": "Point", "coordinates": [ 3.42466, 6.46202 ] } },
{ "type": "Feature", "properties": { "name": null, "amenity": "school" }, "geometry": { "type": "Point", "coordinates": [ 3.42401, 6.4627 ] } },
{ "type": "Feature", "properties": { "name": null, "amenity": "school" }, "geometry": { "type": "Point", "coordinates": [ 3.42582, 6.46216 ] } },
{ "type": "Feature", "properties": { "name": null, "amenity": "school" }, "geometry": { "type": "Point", "coordinates": [ 3.30418, 6.52718 ] } },
{ "type": "Feature", "properties": { "name": null, "amenity": "school" }, "geometry": { "type": "Point", "coordinates": [ 3.30146, 6.52637 ] } },
{ "type": "Feature", "properties": { "name": null, "amenity": "school" }, "geometry": { "type": "Point", "coordinates": [ 3.25994, 6.44817 ] } },
{ "type": "Feature", "properties": { "name": null, "amenity": "school" }, "geometry": { "type": "Point", "coordinates": [ 3.1585, 6.45411 ] } },
{ "type": "Feature", "properties": { "name": null, "amenity": "school" }, "geometry": { "type": "Point", "coordinates": [ 3.33313, 6.45377 ] } },
{ "type": "Feature", "properties": { "name": null, "amenity": "school" }, "geometry": { "type": "Point", "coordinates": [ 3.32646, 6.45438 ] } },
{ "type": "Feature", "properties": { "name": null, "amenity": "school" }, "geometry": { "type": "Point", "coordinates": [ 3.27173, 6.47374 ] } },
{ "type": "Feature", "properties": { "name": null, "amenity": "school" }, "geometry": { "type": "Point", "coordinates": [ 3.27611, 6.46315 ] } },
{ "type": "Feature", "properties": { "name": null, "amenity": "school" }, "geometry": { "type": "Point", "coordinates": [ 2.94158, 6.41552 ] } },
{ "type": "Feature", "properties": { "name": null, "amenity": "school" }, "geometry": { "type": "Point", "coordinates": [ 7.65931, 12.87591 ] } },
{ "type": "Feature", "properties": { "name": null, "amenity": "school" }, "geometry": { "type": "Point", "coordinates": [ 3.34157, 6.63078 ] } },
{ "type": "Feature", "properties": { "name": null, "amenity": "school" }, "geometry": { "type": "Point", "coordinates": [ 3.20024, 6.45783 ] } },
{ "type": "Feature", "properties": { "name": null, "amenity": "school" }, "geometry": { "type": "Point", "coordinates": [ 3.21799, 6.45349 ] } },
{ "type": "Feature", "properties": { "name": null, "amenity": "school" }, "geometry": { "type": "Point", "coordinates": [ 3.56429, 6.4694 ] } },
{ "type": "Feature", "properties": { "name": null, "amenity": "school" }, "geometry": { "type": "Point", "coordinates": [ 3.63594, 6.47295 ] } },
{ "type": "Feature", "properties": { "name": null, "amenity": "school" }, "geometry": { "type": "Point", "coordinates": [ 3.61334, 6.51078 ] } },
{ "type": "Feature", "properties": { "name": null, "amenity": "school" }, "geometry": { "type": "Point", "coordinates": [ 3.34094, 6.46505 ] } },
{ "type": "Feature", "properties": { "name": null, "amenity": "school" }, "geometry": { "type": "Point", "coordinates": [ 3.34357, 6.45695 ] } },
{ "type": "Feature", "properties": { "name": null, "amenity": "school" }, "geometry": { "type": "Point", "coordinates": [ 3.33853, 6.46228 ] } },
{ "type": "Feature", "properties": { "name": null, "amenity": "school" }, "geometry": { "type": "Point", "coordinates": [ 3.39153, 6.56132 ] } },
{ "type": "Feature", "properties": { "name": null, "amenity": "school" }, "geometry": { "type": "Point", "coordinates": [ 8.166, 9.43663 ] } },
{ "type": "Feature", "properties": { "name": null, "amenity": "school" }, "geometry": { "type": "Point", "coordinates": [ 8.16611, 9.43678 ] } },
{ "type": "Feature", "properties": { "name": null, "amenity": "school" }, "geometry": { "type": "Point", "coordinates": [ 8.16621, 9.43693 ] } },
{ "type": "Feature", "properties": { "name": null, "amenity": "school" }, "geometry": { "type": "Point", "coordinates": [ 8.16633, 9.43709 ] } },
{ "type": "Feature", "properties": { "name": null, "amenity": "school" }, "geometry": { "type": "Point", "coordinates": [ 7.08347, 4.7404 ] } },
{ "type": "Feature", "properties": { "name": null, "amenity": "school" }, "geometry": { "type": "Point", "coordinates": [ 7.07866, 4.74361 ] } },
{ "type": "Feature", "properties": { "name": null, "amenity": "school" }, "geometry": { "type": "Point", "coordinates": [ 7.08151, 4.76104 ] } },
{ "type": "Feature", "properties": { "name": null, "amenity": "school" }, "geometry": { "type": "Point", "coordinates": [ 6.99192, 4.90477 ] } },
{ "type": "Feature", "properties": { "name": null, "amenity": "school" }, "geometry": { "type": "Point", "coordinates": [ 7.08175, 4.74595 ] } },
{ "type": "Feature", "properties": { "name": null, "amenity": "school" }, "geometry": { "type": "Point", "coordinates": [ 3.22177, 6.58824 ] } },
{ "type": "Feature", "properties": { "name": null, "amenity": "school" }, "geometry": { "type": "Point", "coordinates": [ 3.38415, 6.59912 ] } },
{ "type": "Feature", "properties": { "name": null, "amenity": "school" }, "geometry": { "type": "Point", "coordinates": [ 3.28416, 6.45572 ] } },
{ "type": "Feature", "properties": { "name": null, "amenity": "school" }, "geometry": { "type": "Point", "coordinates": [ 3.33849, 6.44928 ] } },
{ "type": "Feature", "properties": { "name": null, "amenity": "school" }, "geometry": { "type": "Point", "coordinates": [ 3.34287, 6.45057 ] } },
{ "type": "Feature", "properties": { "name": null, "amenity": "school" }, "geometry": { "type": "Point", "coordinates": [ 3.34193, 6.45045 ] } },
{ "type": "Feature", "properties": { "name": null, "amenity": "school" }, "geometry": { "type": "Point", "coordinates": [ 3.34075, 6.45016 ] } },
{ "type": "Feature", "properties": { "name": null, "amenity": "school" }, "geometry": { "type": "Point", "coordinates": [ 2.77497, 8.86402 ] } },
{ "type": "Feature", "properties": { "name": null, "amenity": "school" }, "geometry": { "type": "Point", "coordinates": [ 7.07354, 4.75538 ] } },
{ "type": "Feature", "properties": { "name": null, "amenity": "school" }, "geometry": { "type": "Point", "coordinates": [ 6.8681, 4.73396 ] } },
{ "type": "Feature", "properties": { "name": null, "amenity": "school" }, "geometry": { "type": "Point", "coordinates": [ 8.65382, 12.50713 ] } },
{ "type": "Feature", "properties": { "name": null, "amenity": "school" }, "geometry": { "type": "Point", "coordinates": [ 8.81088, 11.19867 ] } },
{ "type": "Feature", "properties": { "name": null, "amenity": "school" }, "geometry": { "type": "Point", "coordinates": [ 7.02579, 4.79218 ] } },
{ "type": "Feature", "properties": { "name": null, "amenity": "school" }, "geometry": { "type": "Point", "coordinates": [ 7.02508, 4.79154 ] } },
{ "type": "Feature", "properties": { "name": null, "amenity": "school" }, "geometry": { "type": "Point", "coordinates": [ 7.00696, 4.84783 ] } },
{ "type": "Feature", "properties": { "name": null, "amenity": "school" }, "geometry": { "type": "Point", "coordinates": [ 7.00782, 4.83665 ] } },
{ "type": "Feature", "properties": { "name": null, "amenity": "school" }, "geometry": { "type": "Point", "coordinates": [ 7.03102, 4.79921 ] } },
{ "type": "Feature", "properties": { "name": null, "amenity": "school" }, "geometry": { "type": "Point", "coordinates": [ 7.01829, 4.80323 ] } },
{ "type": "Feature", "properties": { "name": null, "amenity": "school" }, "geometry": { "type": "Point", "coordinates": [ 6.99605, 4.79186 ] } },
{ "type": "Feature", "properties": { "name": null, "amenity": "school" }, "geometry": { "type": "Point", "coordinates": [ 7.08668, 4.7396 ] } },
{ "type": "Feature", "properties": { "name": null, "amenity": "school" }, "geometry": { "type": "Point", "coordinates": [ 7.0844, 4.7382 ] } },
{ "type": "Feature", "properties": { "name": null, "amenity": "school" }, "geometry": { "type": "Point", "coordinates": [ 3.26289, 6.54397 ] } },
{ "type": "Feature", "properties": { "name": null, "amenity": "school" }, "geometry": { "type": "Point", "coordinates": [ 3.1226, 6.4766 ] } },
{ "type": "Feature", "properties": { "name": null, "amenity": "school" }, "geometry": { "type": "Point", "coordinates": [ 3.35944, 6.55483 ] } },
{ "type": "Feature", "properties": { "name": null, "amenity": "school" }, "geometry": { "type": "Point", "coordinates": [ 3.345, 6.55402 ] } },
{ "type": "Feature", "properties": { "name": null, "amenity": "school" }, "geometry": { "type": "Point", "coordinates": [ 3.31239, 6.6159 ] } },
{ "type": "Feature", "properties": { "name": null, "amenity": "school" }, "geometry": { "type": "Point", "coordinates": [ 3.3487, 6.6119 ] } },
{ "type": "Feature", "properties": { "name": null, "amenity": "school" }, "geometry": { "type": "Point", "coordinates": [ 3.37962, 6.60006 ] } },
{ "type": "Feature", "properties": { "name": null, "amenity": "school" }, "geometry": { "type": "Point", "coordinates": [ 3.32837, 6.47191 ] } },
{ "type": "Feature", "properties": { "name": null, "amenity": "school" }, "geometry": { "type": "Point", "coordinates": [ 3.10146, 6.50466 ] } },
{ "type": "Feature", "properties": { "name": null, "amenity": "school" }, "geometry": { "type": "Point", "coordinates": [ 7.01702, 4.76378 ] } },
{ "type": "Feature", "properties": { "name": null, "amenity": "school" }, "geometry": { "type": "Point", "coordinates": [ 7.01714, 4.76229 ] } },
{ "type": "Feature", "properties": { "name": null, "amenity": "school" }, "geometry": { "type": "Point", "coordinates": [ 7.02316, 4.76317 ] } },
{ "type": "Feature", "properties": { "name": null, "amenity": "school" }, "geometry": { "type": "Point", "coordinates": [ 7.03902, 4.82876 ] } },
{ "type": "Feature", "properties": { "name": null, "amenity": "school" }, "geometry": { "type": "Point", "coordinates": [ 7.06107, 4.7769 ] } },
{ "type": "Feature", "properties": { "name": null, "amenity": "school" }, "geometry": { "type": "Point", "coordinates": [ 7.41488, 4.48305 ] } },
{ "type": "Feature", "properties": { "name": null, "amenity": "school" }, "geometry": { "type": "Point", "coordinates": [ 3.37289, 6.52899 ] } },
{ "type": "Feature", "properties": { "name": null, "amenity": "school" }, "geometry": { "type": "Point", "coordinates": [ 3.37367, 6.52755 ] } },
{ "type": "Feature", "properties": { "name": null, "amenity": "school" }, "geometry": { "type": "Point", "coordinates": [ 3.3729, 6.52726 ] } },
{ "type": "Feature", "properties": { "name": null, "amenity": "school" }, "geometry": { "type": "Point", "coordinates": [ 7.67997, 9.17215 ] } },
{ "type": "Feature", "properties": { "name": null, "amenity": "school" }, "geometry": { "type": "Point", "coordinates": [ 7.68792, 9.17315 ] } },
{ "type": "Feature", "properties": { "name": null, "amenity": "school" }, "geometry": { "type": "Point", "coordinates": [ 7.62728, 9.19253 ] } },
{ "type": "Feature", "properties": { "name": null, "amenity": "school" }, "geometry": { "type": "Point", "coordinates": [ 3.24759, 6.55066 ] } },
{ "type": "Feature", "properties": { "name": null, "amenity": "school" }, "geometry": { "type": "Point", "coordinates": [ 3.24947, 6.55319 ] } },
{ "type": "Feature", "properties": { "name": null, "amenity": "school" }, "geometry": { "type": "Point", "coordinates": [ 3.26537, 6.5451 ] } },
{ "type": "Feature", "properties": { "name": null, "amenity": "school" }, "geometry": { "type": "Point", "coordinates": [ 7.62488, 9.20073 ] } },
{ "type": "Feature", "properties": { "name": null, "amenity": "school" }, "geometry": { "type": "Point", "coordinates": [ 3.26697, 6.55358 ] } },
{ "type": "Feature", "properties": { "name": null, "amenity": "school" }, "geometry": { "type": "Point", "coordinates": [ 7.4881, 4.56488 ] } },
{ "type": "Feature", "properties": { "name": null, "amenity": "school" }, "geometry": { "type": "Point", "coordinates": [ 7.435, 4.48083 ] } },
{ "type": "Feature", "properties": { "name": null, "amenity": "school" }, "geometry": { "type": "Point", "coordinates": [ 3.32899, 6.61834 ] } },
{ "type": "Feature", "properties": { "name": null, "amenity": "school" }, "geometry": { "type": "Point", "coordinates": [ 3.67043, 6.66161 ] } },
{ "type": "Feature", "properties": { "name": null, "amenity": "school" }, "geometry": { "type": "Point", "coordinates": [ 7.22685, 4.70182 ] } },
{ "type": "Feature", "properties": { "name": null, "amenity": "school" }, "geometry": { "type": "Point", "coordinates": [ 7.22906, 4.70748 ] } },
{ "type": "Feature", "properties": { "name": null, "amenity": "school" }, "geometry": { "type": "Point", "coordinates": [ 3.37644, 6.52764 ] } },
{ "type": "Feature", "properties": { "name": null, "amenity": "school" }, "geometry": { "type": "Point", "coordinates": [ 3.28148, 6.60632 ] } },
{ "type": "Feature", "properties": { "name": null, "amenity": "school" }, "geometry": { "type": "Point", "coordinates": [ 3.29112, 6.5227 ] } },
{ "type": "Feature", "properties": { "name": null, "amenity": "school" }, "geometry": { "type": "Point", "coordinates": [ 3.27767, 6.51518 ] } },
{ "type": "Feature", "properties": { "name": null, "amenity": "school" }, "geometry": { "type": "Point", "coordinates": [ 3.39671, 6.59328 ] } },
{ "type": "Feature", "properties": { "name": null, "amenity": "school" }, "geometry": { "type": "Point", "coordinates": [ 3.39461, 6.60033 ] } },
{ "type": "Feature", "properties": { "name": null, "amenity": "school" }, "geometry": { "type": "Point", "coordinates": [ 3.37267, 6.63731 ] } },
{ "type": "Feature", "properties": { "name": null, "amenity": "school" }, "geometry": { "type": "Point", "coordinates": [ 3.37669, 6.62976 ] } },
{ "type": "Feature", "properties": { "name": null, "amenity": "school" }, "geometry": { "type": "Point", "coordinates": [ 7.54233, 4.49681 ] } },
{ "type": "Feature", "properties": { "name": null, "amenity": "school" }, "geometry": { "type": "Point", "coordinates": [ 7.53358, 4.49295 ] } },
{ "type": "Feature", "properties": { "name": null, "amenity": "school" }, "geometry": { "type": "Point", "coordinates": [ 7.53896, 4.50975 ] } },
{ "type": "Feature", "properties": { "name": null, "amenity": "school" }, "geometry": { "type": "Point", "coordinates": [ 7.47, 4.54653 ] } },
{ "type": "Feature", "properties": { "name": null, "amenity": "school" }, "geometry": { "type": "Point", "coordinates": [ 7.39773, 4.48293 ] } },
{ "type": "Feature", "properties": { "name": null, "amenity": "school" }, "geometry": { "type": "Point", "coordinates": [ 7.40574, 4.48536 ] } },
{ "type": "Feature", "properties": { "name": null, "amenity": "college" }, "geometry": { "type": "Point", "coordinates": [ 7.22658, 4.73628 ] } },
{ "type": "Feature", "properties": { "name": null, "amenity": "school" }, "geometry": { "type": "Point", "coordinates": [ 3.38694, 6.53122 ] } },
{ "type": "Feature", "properties": { "name": null, "amenity": "school" }, "geometry": { "type": "Point", "coordinates": [ 3.39016, 6.53503 ] } },
{ "type": "Feature", "properties": { "name": null, "amenity": "school" }, "geometry": { "type": "Point", "coordinates": [ 3.38855, 6.55375 ] } },
{ "type": "Feature", "properties": { "name": null, "amenity": "university" }, "geometry": { "type": "Point", "coordinates": [ 7.15225, 4.76726 ] } },
{ "type": "Feature", "properties": { "name": null, "amenity": "school" }, "geometry": { "type": "Point", "coordinates": [ 7.56731, 4.48416 ] } },
{ "type": "Feature", "properties": { "name": null, "amenity": "school" }, "geometry": { "type": "Point", "coordinates": [ 7.5782, 4.47144 ] } },
{ "type": "Feature", "properties": { "name": null, "amenity": "school" }, "geometry": { "type": "Point", "coordinates": [ 3.67297, 10.27708 ] } },
{ "type": "Feature", "properties": { "name": null, "amenity": "school" }, "geometry": { "type": "Point", "coordinates": [ 7.27418, 4.62789 ] } },
{ "type": "Feature", "properties": { "name": null, "amenity": "school" }, "geometry": { "type": "Point", "coordinates": [ 7.25015, 4.71931 ] } },
{ "type": "Feature", "properties": { "name": null, "amenity": "school" }, "geometry": { "type": "Point", "coordinates": [ 7.24024, 4.72752 ] } },
{ "type": "Feature", "properties": { "name": null, "amenity": "school" }, "geometry": { "type": "Point", "coordinates": [ 3.87501, 10.64156 ] } },
{ "type": "Feature", "properties": { "name": null, "amenity": "school" }, "geometry": { "type": "Point", "coordinates": [ 7.33807, 4.45804 ] } },
{ "type": "Feature", "properties": { "name": null, "amenity": "school" }, "geometry": { "type": "Point", "coordinates": [ 7.18188, 4.75292 ] } },
{ "type": "Feature", "properties": { "name": null, "amenity": "school" }, "geometry": { "type": "Point", "coordinates": [ 7.0706, 4.75957 ] } },
{ "type": "Feature", "properties": { "name": null, "amenity": "school" }, "geometry": { "type": "Point", "coordinates": [ 4.31859, 7.90819 ] } },
{ "type": "Feature", "properties": { "name": null, "amenity": "school" }, "geometry": { "type": "Point", "coordinates": [ 4.31695, 7.88739 ] } },
{ "type": "Feature", "properties": { "name": null, "amenity": "school" }, "geometry": { "type": "Point", "coordinates": [ 4.31595, 7.88608 ] } },
{ "type": "Feature", "properties": { "name": null, "amenity": "school" }, "geometry": { "type": "Point", "coordinates": [ 4.31581, 7.88797 ] } },
{ "type": "Feature", "properties": { "name": null, "amenity": "school" }, "geometry": { "type": "Point", "coordinates": [ 4.31682, 7.88803 ] } },
{ "type": "Feature", "properties": { "name": null, "amenity": "school" }, "geometry": { "type": "Point", "coordinates": [ 4.31766, 7.88504 ] } },
{ "type": "Feature", "properties": { "name": null, "amenity": "school" }, "geometry": { "type": "Point", "coordinates": [ 4.3198, 7.90934 ] } },
{ "type": "Feature", "properties": { "name": null, "amenity": "school" }, "geometry": { "type": "Point", "coordinates": [ 4.31638, 7.90791 ] } },
{ "type": "Feature", "properties": { "name": null, "amenity": "school" }, "geometry": { "type": "Point", "coordinates": [ 4.28221, 6.78611 ] } },
{ "type": "Feature", "properties": { "name": null, "amenity": "school" }, "geometry": { "type": "Point", "coordinates": [ 7.23207, 4.7466 ] } },
{ "type": "Feature", "properties": { "name": null, "amenity": "school" }, "geometry": { "type": "Point", "coordinates": [ 7.2301, 4.73007 ] } },
{ "type": "Feature", "properties": { "name": null, "amenity": "school" }, "geometry": { "type": "Point", "coordinates": [ 7.22486, 4.74068 ] } },
{ "type": "Feature", "properties": { "name": null, "amenity": "school" }, "geometry": { "type": "Point", "coordinates": [ 7.21933, 4.74168 ] } },
{ "type": "Feature", "properties": { "name": null, "amenity": "school" }, "geometry": { "type": "Point", "coordinates": [ 7.21532, 4.74205 ] } },
{ "type": "Feature", "properties": { "name": null, "amenity": "school" }, "geometry": { "type": "Point", "coordinates": [ 7.20182, 4.75075 ] } },
{ "type": "Feature", "properties": { "name": null, "amenity": "school" }, "geometry": { "type": "Point", "coordinates": [ 7.20301, 4.74396 ] } },
{ "type": "Feature", "properties": { "name": null, "amenity": "school" }, "geometry": { "type": "Point", "coordinates": [ 6.5309, 9.63425 ] } },
{ "type": "Feature", "properties": { "name": null, "amenity": "school" }, "geometry": { "type": "Point", "coordinates": [ 6.23819, 8.54408 ] } },
{ "type": "Feature", "properties": { "name": null, "amenity": "school" }, "geometry": { "type": "Point", "coordinates": [ 6.23846, 8.53654 ] } },
{ "type": "Feature", "properties": { "name": null, "amenity": "school" }, "geometry": { "type": "Point", "coordinates": [ 6.21508, 8.63359 ] } },
{ "type": "Feature", "properties": { "name": null, "amenity": "school" }, "geometry": { "type": "Point", "coordinates": [ 6.43119, 8.58373 ] } },
{ "type": "Feature", "properties": { "name": null, "amenity": "school" }, "geometry": { "type": "Point", "coordinates": [ 6.29272, 8.58164 ] } },
{ "type": "Feature", "properties": { "name": null, "amenity": "school" }, "geometry": { "type": "Point", "coordinates": [ 6.91265, 4.91058 ] } },
{ "type": "Feature", "properties": { "name": null, "amenity": "university" }, "geometry": { "type": "Point", "coordinates": [ 6.91689, 4.89301 ] } },
{ "type": "Feature", "properties": { "name": null, "amenity": "school" }, "geometry": { "type": "Point", "coordinates": [ 4.27689, 6.78516 ] } },
{ "type": "Feature", "properties": { "name": null, "amenity": "school" }, "geometry": { "type": "Point", "coordinates": [ 4.27524, 6.7849 ] } },
{ "type": "Feature", "properties": { "name": null, "amenity": "school" }, "geometry": { "type": "Point", "coordinates": [ 4.28083, 6.78722 ] } },
{ "type": "Feature", "properties": { "name": null, "amenity": "school" }, "geometry": { "type": "Point", "coordinates": [ 4.21172, 6.84719 ] } },
{ "type": "Feature", "properties": { "name": null, "amenity": "college" }, "geometry": { "type": "Point", "coordinates": [ 4.21323, 6.84948 ] } },
{ "type": "Feature", "properties": { "name": null, "amenity": "school" }, "geometry": { "type": "Point", "coordinates": [ 13.10806, 11.82438 ] } },
{ "type": "Feature", "properties": { "name": null, "amenity": "school" }, "geometry": { "type": "Point", "coordinates": [ 4.32045, 7.89472 ] } },
{ "type": "Feature", "properties": { "name": null, "amenity": "school" }, "geometry": { "type": "Point", "coordinates": [ 8.96491, 12.64348 ] } },
{ "type": "Feature", "properties": { "name": null, "amenity": "school" }, "geometry": { "type": "Point", "coordinates": [ 4.47747, 10.59036 ] } },
{ "type": "Feature", "properties": { "name": null, "amenity": "university" }, "geometry": { "type": "Point", "coordinates": [ 7.41434, 10.52334 ] } },
{ "type": "Feature", "properties": { "name": null, "amenity": "school" }, "geometry": { "type": "Point", "coordinates": [ 6.96168, 6.24359 ] } },
{ "type": "Feature", "properties": { "name": null, "amenity": "school" }, "geometry": { "type": "Point", "coordinates": [ 6.96199, 6.24366 ] } },
{ "type": "Feature", "properties": { "name": null, "amenity": "school" }, "geometry": { "type": "Point", "coordinates": [ 11.09569, 11.72946 ] } },
{ "type": "Feature", "properties": { "name": null, "amenity": "school" }, "geometry": { "type": "Point", "coordinates": [ 3.73034, 11.158 ] } },
{ "type": "Feature", "properties": { "name": null, "amenity": "school" }, "geometry": { "type": "Point", "coordinates": [ 7.54993, 8.94414 ] } },
{ "type": "Feature", "properties": { "name": null, "amenity": "school" }, "geometry": { "type": "Point", "coordinates": [ 5.98576, 9.08873 ] } },
{ "type": "Feature", "properties": { "name": null, "amenity": "school" }, "geometry": { "type": "Point", "coordinates": [ 13.16673, 11.82779 ] } },
{ "type": "Feature", "properties": { "name": null, "amenity": "school" }, "geometry": { "type": "Point", "coordinates": [ 13.1564, 11.8323 ] } },
{ "type": "Feature", "properties": { "name": null, "amenity": "school" }, "geometry": { "type": "Point", "coordinates": [ 13.15304, 11.82985 ] } },
{ "type": "Feature", "properties": { "name": null, "amenity": "school" }, "geometry": { "type": "Point", "coordinates": [ 13.12047, 11.83204 ] } },
{ "type": "Feature", "properties": { "name": null, "amenity": "school" }, "geometry": { "type": "Point", "coordinates": [ 6.31049, 8.84741 ] } },
{ "type": "Feature", "properties": { "name": null, "amenity": "school" }, "geometry": { "type": "Point", "coordinates": [ 4.51637, 13.27389 ] } },
{ "type": "Feature", "properties": { "name": null, "amenity": "school" }, "geometry": { "type": "Point", "coordinates": [ 13.90638, 11.52513 ] } },
{ "type": "Feature", "properties": { "name": null, "amenity": "school" }, "geometry": { "type": "Point", "coordinates": [ 13.32285, 10.19247 ] } },
{ "type": "Feature", "properties": { "name": null, "amenity": "school" }, "geometry": { "type": "Point", "coordinates": [ 13.28628, 10.21015 ] } },
{ "type": "Feature", "properties": { "name": null, "amenity": "school" }, "geometry": { "type": "Point", "coordinates": [ 7.1028, 5.88578 ] } },
{ "type": "Feature", "properties": { "name": null, "amenity": "school" }, "geometry": { "type": "Point", "coordinates": [ 12.16936, 10.62066 ] } },
{ "type": "Feature", "properties": { "name": null, "amenity": "school" }, "geometry": { "type": "Point", "coordinates": [ 8.54995, 9.09223 ] } },
{ "type": "Feature", "properties": { "name": null, "amenity": "school" }, "geometry": { "type": "Point", "coordinates": [ 4.4631, 10.53907 ] } },
{ "type": "Feature", "properties": { "name": null, "amenity": "school" }, "geometry": { "type": "Point", "coordinates": [ 4.40525, 10.63462 ] } },
{ "type": "Feature", "properties": { "name": null, "amenity": "school" }, "geometry": { "type": "Point", "coordinates": [ 8.12067, 7.17812 ] } },
{ "type": "Feature", "properties": { "name": null, "amenity": "school" }, "geometry": { "type": "Point", "coordinates": [ 14.18537, 12.3416 ] } },
{ "type": "Feature", "properties": { "name": null, "amenity": "school" }, "geometry": { "type": "Point", "coordinates": [ 13.30783, 10.19595 ] } },
{ "type": "Feature", "properties": { "name": null, "amenity": "school" }, "geometry": { "type": "Point", "coordinates": [ 4.17798, 7.35211 ] } },
{ "type": "Feature", "properties": { "name": null, "amenity": "school" }, "geometry": { "type": "Point", "coordinates": [ 4.76635, 7.94303 ] } },
{ "type": "Feature", "properties": { "name": null, "amenity": "school" }, "geometry": { "type": "Point", "coordinates": [ 4.76453, 7.9427 ] } },
{ "type": "Feature", "properties": { "name": null, "amenity": "school" }, "geometry": { "type": "Point", "coordinates": [ 13.9361, 12.42455 ] } },
{ "type": "Feature", "properties": { "name": null, "amenity": "school" }, "geometry": { "type": "Point", "coordinates": [ 14.18582, 12.49235 ] } },
{ "type": "Feature", "properties": { "name": null, "amenity": "school" }, "geometry": { "type": "Point", "coordinates": [ 14.17886, 12.48223 ] } },
{ "type": "Feature", "properties": { "name": null, "amenity": "school" }, "geometry": { "type": "Point", "coordinates": [ 11.59159, 13.29598 ] } },
{ "type": "Feature", "properties": { "name": null, "amenity": "school" }, "geometry": { "type": "Point", "coordinates": [ 8.89091, 9.53825 ] } },
{ "type": "Feature", "properties": { "name": null, "amenity": "school" }, "geometry": { "type": "Point", "coordinates": [ 8.88145, 9.54672 ] } },
{ "type": "Feature", "properties": { "name": null, "amenity": "school" }, "geometry": { "type": "Point", "coordinates": [ 13.6901, 12.71689 ] } },
{ "type": "Feature", "properties": { "name": null, "amenity": "school" }, "geometry": { "type": "Point", "coordinates": [ 13.84694, 12.85968 ] } },
{ "type": "Feature", "properties": { "name": null, "amenity": "school" }, "geometry": { "type": "Point", "coordinates": [ 13.85996, 13.11642 ] } },
{ "type": "Feature", "properties": { "name": null, "amenity": "school" }, "geometry": { "type": "Point", "coordinates": [ 13.69138, 12.43306 ] } },
{ "type": "Feature", "properties": { "name": null, "amenity": "school" }, "geometry": { "type": "Point", "coordinates": [ 5.99882, 11.8667 ] } },
{ "type": "Feature", "properties": { "name": null, "amenity": "school" }, "geometry": { "type": "Point", "coordinates": [ 10.19106, 9.6986 ] } },
{ "type": "Feature", "properties": { "name": null, "amenity": "school" }, "geometry": { "type": "Point", "coordinates": [ 9.87986, 10.31552 ] } },
{ "type": "Feature", "properties": { "name": null, "amenity": "school" }, "geometry": { "type": "Point", "coordinates": [ 14.11694, 12.07283 ] } },
{ "type": "Feature", "properties": { "name": null, "amenity": "college" }, "geometry": { "type": "Point", "coordinates": [ 5.63123, 6.38393 ] } },
{ "type": "Feature", "properties": { "name": null, "amenity": "school" }, "geometry": { "type": "Point", "coordinates": [ 8.50562, 12.01959 ] } },
{ "type": "Feature", "properties": { "name": null, "amenity": "school" }, "geometry": { "type": "Point", "coordinates": [ 11.17134, 10.26073 ] } },
{ "type": "Feature", "properties": { "name": null, "amenity": "school" }, "geometry": { "type": "Point", "coordinates": [ 8.42733, 11.96577 ] } },
{ "type": "Feature", "properties": { "name": null, "amenity": "school" }, "geometry": { "type": "Point", "coordinates": [ 8.42239, 11.97548 ] } },
{ "type": "Feature", "properties": { "name": null, "amenity": "school" }, "geometry": { "type": "Point", "coordinates": [ 8.42363, 11.97288 ] } },
{ "type": "Feature", "properties": { "name": null, "amenity": "school" }, "geometry": { "type": "Point", "coordinates": [ 8.47263, 12.05254 ] } },
{ "type": "Feature", "properties": { "name": null, "amenity": "school" }, "geometry": { "type": "Point", "coordinates": [ 8.5382, 12.01896 ] } },
{ "type": "Feature", "properties": { "name": null, "amenity": "school" }, "geometry": { "type": "Point", "coordinates": [ 8.53835, 12.01895 ] } },
{ "type": "Feature", "properties": { "name": null, "amenity": "school" }, "geometry": { "type": "Point", "coordinates": [ 8.42845, 11.96604 ] } },
{ "type": "Feature", "properties": { "name": null, "amenity": "school" }, "geometry": { "type": "Point", "coordinates": [ 4.39124, 11.89892 ] } },
{ "type": "Feature", "properties": { "name": null, "amenity": "school" }, "geometry": { "type": "Point", "coordinates": [ 10.18116, 11.68634 ] } },
{ "type": "Feature", "properties": { "name": null, "amenity": "school" }, "geometry": { "type": "Point", "coordinates": [ 14.14734, 12.76318 ] } },
{ "type": "Feature", "properties": { "name": null, "amenity": "school" }, "geometry": { "type": "Point", "coordinates": [ 13.2833, 10.59979 ] } },
{ "type": "Feature", "properties": { "name": null, "amenity": "school" }, "geometry": { "type": "Point", "coordinates": [ 13.3434, 13.61935 ] } },
{ "type": "Feature", "properties": { "name": null, "amenity": "school" }, "geometry": { "type": "Point", "coordinates": [ 8.12942, 6.30963 ] } },
{ "type": "Feature", "properties": { "name": null, "amenity": "school" }, "geometry": { "type": "Point", "coordinates": [ 11.17388, 10.308 ] } },
{ "type": "Feature", "properties": { "name": null, "amenity": "school" }, "geometry": { "type": "Point", "coordinates": [ 8.47344, 11.96607 ] } },
{ "type": "Feature", "properties": { "name": null, "amenity": "school" }, "geometry": { "type": "Point", "coordinates": [ 8.87984, 9.92983 ] } },
{ "type": "Feature", "properties": { "name": null, "amenity": "school" }, "geometry": { "type": "Point", "coordinates": [ 5.40379, 6.73974 ] } },
{ "type": "Feature", "properties": { "name": null, "amenity": "college" }, "geometry": { "type": "Point", "coordinates": [ 5.63102, 6.38321 ] } },
{ "type": "Feature", "properties": { "name": null, "amenity": "college" }, "geometry": { "type": "Point", "coordinates": [ 5.63077, 6.38396 ] } },
{ "type": "Feature", "properties": { "name": null, "amenity": "college" }, "geometry": { "type": "Point", "coordinates": [ 5.63037, 6.3837 ] } },
{ "type": "Feature", "properties": { "name": null, "amenity": "college" }, "geometry": { "type": "Point", "coordinates": [ 5.63048, 6.38454 ] } },
{ "type": "Feature", "properties": { "name": null, "amenity": "college" }, "geometry": { "type": "Point", "coordinates": [ 5.63081, 6.38487 ] } },
{ "type": "Feature", "properties": { "name": null, "amenity": "college" }, "geometry": { "type": "Point", "coordinates": [ 5.6301, 6.38422 ] } },
{ "type": "Feature", "properties": { "name": null, "amenity": "school" }, "geometry": { "type": "Point", "coordinates": [ 5.63569, 6.38372 ] } },
{ "type": "Feature", "properties": { "name": null, "amenity": "school" }, "geometry": { "type": "Point", "coordinates": [ 5.63361, 6.3838 ] } },
{ "type": "Feature", "properties": { "name": null, "amenity": "school" }, "geometry": { "type": "Point", "coordinates": [ 5.634, 6.38425 ] } },
{ "type": "Feature", "properties": { "name": null, "amenity": "college" }, "geometry": { "type": "Point", "coordinates": [ 5.63147, 6.38358 ] } },
{ "type": "Feature", "properties": { "name": null, "amenity": "college" }, "geometry": { "type": "Point", "coordinates": [ 5.63073, 6.3835 ] } },
{ "type": "Feature", "properties": { "name": null, "amenity": "school" }, "geometry": { "type": "Point", "coordinates": [ 8.90844, 11.34985 ] } },
{ "type": "Feature", "properties": { "name": null, "amenity": "school" }, "geometry": { "type": "Point", "coordinates": [ 8.11419, 8.00664 ] } },
{ "type": "Feature", "properties": { "name": null, "amenity": "kindergarten" }, "geometry": { "type": "Point", "coordinates": [ 8.12019, 8.01503 ] } },
{ "type": "Feature", "properties": { "name": null, "amenity": "school" }, "geometry": { "type": "Point", "coordinates": [ 8.11997, 8.01509 ] } },
{ "type": "Feature", "properties": { "name": null, "amenity": "school" }, "geometry": { "type": "Point", "coordinates": [ 8.12063, 8.00435 ] } },
{ "type": "Feature", "properties": { "name": null, "amenity": "school" }, "geometry": { "type": "Point", "coordinates": [ 8.11968, 8.01458 ] } },
{ "type": "Feature", "properties": { "name": null, "amenity": "school" }, "geometry": { "type": "Point", "coordinates": [ 8.11669, 8.0121 ] } },
{ "type": "Feature", "properties": { "name": null, "amenity": "school" }, "geometry": { "type": "Point", "coordinates": [ 9.18259, 12.74371 ] } },
{ "type": "Feature", "properties": { "name": null, "amenity": "school" }, "geometry": { "type": "Point", "coordinates": [ 9.18115, 12.74672 ] } },
{ "type": "Feature", "properties": { "name": null, "amenity": "school" }, "geometry": { "type": "Point", "coordinates": [ 9.18233, 12.74363 ] } },
{ "type": "Feature", "properties": { "name": null, "amenity": "school" }, "geometry": { "type": "Point", "coordinates": [ 8.79105, 11.35872 ] } },
{ "type": "Feature", "properties": { "name": null, "amenity": "school" }, "geometry": { "type": "Point", "coordinates": [ 8.79101, 11.35832 ] } },
{ "type": "Feature", "properties": { "name": null, "amenity": "school" }, "geometry": { "type": "Point", "coordinates": [ 8.79238, 11.35922 ] } },
{ "type": "Feature", "properties": { "name": null, "amenity": "school" }, "geometry": { "type": "Point", "coordinates": [ 5.41801, 13.28952 ] } },
{ "type": "Feature", "properties": { "name": null, "amenity": "school" }, "geometry": { "type": "Point", "coordinates": [ 6.90947, 4.90896 ] } },
{ "type": "Feature", "properties": { "name": null, "amenity": "school" }, "geometry": { "type": "Point", "coordinates": [ 11.17858, 10.29561 ] } },
{ "type": "Feature", "properties": { "name": null, "amenity": "school" }, "geometry": { "type": "Point", "coordinates": [ 9.5441, 11.84228 ] } },
{ "type": "Feature", "properties": { "name": null, "amenity": "school" }, "geometry": { "type": "Point", "coordinates": [ 8.79038, 11.35859 ] } },
{ "type": "Feature", "properties": { "name": null, "amenity": "school" }, "geometry": { "type": "Point", "coordinates": [ 8.591, 11.36506 ] } },
{ "type": "Feature", "properties": { "name": null, "amenity": "school" }, "geometry": { "type": "Point", "coordinates": [ 8.59205, 11.36576 ] } },
{ "type": "Feature", "properties": { "name": null, "amenity": "school" }, "geometry": { "type": "Point", "coordinates": [ 8.73965, 11.28767 ] } },
{ "type": "Feature", "properties": { "name": null, "amenity": "school" }, "geometry": { "type": "Point", "coordinates": [ 8.72934, 11.2781 ] } },
{ "type": "Feature", "properties": { "name": null, "amenity": "school" }, "geometry": { "type": "Point", "coordinates": [ 8.73288, 11.27808 ] } },
{ "type": "Feature", "properties": { "name": null, "amenity": "school" }, "geometry": { "type": "Point", "coordinates": [ 8.72897, 11.27817 ] } },
{ "type": "Feature", "properties": { "name": null, "amenity": "school" }, "geometry": { "type": "Point", "coordinates": [ 8.73074, 11.27877 ] } },
{ "type": "Feature", "properties": { "name": null, "amenity": "school" }, "geometry": { "type": "Point", "coordinates": [ 8.73177, 11.27936 ] } },
{ "type": "Feature", "properties": { "name": null, "amenity": "school" }, "geometry": { "type": "Point", "coordinates": [ 8.73185, 11.2784 ] } },
{ "type": "Feature", "properties": { "name": null, "amenity": "school" }, "geometry": { "type": "Point", "coordinates": [ 8.74022, 11.29253 ] } },
{ "type": "Feature", "properties": { "name": null, "amenity": "school" }, "geometry": { "type": "Point", "coordinates": [ 8.73985, 11.29247 ] } },
{ "type": "Feature", "properties": { "name": null, "amenity": "school" }, "geometry": { "type": "Point", "coordinates": [ 8.60173, 11.36623 ] } },
{ "type": "Feature", "properties": { "name": null, "amenity": "school" }, "geometry": { "type": "Point", "coordinates": [ 8.7673, 11.33414 ] } },
{ "type": "Feature", "properties": { "name": null, "amenity": "school" }, "geometry": { "type": "Point", "coordinates": [ 8.7681, 11.3339 ] } },
{ "type": "Feature", "properties": { "name": null, "amenity": "school" }, "geometry": { "type": "Point", "coordinates": [ 8.75623, 8.74683 ] } },
{ "type": "Feature", "properties": { "name": null, "amenity": "school" }, "geometry": { "type": "Point", "coordinates": [ 8.90657, 11.3512 ] } },
{ "type": "Feature", "properties": { "name": null, "amenity": "school" }, "geometry": { "type": "Point", "coordinates": [ 8.57364, 11.35339 ] } },
{ "type": "Feature", "properties": { "name": null, "amenity": "school" }, "geometry": { "type": "Point", "coordinates": [ 8.7331, 11.33976 ] } },
{ "type": "Feature", "properties": { "name": null, "amenity": "school" }, "geometry": { "type": "Point", "coordinates": [ 8.60344, 11.37125 ] } },
{ "type": "Feature", "properties": { "name": null, "amenity": "school" }, "geometry": { "type": "Point", "coordinates": [ 8.0732, 11.53793 ] } },
{ "type": "Feature", "properties": { "name": null, "amenity": "school" }, "geometry": { "type": "Point", "coordinates": [ 9.68048, 12.00669 ] } },
{ "type": "Feature", "properties": { "name": null, "amenity": "school" }, "geometry": { "type": "Point", "coordinates": [ 9.68171, 12.00448 ] } },
{ "type": "Feature", "properties": { "name": null, "amenity": "school" }, "geometry": { "type": "Point", "coordinates": [ 9.68195, 12.00469 ] } },
{ "type": "Feature", "properties": { "name": null, "amenity": "school" }, "geometry": { "type": "Point", "coordinates": [ 8.81161, 12.33899 ] } },
{ "type": "Feature", "properties": { "name": null, "amenity": "school" }, "geometry": { "type": "Point", "coordinates": [ 9.06268, 12.30874 ] } },
{ "type": "Feature", "properties": { "name": null, "amenity": "school" }, "geometry": { "type": "Point", "coordinates": [ 10.40164, 12.63254 ] } },
{ "type": "Feature", "properties": { "name": null, "amenity": "school" }, "geometry": { "type": "Point", "coordinates": [ 10.40356, 12.63066 ] } },
{ "type": "Feature", "properties": { "name": null, "amenity": "school" }, "geometry": { "type": "Point", "coordinates": [ 10.40371, 12.63121 ] } },
{ "type": "Feature", "properties": { "name": null, "amenity": "school" }, "geometry": { "type": "Point", "coordinates": [ 9.54557, 11.84447 ] } },
{ "type": "Feature", "properties": { "name": null, "amenity": "school" }, "geometry": { "type": "Point", "coordinates": [ 9.85548, 12.06997 ] } },
{ "type": "Feature", "properties": { "name": null, "amenity": "school" }, "geometry": { "type": "Point", "coordinates": [ 8.73698, 8.69298 ] } },
{ "type": "Feature", "properties": { "name": null, "amenity": "school" }, "geometry": { "type": "Point", "coordinates": [ 9.54691, 11.84323 ] } },
{ "type": "Feature", "properties": { "name": null, "amenity": "school" }, "geometry": { "type": "Point", "coordinates": [ 9.05458, 12.41706 ] } },
{ "type": "Feature", "properties": { "name": null, "amenity": "school" }, "geometry": { "type": "Point", "coordinates": [ 9.05408, 12.4172 ] } },
{ "type": "Feature", "properties": { "name": null, "amenity": "school" }, "geometry": { "type": "Point", "coordinates": [ 8.81517, 12.64144 ] } },
{ "type": "Feature", "properties": { "name": null, "amenity": "school" }, "geometry": { "type": "Point", "coordinates": [ 9.14416, 12.61206 ] } },
{ "type": "Feature", "properties": { "name": null, "amenity": "school" }, "geometry": { "type": "Point", "coordinates": [ 9.14338, 12.61189 ] } },
{ "type": "Feature", "properties": { "name": null, "amenity": "school" }, "geometry": { "type": "Point", "coordinates": [ 9.53365, 12.00096 ] } },
{ "type": "Feature", "properties": { "name": null, "amenity": "school" }, "geometry": { "type": "Point", "coordinates": [ 9.11078, 12.55907 ] } },
{ "type": "Feature", "properties": { "name": null, "amenity": "school" }, "geometry": { "type": "Point", "coordinates": [ 9.11093, 12.55883 ] } },
{ "type": "Feature", "properties": { "name": null, "amenity": "kindergarten" }, "geometry": { "type": "Point", "coordinates": [ 8.75515, 8.75436 ] } },
{ "type": "Feature", "properties": { "name": null, "amenity": "school" }, "geometry": { "type": "Point", "coordinates": [ 8.75375, 8.76035 ] } },
{ "type": "Feature", "properties": { "name": null, "amenity": "school" }, "geometry": { "type": "Point", "coordinates": [ 8.79813, 8.76501 ] } },
{ "type": "Feature", "properties": { "name": null, "amenity": "school" }, "geometry": { "type": "Point", "coordinates": [ 8.75669, 8.74505 ] } },
{ "type": "Feature", "properties": { "name": null, "amenity": "school" }, "geometry": { "type": "Point", "coordinates": [ 8.26322, 8.14629 ] } },
{ "type": "Feature", "properties": { "name": null, "amenity": "school" }, "geometry": { "type": "Point", "coordinates": [ 8.26481, 8.14509 ] } },
{ "type": "Feature", "properties": { "name": null, "amenity": "school" }, "geometry": { "type": "Point", "coordinates": [ 8.76477, 8.67797 ] } },
{ "type": "Feature", "properties": { "name": null, "amenity": "school" }, "geometry": { "type": "Point", "coordinates": [ 8.76469, 8.68065 ] } },
{ "type": "Feature", "properties": { "name": null, "amenity": "school" }, "geometry": { "type": "Point", "coordinates": [ 8.76443, 8.67909 ] } },
{ "type": "Feature", "properties": { "name": null, "amenity": "school" }, "geometry": { "type": "Point", "coordinates": [ 8.68305, 8.67862 ] } },
{ "type": "Feature", "properties": { "name": null, "amenity": "kindergarten" }, "geometry": { "type": "Point", "coordinates": [ 8.68426, 8.68057 ] } },
{ "type": "Feature", "properties": { "name": null, "amenity": "school" }, "geometry": { "type": "Point", "coordinates": [ 8.8098, 8.69122 ] } },
{ "type": "Feature", "properties": { "name": null, "amenity": "school" }, "geometry": { "type": "Point", "coordinates": [ 8.80749, 8.68812 ] } },
{ "type": "Feature", "properties": { "name": null, "amenity": "school" }, "geometry": { "type": "Point", "coordinates": [ 8.80114, 8.6934 ] } },
{ "type": "Feature", "properties": { "name": null, "amenity": "school" }, "geometry": { "type": "Point", "coordinates": [ 8.80124, 8.69419 ] } },
{ "type": "Feature", "properties": { "name": null, "amenity": "school" }, "geometry": { "type": "Point", "coordinates": [ 8.80951, 8.69053 ] } },
{ "type": "Feature", "properties": { "name": null, "amenity": "school" }, "geometry": { "type": "Point", "coordinates": [ 8.80243, 8.69191 ] } },
{ "type": "Feature", "properties": { "name": null, "amenity": "school" }, "geometry": { "type": "Point", "coordinates": [ 8.80152, 8.69043 ] } },
{ "type": "Feature", "properties": { "name": null, "amenity": "school" }, "geometry": { "type": "Point", "coordinates": [ 8.79911, 8.69277 ] } },
{ "type": "Feature", "properties": { "name": null, "amenity": "school" }, "geometry": { "type": "Point", "coordinates": [ 8.79863, 8.69291 ] } },
{ "type": "Feature", "properties": { "name": null, "amenity": "school" }, "geometry": { "type": "Point", "coordinates": [ 8.67923, 8.63147 ] } },
{ "type": "Feature", "properties": { "name": null, "amenity": "school" }, "geometry": { "type": "Point", "coordinates": [ 8.23859, 8.4325 ] } },
{ "type": "Feature", "properties": { "name": null, "amenity": "school" }, "geometry": { "type": "Point", "coordinates": [ 8.23739, 8.43268 ] } },
{ "type": "Feature", "properties": { "name": null, "amenity": "school" }, "geometry": { "type": "Point", "coordinates": [ 8.23699, 8.43133 ] } },
{ "type": "Feature", "properties": { "name": null, "amenity": "school" }, "geometry": { "type": "Point", "coordinates": [ 8.239, 8.43228 ] } },
{ "type": "Feature", "properties": { "name": null, "amenity": "school" }, "geometry": { "type": "Point", "coordinates": [ 8.23618, 8.4318 ] } },
{ "type": "Feature", "properties": { "name": null, "amenity": "school" }, "geometry": { "type": "Point", "coordinates": [ 9.06134, 8.43172 ] } },
{ "type": "Feature", "properties": { "name": null, "amenity": "kindergarten" }, "geometry": { "type": "Point", "coordinates": [ 9.0615, 8.43185 ] } },
{ "type": "Feature", "properties": { "name": null, "amenity": "school" }, "geometry": { "type": "Point", "coordinates": [ 9.06167, 8.43181 ] } },
{ "type": "Feature", "properties": { "name": null, "amenity": "school" }, "geometry": { "type": "Point", "coordinates": [ 9.11286, 8.39785 ] } },
{ "type": "Feature", "properties": { "name": null, "amenity": "school" }, "geometry": { "type": "Point", "coordinates": [ 8.31615, 8.52481 ] } },
{ "type": "Feature", "properties": { "name": null, "amenity": "school" }, "geometry": { "type": "Point", "coordinates": [ 8.05962, 7.96726 ] } },
{ "type": "Feature", "properties": { "name": null, "amenity": "school" }, "geometry": { "type": "Point", "coordinates": [ 8.05772, 7.96554 ] } },
{ "type": "Feature", "properties": { "name": null, "amenity": "school" }, "geometry": { "type": "Point", "coordinates": [ 8.07475, 7.94718 ] } },
{ "type": "Feature", "properties": { "name": null, "amenity": "school" }, "geometry": { "type": "Point", "coordinates": [ 8.07596, 7.93835 ] } },
{ "type": "Feature", "properties": { "name": null, "amenity": "school" }, "geometry": { "type": "Point", "coordinates": [ 9.09968, 8.43503 ] } },
{ "type": "Feature", "properties": { "name": null, "amenity": "school" }, "geometry": { "type": "Point", "coordinates": [ 9.09968, 8.43521 ] } },
{ "type": "Feature", "properties": { "name": null, "amenity": "school" }, "geometry": { "type": "Point", "coordinates": [ 9.10014, 8.43594 ] } },
{ "type": "Feature", "properties": { "name": null, "amenity": "school" }, "geometry": { "type": "Point", "coordinates": [ 3.25047, 8.34062 ] } },
{ "type": "Feature", "properties": { "name": null, "amenity": "school" }, "geometry": { "type": "Point", "coordinates": [ 3.25055, 8.34448 ] } },
{ "type": "Feature", "properties": { "name": null, "amenity": "school" }, "geometry": { "type": "Point", "coordinates": [ 3.66095, 8.51497 ] } },
{ "type": "Feature", "properties": { "name": null, "amenity": "school" }, "geometry": { "type": "Point", "coordinates": [ 3.00888, 8.47576 ] } },
{ "type": "Feature", "properties": { "name": null, "amenity": "school" }, "geometry": { "type": "Point", "coordinates": [ 3.23486, 8.33117 ] } },
{ "type": "Feature", "properties": { "name": null, "amenity": "school" }, "geometry": { "type": "Point", "coordinates": [ 3.33473, 7.69422 ] } },
{ "type": "Feature", "properties": { "name": null, "amenity": "school" }, "geometry": { "type": "Point", "coordinates": [ 8.87089, 9.12391 ] } },
{ "type": "Feature", "properties": { "name": null, "amenity": "kindergarten" }, "geometry": { "type": "Point", "coordinates": [ 8.87317, 9.12333 ] } },
{ "type": "Feature", "properties": { "name": null, "amenity": "school" }, "geometry": { "type": "Point", "coordinates": [ 9.13537, 8.55022 ] } },
{ "type": "Feature", "properties": { "name": null, "amenity": "school" }, "geometry": { "type": "Point", "coordinates": [ 9.13645, 8.54918 ] } },
{ "type": "Feature", "properties": { "name": null, "amenity": "school" }, "geometry": { "type": "Point", "coordinates": [ 9.13797, 8.55209 ] } },
{ "type": "Feature", "properties": { "name": null, "amenity": "school" }, "geometry": { "type": "Point", "coordinates": [ 9.13781, 8.55279 ] } },
{ "type": "Feature", "properties": { "name": null, "amenity": "school" }, "geometry": { "type": "Point", "coordinates": [ 9.11911, 9.30737 ] } },
{ "type": "Feature", "properties": { "name": null, "amenity": "school" }, "geometry": { "type": "Point", "coordinates": [ 9.12027, 9.30989 ] } },
{ "type": "Feature", "properties": { "name": null, "amenity": "school" }, "geometry": { "type": "Point", "coordinates": [ 9.08594, 9.676 ] } },
{ "type": "Feature", "properties": { "name": null, "amenity": "school" }, "geometry": { "type": "Point", "coordinates": [ 9.08593, 9.67565 ] } },
{ "type": "Feature", "properties": { "name": null, "amenity": "school" }, "geometry": { "type": "Point", "coordinates": [ 8.68299, 10.01187 ] } },
{ "type": "Feature", "properties": { "name": null, "amenity": "school" }, "geometry": { "type": "Point", "coordinates": [ 9.10865, 9.39065 ] } },
{ "type": "Feature", "properties": { "name": null, "amenity": "school" }, "geometry": { "type": "Point", "coordinates": [ 10.22889, 9.5336 ] } },
{ "type": "Feature", "properties": { "name": null, "amenity": "kindergarten" }, "geometry": { "type": "Point", "coordinates": [ 10.22885, 9.53348 ] } },
{ "type": "Feature", "properties": { "name": null, "amenity": "school" }, "geometry": { "type": "Point", "coordinates": [ 10.22906, 9.5335 ] } },
{ "type": "Feature", "properties": { "name": null, "amenity": "school" }, "geometry": { "type": "Point", "coordinates": [ 10.31688, 9.50056 ] } },
{ "type": "Feature", "properties": { "name": null, "amenity": "school" }, "geometry": { "type": "Point", "coordinates": [ 9.00334, 9.67302 ] } },
{ "type": "Feature", "properties": { "name": null, "amenity": "school" }, "geometry": { "type": "Point", "coordinates": [ 9.0036, 9.67675 ] } },
{ "type": "Feature", "properties": { "name": null, "amenity": "school" }, "geometry": { "type": "Point", "coordinates": [ 9.00744, 9.67385 ] } },
{ "type": "Feature", "properties": { "name": null, "amenity": "school" }, "geometry": { "type": "Point", "coordinates": [ 9.00289, 9.67311 ] } },
{ "type": "Feature", "properties": { "name": null, "amenity": "school" }, "geometry": { "type": "Point", "coordinates": [ 9.0034, 9.67352 ] } },
{ "type": "Feature", "properties": { "name": null, "amenity": "school" }, "geometry": { "type": "Point", "coordinates": [ 9.00427, 9.6798 ] } },
{ "type": "Feature", "properties": { "name": null, "amenity": "school" }, "geometry": { "type": "Point", "coordinates": [ 9.06146, 9.66413 ] } },
{ "type": "Feature", "properties": { "name": null, "amenity": "school" }, "geometry": { "type": "Point", "coordinates": [ 9.09978, 8.43573 ] } },
{ "type": "Feature", "properties": { "name": null, "amenity": "school" }, "geometry": { "type": "Point", "coordinates": [ 9.06091, 9.66152 ] } },
{ "type": "Feature", "properties": { "name": null, "amenity": "school" }, "geometry": { "type": "Point", "coordinates": [ 9.15132, 9.67836 ] } },
{ "type": "Feature", "properties": { "name": null, "amenity": "school" }, "geometry": { "type": "Point", "coordinates": [ 9.15431, 9.68056 ] } },
{ "type": "Feature", "properties": { "name": null, "amenity": "school" }, "geometry": { "type": "Point", "coordinates": [ 9.15355, 9.67688 ] } },
{ "type": "Feature", "properties": { "name": null, "amenity": "school" }, "geometry": { "type": "Point", "coordinates": [ 9.09792, 9.42609 ] } },
{ "type": "Feature", "properties": { "name": null, "amenity": "school" }, "geometry": { "type": "Point", "coordinates": [ 9.09833, 9.42733 ] } },
{ "type": "Feature", "properties": { "name": null, "amenity": "school" }, "geometry": { "type": "Point", "coordinates": [ 9.09966, 9.43142 ] } },
{ "type": "Feature", "properties": { "name": null, "amenity": "school" }, "geometry": { "type": "Point", "coordinates": [ 9.09249, 9.42324 ] } },
{ "type": "Feature", "properties": { "name": null, "amenity": "school" }, "geometry": { "type": "Point", "coordinates": [ 9.10516, 9.43435 ] } },
{ "type": "Feature", "properties": { "name": null, "amenity": "school" }, "geometry": { "type": "Point", "coordinates": [ 8.96312, 8.63505 ] } },
{ "type": "Feature", "properties": { "name": null, "amenity": "school" }, "geometry": { "type": "Point", "coordinates": [ 8.9831, 8.64339 ] } },
{ "type": "Feature", "properties": { "name": null, "amenity": "school" }, "geometry": { "type": "Point", "coordinates": [ 8.98295, 8.64346 ] } },
{ "type": "Feature", "properties": { "name": null, "amenity": "school" }, "geometry": { "type": "Point", "coordinates": [ 9.07291, 9.62647 ] } },
{ "type": "Feature", "properties": { "name": null, "amenity": "school" }, "geometry": { "type": "Point", "coordinates": [ 9.07459, 9.62772 ] } },
{ "type": "Feature", "properties": { "name": null, "amenity": "school" }, "geometry": { "type": "Point", "coordinates": [ 9.0737, 9.62594 ] } },
{ "type": "Feature", "properties": { "name": null, "amenity": "school" }, "geometry": { "type": "Point", "coordinates": [ 9.12049, 9.30977 ] } },
{ "type": "Feature", "properties": { "name": null, "amenity": "school" }, "geometry": { "type": "Point", "coordinates": [ 10.09169, 9.49561 ] } },
{ "type": "Feature", "properties": { "name": null, "amenity": "school" }, "geometry": { "type": "Point", "coordinates": [ 10.09515, 9.49903 ] } },
{ "type": "Feature", "properties": { "name": null, "amenity": "school" }, "geometry": { "type": "Point", "coordinates": [ 9.00126, 8.5387 ] } },
{ "type": "Feature", "properties": { "name": null, "amenity": "school" }, "geometry": { "type": "Point", "coordinates": [ 10.10065, 9.47824 ] } },
{ "type": "Feature", "properties": { "name": null, "amenity": "school" }, "geometry": { "type": "Point", "coordinates": [ 10.22039, 9.466 ] } },
{ "type": "Feature", "properties": { "name": null, "amenity": "school" }, "geometry": { "type": "Point", "coordinates": [ 10.14488, 9.48783 ] } },
{ "type": "Feature", "properties": { "name": null, "amenity": "school" }, "geometry": { "type": "Point", "coordinates": [ 9.09172, 9.28752 ] } },
{ "type": "Feature", "properties": { "name": null, "amenity": "school" }, "geometry": { "type": "Point", "coordinates": [ 10.17077, 9.48265 ] } },
{ "type": "Feature", "properties": { "name": null, "amenity": "school" }, "geometry": { "type": "Point", "coordinates": [ 10.17059, 9.48258 ] } },
{ "type": "Feature", "properties": { "name": null, "amenity": "school" }, "geometry": { "type": "Point", "coordinates": [ 10.22031, 9.46771 ] } },
{ "type": "Feature", "properties": { "name": null, "amenity": "kindergarten" }, "geometry": { "type": "Point", "coordinates": [ 10.11294, 9.50387 ] } },
{ "type": "Feature", "properties": { "name": null, "amenity": "school" }, "geometry": { "type": "Point", "coordinates": [ 9.10533, 9.43543 ] } },
{ "type": "Feature", "properties": { "name": null, "amenity": "school" }, "geometry": { "type": "Point", "coordinates": [ 9.13731, 9.34791 ] } },
{ "type": "Feature", "properties": { "name": null, "amenity": "school" }, "geometry": { "type": "Point", "coordinates": [ 10.48329, 12.63353 ] } },
{ "type": "Feature", "properties": { "name": null, "amenity": "school" }, "geometry": { "type": "Point", "coordinates": [ 9.06497, 9.66298 ] } },
{ "type": "Feature", "properties": { "name": null, "amenity": "school" }, "geometry": { "type": "Point", "coordinates": [ 8.9167, 12.28311 ] } },
{ "type": "Feature", "properties": { "name": null, "amenity": "school" }, "geometry": { "type": "Point", "coordinates": [ 8.91592, 12.28171 ] } },
{ "type": "Feature", "properties": { "name": null, "amenity": "school" }, "geometry": { "type": "Point", "coordinates": [ 8.9167, 12.28014 ] } },
{ "type": "Feature", "properties": { "name": null, "amenity": "school" }, "geometry": { "type": "Point", "coordinates": [ 9.44213, 12.22088 ] } },
{ "type": "Feature", "properties": { "name": null, "amenity": "school" }, "geometry": { "type": "Point", "coordinates": [ 9.44059, 12.22335 ] } },
{ "type": "Feature", "properties": { "name": null, "amenity": "school" }, "geometry": { "type": "Point", "coordinates": [ 9.43528, 12.22085 ] } },
{ "type": "Feature", "properties": { "name": null, "amenity": "school" }, "geometry": { "type": "Point", "coordinates": [ 8.92861, 12.2267 ] } },
{ "type": "Feature", "properties": { "name": null, "amenity": "school" }, "geometry": { "type": "Point", "coordinates": [ 8.92918, 12.22973 ] } },
{ "type": "Feature", "properties": { "name": null, "amenity": "school" }, "geometry": { "type": "Point", "coordinates": [ 8.91887, 12.27972 ] } },
{ "type": "Feature", "properties": { "name": null, "amenity": "school" }, "geometry": { "type": "Point", "coordinates": [ 8.91926, 12.28221 ] } },
{ "type": "Feature", "properties": { "name": null, "amenity": "school" }, "geometry": { "type": "Point", "coordinates": [ 9.44171, 12.14326 ] } },
{ "type": "Feature", "properties": { "name": null, "amenity": "school" }, "geometry": { "type": "Point", "coordinates": [ 9.43872, 12.14127 ] } },
{ "type": "Feature", "properties": { "name": null, "amenity": "school" }, "geometry": { "type": "Point", "coordinates": [ 9.44278, 12.14294 ] } },
{ "type": "Feature", "properties": { "name": null, "amenity": "school" }, "geometry": { "type": "Point", "coordinates": [ 9.44369, 12.14266 ] } },
{ "type": "Feature", "properties": { "name": null, "amenity": "school" }, "geometry": { "type": "Point", "coordinates": [ 10.09993, 9.49993 ] } },
{ "type": "Feature", "properties": { "name": null, "amenity": "school" }, "geometry": { "type": "Point", "coordinates": [ 10.096, 9.49763 ] } },
{ "type": "Feature", "properties": { "name": null, "amenity": "school" }, "geometry": { "type": "Point", "coordinates": [ 9.58324, 11.6702 ] } },
{ "type": "Feature", "properties": { "name": null, "amenity": "school" }, "geometry": { "type": "Point", "coordinates": [ 9.44474, 12.13195 ] } },
{ "type": "Feature", "properties": { "name": null, "amenity": "school" }, "geometry": { "type": "Point", "coordinates": [ 9.44463, 12.12902 ] } },
{ "type": "Feature", "properties": { "name": null, "amenity": "school" }, "geometry": { "type": "Point", "coordinates": [ 9.60729, 7.71083 ] } },
{ "type": "Feature", "properties": { "name": null, "amenity": "school" }, "geometry": { "type": "Point", "coordinates": [ 9.60712, 7.71182 ] } },
{ "type": "Feature", "properties": { "name": null, "amenity": "school" }, "geometry": { "type": "Point", "coordinates": [ 9.78065, 7.56769 ] } },
{ "type": "Feature", "properties": { "name": null, "amenity": "school" }, "geometry": { "type": "Point", "coordinates": [ 9.78157, 7.56943 ] } },
{ "type": "Feature", "properties": { "name": null, "amenity": "school" }, "geometry": { "type": "Point", "coordinates": [ 9.78232, 7.56911 ] } },
{ "type": "Feature", "properties": { "name": null, "amenity": "kindergarten" }, "geometry": { "type": "Point", "coordinates": [ 8.27232, 7.1522 ] } },
{ "type": "Feature", "properties": { "name": null, "amenity": "school" }, "geometry": { "type": "Point", "coordinates": [ 8.27197, 7.15143 ] } },
{ "type": "Feature", "properties": { "name": null, "amenity": "school" }, "geometry": { "type": "Point", "coordinates": [ 8.20499, 6.84918 ] } },
{ "type": "Feature", "properties": { "name": null, "amenity": "school" }, "geometry": { "type": "Point", "coordinates": [ 9.63062, 7.66443 ] } },
{ "type": "Feature", "properties": { "name": null, "amenity": "school" }, "geometry": { "type": "Point", "coordinates": [ 8.27235, 7.1515 ] } },
{ "type": "Feature", "properties": { "name": null, "amenity": "kindergarten" }, "geometry": { "type": "Point", "coordinates": [ 9.82189, 7.56783 ] } },
{ "type": "Feature", "properties": { "name": null, "amenity": "school" }, "geometry": { "type": "Point", "coordinates": [ 8.9183, 12.28104 ] } },
{ "type": "Feature", "properties": { "name": null, "amenity": "school" }, "geometry": { "type": "Point", "coordinates": [ 8.91671, 12.28254 ] } },
{ "type": "Feature", "properties": { "name": null, "amenity": "school" }, "geometry": { "type": "Point", "coordinates": [ 8.60995, 6.80348 ] } },
{ "type": "Feature", "properties": { "name": null, "amenity": "kindergarten" }, "geometry": { "type": "Point", "coordinates": [ 8.60405, 6.80242 ] } },
{ "type": "Feature", "properties": { "name": null, "amenity": "school" }, "geometry": { "type": "Point", "coordinates": [ 8.60377, 6.80245 ] } },
{ "type": "Feature", "properties": { "name": null, "amenity": "school" }, "geometry": { "type": "Point", "coordinates": [ 8.60969, 6.80352 ] } },
{ "type": "Feature", "properties": { "name": null, "amenity": "school" }, "geometry": { "type": "Point", "coordinates": [ 8.40483, 7.15428 ] } },
{ "type": "Feature", "properties": { "name": null, "amenity": "school" }, "geometry": { "type": "Point", "coordinates": [ 7.93013, 6.96921 ] } },
{ "type": "Feature", "properties": { "name": null, "amenity": "school" }, "geometry": { "type": "Point", "coordinates": [ 7.93549, 6.97031 ] } },
{ "type": "Feature", "properties": { "name": null, "amenity": "school" }, "geometry": { "type": "Point", "coordinates": [ 8.15087, 6.87699 ] } },
{ "type": "Feature", "properties": { "name": null, "amenity": "school" }, "geometry": { "type": "Point", "coordinates": [ 8.42199, 7.12417 ] } },
{ "type": "Feature", "properties": { "name": null, "amenity": "school" }, "geometry": { "type": "Point", "coordinates": [ 8.42202, 7.12137 ] } },
{ "type": "Feature", "properties": { "name": null, "amenity": "school" }, "geometry": { "type": "Point", "coordinates": [ 8.42322, 7.12287 ] } },
{ "type": "Feature", "properties": { "name": null, "amenity": "school" }, "geometry": { "type": "Point", "coordinates": [ 8.42147, 7.12433 ] } },
{ "type": "Feature", "properties": { "name": null, "amenity": "school" }, "geometry": { "type": "Point", "coordinates": [ 8.09884, 6.75556 ] } },
{ "type": "Feature", "properties": { "name": null, "amenity": "school" }, "geometry": { "type": "Point", "coordinates": [ 8.60405, 6.80259 ] } },
{ "type": "Feature", "properties": { "name": null, "amenity": "school" }, "geometry": { "type": "Point", "coordinates": [ 9.44194, 12.13888 ] } },
{ "type": "Feature", "properties": { "name": null, "amenity": "school" }, "geometry": { "type": "Point", "coordinates": [ 9.44334, 12.13808 ] } },
{ "type": "Feature", "properties": { "name": null, "amenity": "kindergarten" }, "geometry": { "type": "Point", "coordinates": [ 8.40524, 7.1547 ] } },
{ "type": "Feature", "properties": { "name": null, "amenity": "school" }, "geometry": { "type": "Point", "coordinates": [ 8.40491, 7.15453 ] } },
{ "type": "Feature", "properties": { "name": null, "amenity": "school" }, "geometry": { "type": "Point", "coordinates": [ 7.89283, 6.9547 ] } },
{ "type": "Feature", "properties": { "name": null, "amenity": "school" }, "geometry": { "type": "Point", "coordinates": [ 8.34294, 6.79462 ] } },
{ "type": "Feature", "properties": { "name": null, "amenity": "school" }, "geometry": { "type": "Point", "coordinates": [ 8.34331, 6.79456 ] } },
{ "type": "Feature", "properties": { "name": null, "amenity": "school" }, "geometry": { "type": "Point", "coordinates": [ 8.33771, 6.79534 ] } },
{ "type": "Feature", "properties": { "name": null, "amenity": "school" }, "geometry": { "type": "Point", "coordinates": [ 8.3252, 6.77355 ] } },
{ "type": "Feature", "properties": { "name": null, "amenity": "school" }, "geometry": { "type": "Point", "coordinates": [ 7.92314, 6.97317 ] } },
{ "type": "Feature", "properties": { "name": null, "amenity": "school" }, "geometry": { "type": "Point", "coordinates": [ 8.1306, 6.82994 ] } },
{ "type": "Feature", "properties": { "name": null, "amenity": "kindergarten" }, "geometry": { "type": "Point", "coordinates": [ 8.59028, 6.86073 ] } },
{ "type": "Feature", "properties": { "name": null, "amenity": "school" }, "geometry": { "type": "Point", "coordinates": [ 8.58765, 6.85987 ] } },
{ "type": "Feature", "properties": { "name": null, "amenity": "school" }, "geometry": { "type": "Point", "coordinates": [ 8.5999, 6.84851 ] } },
{ "type": "Feature", "properties": { "name": null, "amenity": "school" }, "geometry": { "type": "Point", "coordinates": [ 9.79103, 7.51434 ] } },
{ "type": "Feature", "properties": { "name": null, "amenity": "school" }, "geometry": { "type": "Point", "coordinates": [ 8.32548, 6.77368 ] } },
{ "type": "Feature", "properties": { "name": null, "amenity": "school" }, "geometry": { "type": "Point", "coordinates": [ 8.42486, 7.09236 ] } },
{ "type": "Feature", "properties": { "name": null, "amenity": "school" }, "geometry": { "type": "Point", "coordinates": [ 8.09268, 7.86763 ] } },
{ "type": "Feature", "properties": { "name": null, "amenity": "school" }, "geometry": { "type": "Point", "coordinates": [ 7.76037, 7.79303 ] } },
{ "type": "Feature", "properties": { "name": null, "amenity": "school" }, "geometry": { "type": "Point", "coordinates": [ 7.76535, 7.80007 ] } },
{ "type": "Feature", "properties": { "name": null, "amenity": "school" }, "geometry": { "type": "Point", "coordinates": [ 7.79207, 7.62849 ] } },
{ "type": "Feature", "properties": { "name": null, "amenity": "school" }, "geometry": { "type": "Point", "coordinates": [ 7.69906, 8.003 ] } },
{ "type": "Feature", "properties": { "name": null, "amenity": "school" }, "geometry": { "type": "Point", "coordinates": [ 7.79788, 7.56397 ] } },
{ "type": "Feature", "properties": { "name": null, "amenity": "school" }, "geometry": { "type": "Point", "coordinates": [ 7.79849, 7.56453 ] } },
{ "type": "Feature", "properties": { "name": null, "amenity": "school" }, "geometry": { "type": "Point", "coordinates": [ 8.09279, 7.86721 ] } },
{ "type": "Feature", "properties": { "name": null, "amenity": "school" }, "geometry": { "type": "Point", "coordinates": [ 8.09258, 7.8666 ] } },
{ "type": "Feature", "properties": { "name": null, "amenity": "school" }, "geometry": { "type": "Point", "coordinates": [ 7.75374, 7.68204 ] } },
{ "type": "Feature", "properties": { "name": null, "amenity": "school" }, "geometry": { "type": "Point", "coordinates": [ 8.60359, 6.80369 ] } },
{ "type": "Feature", "properties": { "name": null, "amenity": "school" }, "geometry": { "type": "Point", "coordinates": [ 7.94393, 6.96979 ] } },
{ "type": "Feature", "properties": { "name": null, "amenity": "school" }, "geometry": { "type": "Point", "coordinates": [ 7.94389, 6.97043 ] } },
{ "type": "Feature", "properties": { "name": null, "amenity": "school" }, "geometry": { "type": "Point", "coordinates": [ 8.22525, 6.82278 ] } },
{ "type": "Feature", "properties": { "name": null, "amenity": "kindergarten" }, "geometry": { "type": "Point", "coordinates": [ 7.74544, 7.54709 ] } },
{ "type": "Feature", "properties": { "name": null, "amenity": "school" }, "geometry": { "type": "Point", "coordinates": [ 7.74782, 7.54682 ] } },
{ "type": "Feature", "properties": { "name": null, "amenity": "school" }, "geometry": { "type": "Point", "coordinates": [ 7.92383, 6.99281 ] } },
{ "type": "Feature", "properties": { "name": null, "amenity": "school" }, "geometry": { "type": "Point", "coordinates": [ 7.79299, 7.63032 ] } },
{ "type": "Feature", "properties": { "name": null, "amenity": "school" }, "geometry": { "type": "Point", "coordinates": [ 7.91596, 6.98957 ] } },
{ "type": "Feature", "properties": { "name": null, "amenity": "school" }, "geometry": { "type": "Point", "coordinates": [ 8.07806, 7.91177 ] } },
{ "type": "Feature", "properties": { "name": null, "amenity": "school" }, "geometry": { "type": "Point", "coordinates": [ 8.0777, 7.91273 ] } },
{ "type": "Feature", "properties": { "name": null, "amenity": "school" }, "geometry": { "type": "Point", "coordinates": [ 8.07592, 7.91069 ] } },
{ "type": "Feature", "properties": { "name": null, "amenity": "school" }, "geometry": { "type": "Point", "coordinates": [ 7.76534, 7.79973 ] } },
{ "type": "Feature", "properties": { "name": null, "amenity": "school" }, "geometry": { "type": "Point", "coordinates": [ 8.0339, 7.79342 ] } },
{ "type": "Feature", "properties": { "name": null, "amenity": "school" }, "geometry": { "type": "Point", "coordinates": [ 8.03207, 7.79367 ] } },
{ "type": "Feature", "properties": { "name": null, "amenity": "school" }, "geometry": { "type": "Point", "coordinates": [ 8.59734, 6.84777 ] } },
{ "type": "Feature", "properties": { "name": null, "amenity": "school" }, "geometry": { "type": "Point", "coordinates": [ 8.11752, 6.73099 ] } },
{ "type": "Feature", "properties": { "name": null, "amenity": "school" }, "geometry": { "type": "Point", "coordinates": [ 8.16862, 6.86947 ] } },
{ "type": "Feature", "properties": { "name": null, "amenity": "school" }, "geometry": { "type": "Point", "coordinates": [ 8.16404, 6.86871 ] } },
{ "type": "Feature", "properties": { "name": null, "amenity": "school" }, "geometry": { "type": "Point", "coordinates": [ 8.09529, 6.75216 ] } },
{ "type": "Feature", "properties": { "name": null, "amenity": "school" }, "geometry": { "type": "Point", "coordinates": [ 8.05942, 7.86844 ] } },
{ "type": "Feature", "properties": { "name": null, "amenity": "school" }, "geometry": { "type": "Point", "coordinates": [ 7.99621, 7.74271 ] } },
{ "type": "Feature", "properties": { "name": null, "amenity": "school" }, "geometry": { "type": "Point", "coordinates": [ 7.9988, 7.747 ] } },
{ "type": "Feature", "properties": { "name": null, "amenity": "kindergarten" }, "geometry": { "type": "Point", "coordinates": [ 7.99556, 7.75995 ] } },
{ "type": "Feature", "properties": { "name": null, "amenity": "school" }, "geometry": { "type": "Point", "coordinates": [ 7.99631, 7.75984 ] } },
{ "type": "Feature", "properties": { "name": null, "amenity": "school" }, "geometry": { "type": "Point", "coordinates": [ 7.74579, 7.54108 ] } },
{ "type": "Feature", "properties": { "name": null, "amenity": "school" }, "geometry": { "type": "Point", "coordinates": [ 8.09129, 7.84634 ] } },
{ "type": "Feature", "properties": { "name": null, "amenity": "school" }, "geometry": { "type": "Point", "coordinates": [ 7.97217, 7.73143 ] } },
{ "type": "Feature", "properties": { "name": null, "amenity": "school" }, "geometry": { "type": "Point", "coordinates": [ 7.97242, 7.731 ] } },
{ "type": "Feature", "properties": { "name": null, "amenity": "school" }, "geometry": { "type": "Point", "coordinates": [ 9.64514, 11.67476 ] } },
{ "type": "Feature", "properties": { "name": null, "amenity": "school" }, "geometry": { "type": "Point", "coordinates": [ 7.75391, 7.68262 ] } },
{ "type": "Feature", "properties": { "name": null, "amenity": "school" }, "geometry": { "type": "Point", "coordinates": [ 7.7551, 7.68857 ] } },
{ "type": "Feature", "properties": { "name": null, "amenity": "school" }, "geometry": { "type": "Point", "coordinates": [ 7.99563, 7.74058 ] } },
{ "type": "Feature", "properties": { "name": null, "amenity": "school" }, "geometry": { "type": "Point", "coordinates": [ 7.99869, 7.7489 ] } },
{ "type": "Feature", "properties": { "name": null, "amenity": "school" }, "geometry": { "type": "Point", "coordinates": [ 7.99868, 7.74748 ] } },
{ "type": "Feature", "properties": { "name": null, "amenity": "school" }, "geometry": { "type": "Point", "coordinates": [ 9.44586, 11.39081 ] } },
{ "type": "Feature", "properties": { "name": null, "amenity": "school" }, "geometry": { "type": "Point", "coordinates": [ 3.14417, 9.08539 ] } },
{ "type": "Feature", "properties": { "name": null, "amenity": "school" }, "geometry": { "type": "Point", "coordinates": [ 3.12393, 9.08698 ] } },
{ "type": "Feature", "properties": { "name": null, "amenity": "school" }, "geometry": { "type": "Point", "coordinates": [ 3.13061, 9.08649 ] } },
{ "type": "Feature", "properties": { "name": null, "amenity": "school" }, "geometry": { "type": "Point", "coordinates": [ 2.9304, 9.05717 ] } },
{ "type": "Feature", "properties": { "name": null, "amenity": "school" }, "geometry": { "type": "Point", "coordinates": [ 3.11307, 8.99287 ] } },
{ "type": "Feature", "properties": { "name": null, "amenity": "school" }, "geometry": { "type": "Point", "coordinates": [ 2.94424, 9.06024 ] } },
{ "type": "Feature", "properties": { "name": null, "amenity": "school" }, "geometry": { "type": "Point", "coordinates": [ 3.65299, 9.05083 ] } },
{ "type": "Feature", "properties": { "name": null, "amenity": "school" }, "geometry": { "type": "Point", "coordinates": [ 3.65153, 9.04594 ] } },
{ "type": "Feature", "properties": { "name": null, "amenity": "kindergarten" }, "geometry": { "type": "Point", "coordinates": [ 7.92366, 6.99306 ] } },
{ "type": "Feature", "properties": { "name": null, "amenity": "school" }, "geometry": { "type": "Point", "coordinates": [ 8.04796, 7.86997 ] } },
{ "type": "Feature", "properties": { "name": null, "amenity": "school" }, "geometry": { "type": "Point", "coordinates": [ 7.8223, 7.29715 ] } },
{ "type": "Feature", "properties": { "name": null, "amenity": "school" }, "geometry": { "type": "Point", "coordinates": [ 8.03307, 7.77468 ] } },
{ "type": "Feature", "properties": { "name": null, "amenity": "school" }, "geometry": { "type": "Point", "coordinates": [ 8.05683, 7.86847 ] } },
{ "type": "Feature", "properties": { "name": null, "amenity": "school" }, "geometry": { "type": "Point", "coordinates": [ 2.92694, 8.95215 ] } },
{ "type": "Feature", "properties": { "name": null, "amenity": "school" }, "geometry": { "type": "Point", "coordinates": [ 2.93136, 8.95449 ] } },
{ "type": "Feature", "properties": { "name": null, "amenity": "school" }, "geometry": { "type": "Point", "coordinates": [ 3.53781, 9.01883 ] } },
{ "type": "Feature", "properties": { "name": null, "amenity": "school" }, "geometry": { "type": "Point", "coordinates": [ 3.5341, 9.01215 ] } },
{ "type": "Feature", "properties": { "name": null, "amenity": "school" }, "geometry": { "type": "Point", "coordinates": [ 3.53361, 9.01176 ] } },
{ "type": "Feature", "properties": { "name": null, "amenity": "school" }, "geometry": { "type": "Point", "coordinates": [ 3.48763, 9.31943 ] } },
{ "type": "Feature", "properties": { "name": null, "amenity": "school" }, "geometry": { "type": "Point", "coordinates": [ 3.72267, 9.24406 ] } },
{ "type": "Feature", "properties": { "name": null, "amenity": "school" }, "geometry": { "type": "Point", "coordinates": [ 3.53338, 9.08009 ] } },
{ "type": "Feature", "properties": { "name": null, "amenity": "school" }, "geometry": { "type": "Point", "coordinates": [ 3.10807, 9.10344 ] } },
{ "type": "Feature", "properties": { "name": null, "amenity": "school" }, "geometry": { "type": "Point", "coordinates": [ 3.16911, 8.97116 ] } },
{ "type": "Feature", "properties": { "name": null, "amenity": "school" }, "geometry": { "type": "Point", "coordinates": [ 3.10582, 9.11068 ] } },
{ "type": "Feature", "properties": { "name": null, "amenity": "school" }, "geometry": { "type": "Point", "coordinates": [ 3.67325, 9.31942 ] } },
{ "type": "Feature", "properties": { "name": null, "amenity": "school" }, "geometry": { "type": "Point", "coordinates": [ 3.53293, 9.18828 ] } },
{ "type": "Feature", "properties": { "name": null, "amenity": "school" }, "geometry": { "type": "Point", "coordinates": [ 9.56141, 11.67558 ] } },
{ "type": "Feature", "properties": { "name": null, "amenity": "school" }, "geometry": { "type": "Point", "coordinates": [ 9.37504, 11.42645 ] } },
{ "type": "Feature", "properties": { "name": null, "amenity": "school" }, "geometry": { "type": "Point", "coordinates": [ 9.4442, 11.39045 ] } },
{ "type": "Feature", "properties": { "name": null, "amenity": "school" }, "geometry": { "type": "Point", "coordinates": [ 3.33524, 9.52212 ] } },
{ "type": "Feature", "properties": { "name": null, "amenity": "school" }, "geometry": { "type": "Point", "coordinates": [ 3.51885, 9.36313 ] } },
{ "type": "Feature", "properties": { "name": null, "amenity": "school" }, "geometry": { "type": "Point", "coordinates": [ 3.51104, 9.48393 ] } },
{ "type": "Feature", "properties": { "name": null, "amenity": "school" }, "geometry": { "type": "Point", "coordinates": [ 3.51104, 9.48426 ] } },
{ "type": "Feature", "properties": { "name": null, "amenity": "school" }, "geometry": { "type": "Point", "coordinates": [ 3.50356, 9.49525 ] } },
{ "type": "Feature", "properties": { "name": null, "amenity": "school" }, "geometry": { "type": "Point", "coordinates": [ 3.50926, 9.4854 ] } },
{ "type": "Feature", "properties": { "name": null, "amenity": "school" }, "geometry": { "type": "Point", "coordinates": [ 3.50998, 9.48514 ] } },
{ "type": "Feature", "properties": { "name": null, "amenity": "school" }, "geometry": { "type": "Point", "coordinates": [ 3.28757, 9.41285 ] } },
{ "type": "Feature", "properties": { "name": null, "amenity": "school" }, "geometry": { "type": "Point", "coordinates": [ 3.33434, 9.5251 ] } },
{ "type": "Feature", "properties": { "name": null, "amenity": "school" }, "geometry": { "type": "Point", "coordinates": [ 3.48147, 9.83781 ] } },
{ "type": "Feature", "properties": { "name": null, "amenity": "kindergarten" }, "geometry": { "type": "Point", "coordinates": [ 3.48209, 9.83546 ] } },
{ "type": "Feature", "properties": { "name": null, "amenity": "kindergarten" }, "geometry": { "type": "Point", "coordinates": [ 3.65209, 9.04678 ] } },
{ "type": "Feature", "properties": { "name": null, "amenity": "kindergarten" }, "geometry": { "type": "Point", "coordinates": [ 3.00433, 8.84842 ] } },
{ "type": "Feature", "properties": { "name": null, "amenity": "school" }, "geometry": { "type": "Point", "coordinates": [ 3.00674, 8.84992 ] } },
{ "type": "Feature", "properties": { "name": null, "amenity": "school" }, "geometry": { "type": "Point", "coordinates": [ 5.26683, 8.95578 ] } },
{ "type": "Feature", "properties": { "name": null, "amenity": "school" }, "geometry": { "type": "Point", "coordinates": [ 5.25089, 8.88622 ] } },
{ "type": "Feature", "properties": { "name": null, "amenity": "school" }, "geometry": { "type": "Point", "coordinates": [ 5.23902, 8.89867 ] } },
{ "type": "Feature", "properties": { "name": null, "amenity": "school" }, "geometry": { "type": "Point", "coordinates": [ 7.76316, 7.28679 ] } },
{ "type": "Feature", "properties": { "name": null, "amenity": "school" }, "geometry": { "type": "Point", "coordinates": [ 7.72257, 7.31566 ] } },
{ "type": "Feature", "properties": { "name": null, "amenity": "school" }, "geometry": { "type": "Point", "coordinates": [ 7.3633, 7.96919 ] } },
{ "type": "Feature", "properties": { "name": null, "amenity": "school" }, "geometry": { "type": "Point", "coordinates": [ 7.72641, 7.26351 ] } },
{ "type": "Feature", "properties": { "name": null, "amenity": "school" }, "geometry": { "type": "Point", "coordinates": [ 7.3202, 7.79802 ] } },
{ "type": "Feature", "properties": { "name": null, "amenity": "school" }, "geometry": { "type": "Point", "coordinates": [ 7.31789, 7.80565 ] } },
{ "type": "Feature", "properties": { "name": null, "amenity": "school" }, "geometry": { "type": "Point", "coordinates": [ 7.31588, 7.80749 ] } },
{ "type": "Feature", "properties": { "name": null, "amenity": "school" }, "geometry": { "type": "Point", "coordinates": [ 7.28645, 7.74043 ] } },
{ "type": "Feature", "properties": { "name": null, "amenity": "school" }, "geometry": { "type": "Point", "coordinates": [ 3.5363, 9.18202 ] } },
{ "type": "Feature", "properties": { "name": null, "amenity": "kindergarten" }, "geometry": { "type": "Point", "coordinates": [ 3.53413, 9.18003 ] } },
{ "type": "Feature", "properties": { "name": null, "amenity": "school" }, "geometry": { "type": "Point", "coordinates": [ 2.87866, 9.00628 ] } },
{ "type": "Feature", "properties": { "name": null, "amenity": "school" }, "geometry": { "type": "Point", "coordinates": [ 3.44213, 9.6685 ] } },
{ "type": "Feature", "properties": { "name": null, "amenity": "school" }, "geometry": { "type": "Point", "coordinates": [ 3.33543, 9.52235 ] } },
{ "type": "Feature", "properties": { "name": null, "amenity": "school" }, "geometry": { "type": "Point", "coordinates": [ 7.28624, 7.20767 ] } },
{ "type": "Feature", "properties": { "name": null, "amenity": "kindergarten" }, "geometry": { "type": "Point", "coordinates": [ 7.31984, 7.99816 ] } },
{ "type": "Feature", "properties": { "name": null, "amenity": "school" }, "geometry": { "type": "Point", "coordinates": [ 7.32164, 7.99821 ] } },
{ "type": "Feature", "properties": { "name": null, "amenity": "school" }, "geometry": { "type": "Point", "coordinates": [ 7.32135, 7.99922 ] } },
{ "type": "Feature", "properties": { "name": null, "amenity": "school" }, "geometry": { "type": "Point", "coordinates": [ 7.31245, 7.99271 ] } },
{ "type": "Feature", "properties": { "name": null, "amenity": "school" }, "geometry": { "type": "Point", "coordinates": [ 7.72807, 7.29813 ] } },
{ "type": "Feature", "properties": { "name": null, "amenity": "school" }, "geometry": { "type": "Point", "coordinates": [ 7.73191, 7.30069 ] } },
{ "type": "Feature", "properties": { "name": null, "amenity": "school" }, "geometry": { "type": "Point", "coordinates": [ 7.04958, 7.17859 ] } },
{ "type": "Feature", "properties": { "name": null, "amenity": "school" }, "geometry": { "type": "Point", "coordinates": [ 7.26218, 7.73898 ] } },
{ "type": "Feature", "properties": { "name": null, "amenity": "school" }, "geometry": { "type": "Point", "coordinates": [ 7.25992, 7.19581 ] } },
{ "type": "Feature", "properties": { "name": null, "amenity": "school" }, "geometry": { "type": "Point", "coordinates": [ 7.25863, 7.19529 ] } },
{ "type": "Feature", "properties": { "name": null, "amenity": "school" }, "geometry": { "type": "Point", "coordinates": [ 7.26044, 7.19474 ] } },
{ "type": "Feature", "properties": { "name": null, "amenity": "school" }, "geometry": { "type": "Point", "coordinates": [ 7.74151, 7.25253 ] } },
{ "type": "Feature", "properties": { "name": null, "amenity": "school" }, "geometry": { "type": "Point", "coordinates": [ 3.60303, 9.49418 ] } },
{ "type": "Feature", "properties": { "name": null, "amenity": "school" }, "geometry": { "type": "Point", "coordinates": [ 3.60444, 9.49536 ] } },
{ "type": "Feature", "properties": { "name": null, "amenity": "school" }, "geometry": { "type": "Point", "coordinates": [ 3.37848, 9.39292 ] } },
{ "type": "Feature", "properties": { "name": null, "amenity": "school" }, "geometry": { "type": "Point", "coordinates": [ 6.80359, 6.71301 ] } },
{ "type": "Feature", "properties": { "name": null, "amenity": "school" }, "geometry": { "type": "Point", "coordinates": [ 6.79657, 6.70693 ] } },
{ "type": "Feature", "properties": { "name": null, "amenity": "school" }, "geometry": { "type": "Point", "coordinates": [ 6.79862, 6.70838 ] } },
{ "type": "Feature", "properties": { "name": null, "amenity": "school" }, "geometry": { "type": "Point", "coordinates": [ 6.77519, 6.81625 ] } },
{ "type": "Feature", "properties": { "name": null, "amenity": "school" }, "geometry": { "type": "Point", "coordinates": [ 6.7558, 6.82817 ] } },
{ "type": "Feature", "properties": { "name": null, "amenity": "school" }, "geometry": { "type": "Point", "coordinates": [ 6.75754, 6.83516 ] } },
{ "type": "Feature", "properties": { "name": null, "amenity": "school" }, "geometry": { "type": "Point", "coordinates": [ 6.75962, 6.82886 ] } },
{ "type": "Feature", "properties": { "name": null, "amenity": "school" }, "geometry": { "type": "Point", "coordinates": [ 6.76528, 6.63909 ] } },
{ "type": "Feature", "properties": { "name": null, "amenity": "school" }, "geometry": { "type": "Point", "coordinates": [ 6.75738, 6.82618 ] } },
{ "type": "Feature", "properties": { "name": null, "amenity": "school" }, "geometry": { "type": "Point", "coordinates": [ 6.2444, 8.55874 ] } },
{ "type": "Feature", "properties": { "name": null, "amenity": "school" }, "geometry": { "type": "Point", "coordinates": [ 6.32319, 8.49058 ] } },
{ "type": "Feature", "properties": { "name": null, "amenity": "school" }, "geometry": { "type": "Point", "coordinates": [ 6.32275, 8.49024 ] } },
{ "type": "Feature", "properties": { "name": null, "amenity": "kindergarten" }, "geometry": { "type": "Point", "coordinates": [ 6.24361, 8.55742 ] } },
{ "type": "Feature", "properties": { "name": null, "amenity": "school" }, "geometry": { "type": "Point", "coordinates": [ 7.29203, 7.74815 ] } },
{ "type": "Feature", "properties": { "name": null, "amenity": "school" }, "geometry": { "type": "Point", "coordinates": [ 7.64276, 7.93434 ] } },
{ "type": "Feature", "properties": { "name": null, "amenity": "school" }, "geometry": { "type": "Point", "coordinates": [ 7.64659, 7.93249 ] } },
{ "type": "Feature", "properties": { "name": null, "amenity": "school" }, "geometry": { "type": "Point", "coordinates": [ 6.24259, 8.55747 ] } },
{ "type": "Feature", "properties": { "name": null, "amenity": "school" }, "geometry": { "type": "Point", "coordinates": [ 6.26156, 8.54914 ] } },
{ "type": "Feature", "properties": { "name": null, "amenity": "school" }, "geometry": { "type": "Point", "coordinates": [ 6.84265, 7.52611 ] } },
{ "type": "Feature", "properties": { "name": null, "amenity": "kindergarten" }, "geometry": { "type": "Point", "coordinates": [ 6.84083, 7.52461 ] } },
{ "type": "Feature", "properties": { "name": null, "amenity": "school" }, "geometry": { "type": "Point", "coordinates": [ 6.84097, 7.52501 ] } },
{ "type": "Feature", "properties": { "name": null, "amenity": "school" }, "geometry": { "type": "Point", "coordinates": [ 6.88553, 7.56836 ] } },
{ "type": "Feature", "properties": { "name": null, "amenity": "school" }, "geometry": { "type": "Point", "coordinates": [ 6.89382, 7.58671 ] } },
{ "type": "Feature", "properties": { "name": null, "amenity": "school" }, "geometry": { "type": "Point", "coordinates": [ 6.89361, 7.58913 ] } },
{ "type": "Feature", "properties": { "name": null, "amenity": "school" }, "geometry": { "type": "Point", "coordinates": [ 6.86142, 7.59522 ] } },
{ "type": "Feature", "properties": { "name": null, "amenity": "school" }, "geometry": { "type": "Point", "coordinates": [ 6.87276, 7.51779 ] } },
{ "type": "Feature", "properties": { "name": null, "amenity": "school" }, "geometry": { "type": "Point", "coordinates": [ 6.89205, 7.61631 ] } },
{ "type": "Feature", "properties": { "name": null, "amenity": "school" }, "geometry": { "type": "Point", "coordinates": [ 6.88118, 7.52278 ] } },
{ "type": "Feature", "properties": { "name": null, "amenity": "school" }, "geometry": { "type": "Point", "coordinates": [ 6.84862, 7.61944 ] } },
{ "type": "Feature", "properties": { "name": null, "amenity": "school" }, "geometry": { "type": "Point", "coordinates": [ 6.84909, 7.61911 ] } },
{ "type": "Feature", "properties": { "name": null, "amenity": "school" }, "geometry": { "type": "Point", "coordinates": [ 7.05808, 7.22224 ] } },
{ "type": "Feature", "properties": { "name": null, "amenity": "school" }, "geometry": { "type": "Point", "coordinates": [ 7.41466, 7.93841 ] } },
{ "type": "Feature", "properties": { "name": null, "amenity": "school" }, "geometry": { "type": "Point", "coordinates": [ 7.31901, 8.68331 ] } },
{ "type": "Feature", "properties": { "name": null, "amenity": "school" }, "geometry": { "type": "Point", "coordinates": [ 7.31723, 8.67935 ] } },
{ "type": "Feature", "properties": { "name": null, "amenity": "school" }, "geometry": { "type": "Point", "coordinates": [ 7.17119, 8.68323 ] } },
{ "type": "Feature", "properties": { "name": null, "amenity": "school" }, "geometry": { "type": "Point", "coordinates": [ 7.05075, 8.74233 ] } },
{ "type": "Feature", "properties": { "name": null, "amenity": "school" }, "geometry": { "type": "Point", "coordinates": [ 7.39375, 8.81483 ] } },
{ "type": "Feature", "properties": { "name": null, "amenity": "school" }, "geometry": { "type": "Point", "coordinates": [ 7.15662, 8.68336 ] } },
{ "type": "Feature", "properties": { "name": null, "amenity": "kindergarten" }, "geometry": { "type": "Point", "coordinates": [ 7.11588, 8.69723 ] } },
{ "type": "Feature", "properties": { "name": null, "amenity": "school" }, "geometry": { "type": "Point", "coordinates": [ 7.11685, 8.6979 ] } },
{ "type": "Feature", "properties": { "name": null, "amenity": "school" }, "geometry": { "type": "Point", "coordinates": [ 7.18189, 8.73533 ] } },
{ "type": "Feature", "properties": { "name": null, "amenity": "school" }, "geometry": { "type": "Point", "coordinates": [ 7.09686, 8.62758 ] } },
{ "type": "Feature", "properties": { "name": null, "amenity": "school" }, "geometry": { "type": "Point", "coordinates": [ 7.09826, 8.62665 ] } },
{ "type": "Feature", "properties": { "name": null, "amenity": "school" }, "geometry": { "type": "Point", "coordinates": [ 7.19825, 8.79009 ] } },
{ "type": "Feature", "properties": { "name": null, "amenity": "school" }, "geometry": { "type": "Point", "coordinates": [ 7.07548, 8.7709 ] } },
{ "type": "Feature", "properties": { "name": null, "amenity": "school" }, "geometry": { "type": "Point", "coordinates": [ 7.39908, 8.74 ] } },
{ "type": "Feature", "properties": { "name": null, "amenity": "school" }, "geometry": { "type": "Point", "coordinates": [ 6.95943, 8.92135 ] } },
{ "type": "Feature", "properties": { "name": null, "amenity": "school" }, "geometry": { "type": "Point", "coordinates": [ 7.42525, 8.8653 ] } },
{ "type": "Feature", "properties": { "name": null, "amenity": "school" }, "geometry": { "type": "Point", "coordinates": [ 7.31759, 8.67025 ] } },
{ "type": "Feature", "properties": { "name": null, "amenity": "kindergarten" }, "geometry": { "type": "Point", "coordinates": [ 7.05426, 8.66682 ] } },
{ "type": "Feature", "properties": { "name": null, "amenity": "school" }, "geometry": { "type": "Point", "coordinates": [ 7.05716, 8.66621 ] } },
{ "type": "Feature", "properties": { "name": null, "amenity": "school" }, "geometry": { "type": "Point", "coordinates": [ 6.90586, 8.94358 ] } },
{ "type": "Feature", "properties": { "name": null, "amenity": "school" }, "geometry": { "type": "Point", "coordinates": [ 7.16646, 8.72154 ] } },
{ "type": "Feature", "properties": { "name": null, "amenity": "school" }, "geometry": { "type": "Point", "coordinates": [ 7.37449, 8.72728 ] } },
{ "type": "Feature", "properties": { "name": null, "amenity": "school" }, "geometry": { "type": "Point", "coordinates": [ 7.3732, 8.72696 ] } },
{ "type": "Feature", "properties": { "name": null, "amenity": "school" }, "geometry": { "type": "Point", "coordinates": [ 7.37399, 8.72769 ] } },
{ "type": "Feature", "properties": { "name": null, "amenity": "school" }, "geometry": { "type": "Point", "coordinates": [ 7.39994, 8.71303 ] } },
{ "type": "Feature", "properties": { "name": null, "amenity": "school" }, "geometry": { "type": "Point", "coordinates": [ 7.5808, 8.70003 ] } },
{ "type": "Feature", "properties": { "name": null, "amenity": "kindergarten" }, "geometry": { "type": "Point", "coordinates": [ 7.89141, 8.25738 ] } },
{ "type": "Feature", "properties": { "name": null, "amenity": "school" }, "geometry": { "type": "Point", "coordinates": [ 7.95856, 8.12562 ] } },
{ "type": "Feature", "properties": { "name": null, "amenity": "school" }, "geometry": { "type": "Point", "coordinates": [ 7.8787, 8.25657 ] } },
{ "type": "Feature", "properties": { "name": null, "amenity": "school" }, "geometry": { "type": "Point", "coordinates": [ 7.87892, 8.25653 ] } },
{ "type": "Feature", "properties": { "name": null, "amenity": "kindergarten" }, "geometry": { "type": "Point", "coordinates": [ 7.54026, 8.70907 ] } },
{ "type": "Feature", "properties": { "name": null, "amenity": "school" }, "geometry": { "type": "Point", "coordinates": [ 7.97713, 8.28904 ] } },
{ "type": "Feature", "properties": { "name": null, "amenity": "kindergarten" }, "geometry": { "type": "Point", "coordinates": [ 7.97989, 8.28782 ] } },
{ "type": "Feature", "properties": { "name": null, "amenity": "school" }, "geometry": { "type": "Point", "coordinates": [ 7.88082, 8.18695 ] } },
{ "type": "Feature", "properties": { "name": null, "amenity": "school" }, "geometry": { "type": "Point", "coordinates": [ 7.88152, 8.18732 ] } },
{ "type": "Feature", "properties": { "name": null, "amenity": "school" }, "geometry": { "type": "Point", "coordinates": [ 8.16392, 8.47265 ] } },
{ "type": "Feature", "properties": { "name": null, "amenity": "school" }, "geometry": { "type": "Point", "coordinates": [ 8.16238, 8.47334 ] } },
{ "type": "Feature", "properties": { "name": null, "amenity": "school" }, "geometry": { "type": "Point", "coordinates": [ 7.96203, 8.12334 ] } },
{ "type": "Feature", "properties": { "name": null, "amenity": "school" }, "geometry": { "type": "Point", "coordinates": [ 7.73909, 9.21693 ] } },
{ "type": "Feature", "properties": { "name": null, "amenity": "school" }, "geometry": { "type": "Point", "coordinates": [ 7.73768, 9.21705 ] } },
{ "type": "Feature", "properties": { "name": null, "amenity": "school" }, "geometry": { "type": "Point", "coordinates": [ 7.98407, 8.29094 ] } },
{ "type": "Feature", "properties": { "name": null, "amenity": "school" }, "geometry": { "type": "Point", "coordinates": [ 8.15754, 8.43552 ] } },
{ "type": "Feature", "properties": { "name": null, "amenity": "school" }, "geometry": { "type": "Point", "coordinates": [ 8.15954, 8.43843 ] } },
{ "type": "Feature", "properties": { "name": null, "amenity": "school" }, "geometry": { "type": "Point", "coordinates": [ 8.16769, 8.46897 ] } },
{ "type": "Feature", "properties": { "name": null, "amenity": "school" }, "geometry": { "type": "Point", "coordinates": [ 8.16636, 8.46818 ] } },
{ "type": "Feature", "properties": { "name": null, "amenity": "kindergarten" }, "geometry": { "type": "Point", "coordinates": [ 8.16368, 8.47274 ] } },
{ "type": "Feature", "properties": { "name": null, "amenity": "school" }, "geometry": { "type": "Point", "coordinates": [ 7.76415, 9.19676 ] } },
{ "type": "Feature", "properties": { "name": null, "amenity": "school" }, "geometry": { "type": "Point", "coordinates": [ 7.76395, 9.1948 ] } },
{ "type": "Feature", "properties": { "name": null, "amenity": "school" }, "geometry": { "type": "Point", "coordinates": [ 7.76405, 9.19692 ] } },
{ "type": "Feature", "properties": { "name": null, "amenity": "school" }, "geometry": { "type": "Point", "coordinates": [ 7.76586, 9.19351 ] } },
{ "type": "Feature", "properties": { "name": null, "amenity": "school" }, "geometry": { "type": "Point", "coordinates": [ 7.76618, 9.20066 ] } },
{ "type": "Feature", "properties": { "name": null, "amenity": "school" }, "geometry": { "type": "Point", "coordinates": [ 8.2564, 8.54399 ] } },
{ "type": "Feature", "properties": { "name": null, "amenity": "school" }, "geometry": { "type": "Point", "coordinates": [ 8.25233, 8.54202 ] } },
{ "type": "Feature", "properties": { "name": null, "amenity": "school" }, "geometry": { "type": "Point", "coordinates": [ 7.89326, 8.25476 ] } },
{ "type": "Feature", "properties": { "name": null, "amenity": "school" }, "geometry": { "type": "Point", "coordinates": [ 7.89353, 8.25717 ] } },
{ "type": "Feature", "properties": { "name": null, "amenity": "school" }, "geometry": { "type": "Point", "coordinates": [ 7.54113, 8.71035 ] } },
{ "type": "Feature", "properties": { "name": null, "amenity": "school" }, "geometry": { "type": "Point", "coordinates": [ 7.48148, 8.63389 ] } },
{ "type": "Feature", "properties": { "name": null, "amenity": "school" }, "geometry": { "type": "Point", "coordinates": [ 8.1592, 8.43535 ] } },
{ "type": "Feature", "properties": { "name": null, "amenity": "school" }, "geometry": { "type": "Point", "coordinates": [ 8.15752, 8.43389 ] } },
{ "type": "Feature", "properties": { "name": null, "amenity": "school" }, "geometry": { "type": "Point", "coordinates": [ 7.58369, 8.6968 ] } },
{ "type": "Feature", "properties": { "name": null, "amenity": "school" }, "geometry": { "type": "Point", "coordinates": [ 7.58118, 8.69761 ] } },
{ "type": "Feature", "properties": { "name": null, "amenity": "school" }, "geometry": { "type": "Point", "coordinates": [ 7.95607, 8.23934 ] } },
{ "type": "Feature", "properties": { "name": null, "amenity": "school" }, "geometry": { "type": "Point", "coordinates": [ 8.22896, 8.53945 ] } },
{ "type": "Feature", "properties": { "name": null, "amenity": "school" }, "geometry": { "type": "Point", "coordinates": [ 8.22916, 8.54396 ] } },
{ "type": "Feature", "properties": { "name": null, "amenity": "school" }, "geometry": { "type": "Point", "coordinates": [ 7.54665, 8.65589 ] } },
{ "type": "Feature", "properties": { "name": null, "amenity": "school" }, "geometry": { "type": "Point", "coordinates": [ 7.54654, 8.65589 ] } },
{ "type": "Feature", "properties": { "name": null, "amenity": "school" }, "geometry": { "type": "Point", "coordinates": [ 3.37599, 6.49404 ] } },
{ "type": "Feature", "properties": { "name": null, "amenity": "college" }, "geometry": { "type": "Point", "coordinates": [ 3.37578, 6.49255 ] } },
{ "type": "Feature", "properties": { "name": null, "amenity": "school" }, "geometry": { "type": "Point", "coordinates": [ 7.43973, 4.75138 ] } },
{ "type": "Feature", "properties": { "name": null, "amenity": "school" }, "geometry": { "type": "Point", "coordinates": [ 7.44093, 4.74985 ] } },
{ "type": "Feature", "properties": { "name": null, "amenity": "school" }, "geometry": { "type": "Point", "coordinates": [ 7.43733, 4.75433 ] } },
{ "type": "Feature", "properties": { "name": null, "amenity": "school" }, "geometry": { "type": "Point", "coordinates": [ 7.44122, 4.75082 ] } },
{ "type": "Feature", "properties": { "name": null, "amenity": "school" }, "geometry": { "type": "Point", "coordinates": [ 7.39047, 4.78861 ] } },
{ "type": "Feature", "properties": { "name": null, "amenity": "kindergarten" }, "geometry": { "type": "Point", "coordinates": [ 7.39363, 4.78834 ] } },
{ "type": "Feature", "properties": { "name": null, "amenity": "school" }, "geometry": { "type": "Point", "coordinates": [ 7.38637, 4.79731 ] } },
{ "type": "Feature", "properties": { "name": null, "amenity": "school" }, "geometry": { "type": "Point", "coordinates": [ 7.39249, 4.78794 ] } },
{ "type": "Feature", "properties": { "name": null, "amenity": "school" }, "geometry": { "type": "Point", "coordinates": [ 7.39358, 4.7876 ] } },
{ "type": "Feature", "properties": { "name": null, "amenity": "school" }, "geometry": { "type": "Point", "coordinates": [ 7.35998, 4.74724 ] } },
{ "type": "Feature", "properties": { "name": null, "amenity": "school" }, "geometry": { "type": "Point", "coordinates": [ 7.35605, 4.74019 ] } },
{ "type": "Feature", "properties": { "name": null, "amenity": "school" }, "geometry": { "type": "Point", "coordinates": [ 7.36715, 4.75376 ] } },
{ "type": "Feature", "properties": { "name": null, "amenity": "school" }, "geometry": { "type": "Point", "coordinates": [ 7.35483, 4.74947 ] } },
{ "type": "Feature", "properties": { "name": null, "amenity": "school" }, "geometry": { "type": "Point", "coordinates": [ 7.36026, 4.74825 ] } },
{ "type": "Feature", "properties": { "name": null, "amenity": "school" }, "geometry": { "type": "Point", "coordinates": [ 7.36219, 4.75437 ] } },
{ "type": "Feature", "properties": { "name": null, "amenity": "school" }, "geometry": { "type": "Point", "coordinates": [ 7.35961, 4.74702 ] } },
{ "type": "Feature", "properties": { "name": null, "amenity": "school" }, "geometry": { "type": "Point", "coordinates": [ 7.3783, 4.75837 ] } },
{ "type": "Feature", "properties": { "name": null, "amenity": "school" }, "geometry": { "type": "Point", "coordinates": [ 7.38197, 4.7583 ] } },
{ "type": "Feature", "properties": { "name": null, "amenity": "school" }, "geometry": { "type": "Point", "coordinates": [ 6.50047, 4.76295 ] } },
{ "type": "Feature", "properties": { "name": null, "amenity": "school" }, "geometry": { "type": "Point", "coordinates": [ 6.49847, 4.76632 ] } },
{ "type": "Feature", "properties": { "name": null, "amenity": "school" }, "geometry": { "type": "Point", "coordinates": [ 6.46822, 4.71368 ] } },
{ "type": "Feature", "properties": { "name": null, "amenity": "school" }, "geometry": { "type": "Point", "coordinates": [ 6.46462, 4.72511 ] } },
{ "type": "Feature", "properties": { "name": null, "amenity": "school" }, "geometry": { "type": "Point", "coordinates": [ 6.46786, 4.71967 ] } },
{ "type": "Feature", "properties": { "name": null, "amenity": "school" }, "geometry": { "type": "Point", "coordinates": [ 6.46948, 4.71925 ] } },
{ "type": "Feature", "properties": { "name": null, "amenity": "school" }, "geometry": { "type": "Point", "coordinates": [ 6.47033, 4.71501 ] } },
{ "type": "Feature", "properties": { "name": null, "amenity": "school" }, "geometry": { "type": "Point", "coordinates": [ 6.51095, 4.81969 ] } },
{ "type": "Feature", "properties": { "name": null, "amenity": "school" }, "geometry": { "type": "Point", "coordinates": [ 6.5118, 4.81826 ] } },
{ "type": "Feature", "properties": { "name": null, "amenity": "school" }, "geometry": { "type": "Point", "coordinates": [ 6.51193, 4.81293 ] } },
{ "type": "Feature", "properties": { "name": null, "amenity": "school" }, "geometry": { "type": "Point", "coordinates": [ 6.48307, 4.80683 ] } },
{ "type": "Feature", "properties": { "name": null, "amenity": "school" }, "geometry": { "type": "Point", "coordinates": [ 6.55564, 5.1885 ] } },
{ "type": "Feature", "properties": { "name": null, "amenity": "school" }, "geometry": { "type": "Point", "coordinates": [ 6.50454, 5.10421 ] } },
{ "type": "Feature", "properties": { "name": null, "amenity": "school" }, "geometry": { "type": "Point", "coordinates": [ 6.50382, 5.10969 ] } },
{ "type": "Feature", "properties": { "name": null, "amenity": "school" }, "geometry": { "type": "Point", "coordinates": [ 6.52827, 5.0701 ] } },
{ "type": "Feature", "properties": { "name": null, "amenity": "school" }, "geometry": { "type": "Point", "coordinates": [ 6.5392, 5.08668 ] } },
{ "type": "Feature", "properties": { "name": null, "amenity": "school" }, "geometry": { "type": "Point", "coordinates": [ 6.54231, 5.11949 ] } },
{ "type": "Feature", "properties": { "name": null, "amenity": "school" }, "geometry": { "type": "Point", "coordinates": [ 5.31288, 6.82514 ] } },
{ "type": "Feature", "properties": { "name": null, "amenity": "school" }, "geometry": { "type": "Point", "coordinates": [ 5.26975, 6.17264 ] } },
{ "type": "Feature", "properties": { "name": null, "amenity": "school" }, "geometry": { "type": "Point", "coordinates": [ 5.16304, 6.17215 ] } },
{ "type": "Feature", "properties": { "name": null, "amenity": "school" }, "geometry": { "type": "Point", "coordinates": [ 5.16061, 6.17836 ] } },
{ "type": "Feature", "properties": { "name": null, "amenity": "school" }, "geometry": { "type": "Point", "coordinates": [ 5.4581, 6.66508 ] } },
{ "type": "Feature", "properties": { "name": null, "amenity": "kindergarten" }, "geometry": { "type": "Point", "coordinates": [ 5.10864, 6.2668 ] } },
{ "type": "Feature", "properties": { "name": null, "amenity": "school" }, "geometry": { "type": "Point", "coordinates": [ 5.35651, 6.25078 ] } },
{ "type": "Feature", "properties": { "name": null, "amenity": "school" }, "geometry": { "type": "Point", "coordinates": [ 5.35858, 6.24956 ] } },
{ "type": "Feature", "properties": { "name": null, "amenity": "kindergarten" }, "geometry": { "type": "Point", "coordinates": [ 5.09886, 6.34619 ] } },
{ "type": "Feature", "properties": { "name": null, "amenity": "school" }, "geometry": { "type": "Point", "coordinates": [ 5.10406, 6.39332 ] } },
{ "type": "Feature", "properties": { "name": null, "amenity": "school" }, "geometry": { "type": "Point", "coordinates": [ 5.1035, 6.394 ] } },
{ "type": "Feature", "properties": { "name": null, "amenity": "school" }, "geometry": { "type": "Point", "coordinates": [ 5.10259, 6.39187 ] } },
{ "type": "Feature", "properties": { "name": null, "amenity": "school" }, "geometry": { "type": "Point", "coordinates": [ 5.10337, 6.39269 ] } },
{ "type": "Feature", "properties": { "name": null, "amenity": "school" }, "geometry": { "type": "Point", "coordinates": [ 5.10312, 6.39234 ] } },
{ "type": "Feature", "properties": { "name": null, "amenity": "school" }, "geometry": { "type": "Point", "coordinates": [ 5.44178, 6.64453 ] } },
{ "type": "Feature", "properties": { "name": null, "amenity": "school" }, "geometry": { "type": "Point", "coordinates": [ 5.29211, 6.80691 ] } },
{ "type": "Feature", "properties": { "name": null, "amenity": "school" }, "geometry": { "type": "Point", "coordinates": [ 5.10859, 6.26663 ] } },
{ "type": "Feature", "properties": { "name": null, "amenity": "school" }, "geometry": { "type": "Point", "coordinates": [ 5.14378, 6.43683 ] } },
{ "type": "Feature", "properties": { "name": null, "amenity": "school" }, "geometry": { "type": "Point", "coordinates": [ 5.1435, 6.43729 ] } },
{ "type": "Feature", "properties": { "name": null, "amenity": "school" }, "geometry": { "type": "Point", "coordinates": [ 8.61147, 6.73587 ] } },
{ "type": "Feature", "properties": { "name": null, "amenity": "school" }, "geometry": { "type": "Point", "coordinates": [ 5.28984, 6.77373 ] } },
{ "type": "Feature", "properties": { "name": null, "amenity": "school" }, "geometry": { "type": "Point", "coordinates": [ 5.29007, 6.77384 ] } },
{ "type": "Feature", "properties": { "name": null, "amenity": "school" }, "geometry": { "type": "Point", "coordinates": [ 8.6785, 6.73908 ] } },
{ "type": "Feature", "properties": { "name": null, "amenity": "kindergarten" }, "geometry": { "type": "Point", "coordinates": [ 8.59491, 6.7608 ] } },
{ "type": "Feature", "properties": { "name": null, "amenity": "school" }, "geometry": { "type": "Point", "coordinates": [ 8.59311, 6.762 ] } },
{ "type": "Feature", "properties": { "name": null, "amenity": "school" }, "geometry": { "type": "Point", "coordinates": [ 8.74915, 6.8701 ] } },
{ "type": "Feature", "properties": { "name": null, "amenity": "school" }, "geometry": { "type": "Point", "coordinates": [ 8.74983, 6.86372 ] } },
{ "type": "Feature", "properties": { "name": null, "amenity": "school" }, "geometry": { "type": "Point", "coordinates": [ 8.7502, 6.86659 ] } },
{ "type": "Feature", "properties": { "name": null, "amenity": "school" }, "geometry": { "type": "Point", "coordinates": [ 5.09882, 6.34606 ] } },
{ "type": "Feature", "properties": { "name": null, "amenity": "school" }, "geometry": { "type": "Point", "coordinates": [ 5.09885, 6.34646 ] } },
{ "type": "Feature", "properties": { "name": null, "amenity": "kindergarten" }, "geometry": { "type": "Point", "coordinates": [ 8.61439, 6.7459 ] } },
{ "type": "Feature", "properties": { "name": null, "amenity": "school" }, "geometry": { "type": "Point", "coordinates": [ 8.61954, 6.73815 ] } },
{ "type": "Feature", "properties": { "name": null, "amenity": "school" }, "geometry": { "type": "Point", "coordinates": [ 8.7505, 6.87234 ] } },
{ "type": "Feature", "properties": { "name": null, "amenity": "school" }, "geometry": { "type": "Point", "coordinates": [ 9.12768, 6.27958 ] } },
{ "type": "Feature", "properties": { "name": null, "amenity": "school" }, "geometry": { "type": "Point", "coordinates": [ 8.58448, 6.3615 ] } },
{ "type": "Feature", "properties": { "name": null, "amenity": "school" }, "geometry": { "type": "Point", "coordinates": [ 8.58035, 6.36263 ] } },
{ "type": "Feature", "properties": { "name": null, "amenity": "school" }, "geometry": { "type": "Point", "coordinates": [ 8.98791, 6.2568 ] } },
{ "type": "Feature", "properties": { "name": null, "amenity": "kindergarten" }, "geometry": { "type": "Point", "coordinates": [ 9.0494, 6.26258 ] } },
{ "type": "Feature", "properties": { "name": null, "amenity": "school" }, "geometry": { "type": "Point", "coordinates": [ 9.04786, 6.2655 ] } },
{ "type": "Feature", "properties": { "name": null, "amenity": "school" }, "geometry": { "type": "Point", "coordinates": [ 8.42574, 6.24587 ] } },
{ "type": "Feature", "properties": { "name": null, "amenity": "school" }, "geometry": { "type": "Point", "coordinates": [ 8.42091, 6.24923 ] } },
{ "type": "Feature", "properties": { "name": null, "amenity": "school" }, "geometry": { "type": "Point", "coordinates": [ 8.42388, 6.24532 ] } },
{ "type": "Feature", "properties": { "name": null, "amenity": "school" }, "geometry": { "type": "Point", "coordinates": [ 8.51844, 6.35111 ] } },
{ "type": "Feature", "properties": { "name": null, "amenity": "school" }, "geometry": { "type": "Point", "coordinates": [ 9.05612, 6.27667 ] } },
{ "type": "Feature", "properties": { "name": null, "amenity": "school" }, "geometry": { "type": "Point", "coordinates": [ 9.04876, 6.45042 ] } },
{ "type": "Feature", "properties": { "name": null, "amenity": "school" }, "geometry": { "type": "Point", "coordinates": [ 9.04926, 6.44726 ] } },
{ "type": "Feature", "properties": { "name": null, "amenity": "kindergarten" }, "geometry": { "type": "Point", "coordinates": [ 8.65341, 6.78643 ] } },
{ "type": "Feature", "properties": { "name": null, "amenity": "school" }, "geometry": { "type": "Point", "coordinates": [ 8.64682, 6.79274 ] } },
{ "type": "Feature", "properties": { "name": null, "amenity": "kindergarten" }, "geometry": { "type": "Point", "coordinates": [ 8.65185, 6.78933 ] } },
{ "type": "Feature", "properties": { "name": null, "amenity": "school" }, "geometry": { "type": "Point", "coordinates": [ 8.98741, 6.257 ] } },
{ "type": "Feature", "properties": { "name": null, "amenity": "school" }, "geometry": { "type": "Point", "coordinates": [ 8.9871, 6.25364 ] } },
{ "type": "Feature", "properties": { "name": null, "amenity": "school" }, "geometry": { "type": "Point", "coordinates": [ 8.59949, 6.84853 ] } },
{ "type": "Feature", "properties": { "name": null, "amenity": "school" }, "geometry": { "type": "Point", "coordinates": [ 8.59738, 6.84777 ] } },
{ "type": "Feature", "properties": { "name": null, "amenity": "school" }, "geometry": { "type": "Point", "coordinates": [ 8.42463, 5.86206 ] } },
{ "type": "Feature", "properties": { "name": null, "amenity": "school" }, "geometry": { "type": "Point", "coordinates": [ 8.42734, 5.86743 ] } },
{ "type": "Feature", "properties": { "name": null, "amenity": "school" }, "geometry": { "type": "Point", "coordinates": [ 8.62645, 6.72696 ] } },
{ "type": "Feature", "properties": { "name": null, "amenity": "school" }, "geometry": { "type": "Point", "coordinates": [ 8.62818, 6.72791 ] } },
{ "type": "Feature", "properties": { "name": null, "amenity": "school" }, "geometry": { "type": "Point", "coordinates": [ 8.4774, 6.06901 ] } },
{ "type": "Feature", "properties": { "name": null, "amenity": "school" }, "geometry": { "type": "Point", "coordinates": [ 8.68276, 6.83738 ] } },
{ "type": "Feature", "properties": { "name": null, "amenity": "school" }, "geometry": { "type": "Point", "coordinates": [ 8.36348, 5.88834 ] } },
{ "type": "Feature", "properties": { "name": null, "amenity": "school" }, "geometry": { "type": "Point", "coordinates": [ 8.3664, 5.89922 ] } },
{ "type": "Feature", "properties": { "name": null, "amenity": "school" }, "geometry": { "type": "Point", "coordinates": [ 8.42757, 5.86797 ] } },
{ "type": "Feature", "properties": { "name": null, "amenity": "school" }, "geometry": { "type": "Point", "coordinates": [ 8.61217, 6.73231 ] } },
{ "type": "Feature", "properties": { "name": null, "amenity": "school" }, "geometry": { "type": "Point", "coordinates": [ 8.82297, 5.60273 ] } },
{ "type": "Feature", "properties": { "name": null, "amenity": "school" }, "geometry": { "type": "Point", "coordinates": [ 9.00654, 6.32925 ] } },
{ "type": "Feature", "properties": { "name": null, "amenity": "school" }, "geometry": { "type": "Point", "coordinates": [ 9.00923, 6.32868 ] } },
{ "type": "Feature", "properties": { "name": null, "amenity": "school" }, "geometry": { "type": "Point", "coordinates": [ 9.01068, 6.33299 ] } },
{ "type": "Feature", "properties": { "name": null, "amenity": "school" }, "geometry": { "type": "Point", "coordinates": [ 9.00938, 6.33245 ] } },
{ "type": "Feature", "properties": { "name": null, "amenity": "kindergarten" }, "geometry": { "type": "Point", "coordinates": [ 9.00989, 6.33178 ] } },
{ "type": "Feature", "properties": { "name": null, "amenity": "school" }, "geometry": { "type": "Point", "coordinates": [ 8.19287, 5.63922 ] } },
{ "type": "Feature", "properties": { "name": null, "amenity": "school" }, "geometry": { "type": "Point", "coordinates": [ 8.67671, 6.73946 ] } },
{ "type": "Feature", "properties": { "name": null, "amenity": "school" }, "geometry": { "type": "Point", "coordinates": [ 8.68008, 6.74118 ] } },
{ "type": "Feature", "properties": { "name": null, "amenity": "school" }, "geometry": { "type": "Point", "coordinates": [ 8.26666, 5.56491 ] } },
{ "type": "Feature", "properties": { "name": null, "amenity": "school" }, "geometry": { "type": "Point", "coordinates": [ 8.26778, 5.5709 ] } },
{ "type": "Feature", "properties": { "name": null, "amenity": "kindergarten" }, "geometry": { "type": "Point", "coordinates": [ 8.26597, 5.56883 ] } },
{ "type": "Feature", "properties": { "name": null, "amenity": "school" }, "geometry": { "type": "Point", "coordinates": [ 8.20174, 5.63914 ] } },
{ "type": "Feature", "properties": { "name": null, "amenity": "school" }, "geometry": { "type": "Point", "coordinates": [ 8.19668, 5.63916 ] } },
{ "type": "Feature", "properties": { "name": null, "amenity": "school" }, "geometry": { "type": "Point", "coordinates": [ 8.40884, 6.13102 ] } },
{ "type": "Feature", "properties": { "name": null, "amenity": "school" }, "geometry": { "type": "Point", "coordinates": [ 8.28984, 5.51755 ] } },
{ "type": "Feature", "properties": { "name": null, "amenity": "school" }, "geometry": { "type": "Point", "coordinates": [ 8.29031, 5.5134 ] } },
{ "type": "Feature", "properties": { "name": null, "amenity": "school" }, "geometry": { "type": "Point", "coordinates": [ 9.04613, 6.26633 ] } },
{ "type": "Feature", "properties": { "name": null, "amenity": "school" }, "geometry": { "type": "Point", "coordinates": [ 9.05005, 6.26268 ] } },
{ "type": "Feature", "properties": { "name": null, "amenity": "school" }, "geometry": { "type": "Point", "coordinates": [ 6.0098, 4.74453 ] } },
{ "type": "Feature", "properties": { "name": null, "amenity": "school" }, "geometry": { "type": "Point", "coordinates": [ 6.00825, 4.74822 ] } },
{ "type": "Feature", "properties": { "name": null, "amenity": "school" }, "geometry": { "type": "Point", "coordinates": [ 6.009, 4.74448 ] } },
{ "type": "Feature", "properties": { "name": null, "amenity": "school" }, "geometry": { "type": "Point", "coordinates": [ 6.01159, 4.75408 ] } },
{ "type": "Feature", "properties": { "name": null, "amenity": "school" }, "geometry": { "type": "Point", "coordinates": [ 6.0103, 4.75181 ] } },
{ "type": "Feature", "properties": { "name": null, "amenity": "school" }, "geometry": { "type": "Point", "coordinates": [ 6.0079, 4.74964 ] } },
{ "type": "Feature", "properties": { "name": null, "amenity": "school" }, "geometry": { "type": "Point", "coordinates": [ 6.53202, 5.24195 ] } },
{ "type": "Feature", "properties": { "name": null, "amenity": "school" }, "geometry": { "type": "Point", "coordinates": [ 6.53298, 5.23811 ] } },
{ "type": "Feature", "properties": { "name": null, "amenity": "school" }, "geometry": { "type": "Point", "coordinates": [ 6.53279, 5.23798 ] } },
{ "type": "Feature", "properties": { "name": null, "amenity": "school" }, "geometry": { "type": "Point", "coordinates": [ 6.53118, 5.23708 ] } },
{ "type": "Feature", "properties": { "name": null, "amenity": "school" }, "geometry": { "type": "Point", "coordinates": [ 6.53703, 5.23928 ] } },
{ "type": "Feature", "properties": { "name": null, "amenity": "kindergarten" }, "geometry": { "type": "Point", "coordinates": [ 6.53705, 5.23955 ] } },
{ "type": "Feature", "properties": { "name": null, "amenity": "school" }, "geometry": { "type": "Point", "coordinates": [ 6.43897, 5.30794 ] } },
{ "type": "Feature", "properties": { "name": null, "amenity": "school" }, "geometry": { "type": "Point", "coordinates": [ 6.43968, 5.30867 ] } },
{ "type": "Feature", "properties": { "name": null, "amenity": "school" }, "geometry": { "type": "Point", "coordinates": [ 6.14208, 4.71372 ] } },
{ "type": "Feature", "properties": { "name": null, "amenity": "school" }, "geometry": { "type": "Point", "coordinates": [ 6.14143, 4.71292 ] } },
{ "type": "Feature", "properties": { "name": null, "amenity": "school" }, "geometry": { "type": "Point", "coordinates": [ 6.13294, 4.74225 ] } },
{ "type": "Feature", "properties": { "name": null, "amenity": "school" }, "geometry": { "type": "Point", "coordinates": [ 6.12699, 4.74334 ] } },
{ "type": "Feature", "properties": { "name": null, "amenity": "school" }, "geometry": { "type": "Point", "coordinates": [ 6.128, 4.74146 ] } },
{ "type": "Feature", "properties": { "name": null, "amenity": "school" }, "geometry": { "type": "Point", "coordinates": [ 6.12657, 4.74304 ] } },
{ "type": "Feature", "properties": { "name": null, "amenity": "school" }, "geometry": { "type": "Point", "coordinates": [ 6.13253, 4.74136 ] } },
{ "type": "Feature", "properties": { "name": null, "amenity": "school" }, "geometry": { "type": "Point", "coordinates": [ 6.53217, 5.23834 ] } },
{ "type": "Feature", "properties": { "name": null, "amenity": "school" }, "geometry": { "type": "Point", "coordinates": [ 6.54236, 5.24077 ] } },
{ "type": "Feature", "properties": { "name": null, "amenity": "school" }, "geometry": { "type": "Point", "coordinates": [ 6.54237, 5.24115 ] } },
{ "type": "Feature", "properties": { "name": null, "amenity": "school" }, "geometry": { "type": "Point", "coordinates": [ 6.07938, 4.80584 ] } },
{ "type": "Feature", "properties": { "name": null, "amenity": "school" }, "geometry": { "type": "Point", "coordinates": [ 6.07825, 4.80153 ] } },
{ "type": "Feature", "properties": { "name": null, "amenity": "school" }, "geometry": { "type": "Point", "coordinates": [ 6.07891, 4.80046 ] } },
{ "type": "Feature", "properties": { "name": null, "amenity": "school" }, "geometry": { "type": "Point", "coordinates": [ 6.08157, 4.81117 ] } },
{ "type": "Feature", "properties": { "name": null, "amenity": "school" }, "geometry": { "type": "Point", "coordinates": [ 6.08051, 4.80986 ] } },
{ "type": "Feature", "properties": { "name": null, "amenity": "school" }, "geometry": { "type": "Point", "coordinates": [ 6.08162, 4.81109 ] } },
{ "type": "Feature", "properties": { "name": null, "amenity": "school" }, "geometry": { "type": "Point", "coordinates": [ 6.07939, 4.80598 ] } },
{ "type": "Feature", "properties": { "name": null, "amenity": "school" }, "geometry": { "type": "Point", "coordinates": [ 6.46957, 5.31408 ] } },
{ "type": "Feature", "properties": { "name": null, "amenity": "school" }, "geometry": { "type": "Point", "coordinates": [ 6.47064, 5.31468 ] } },
{ "type": "Feature", "properties": { "name": null, "amenity": "school" }, "geometry": { "type": "Point", "coordinates": [ 6.23084, 4.76185 ] } },
{ "type": "Feature", "properties": { "name": null, "amenity": "school" }, "geometry": { "type": "Point", "coordinates": [ 6.06555, 5.02736 ] } },
{ "type": "Feature", "properties": { "name": null, "amenity": "school" }, "geometry": { "type": "Point", "coordinates": [ 6.12229, 4.87861 ] } },
{ "type": "Feature", "properties": { "name": null, "amenity": "school" }, "geometry": { "type": "Point", "coordinates": [ 6.12596, 4.88132 ] } },
{ "type": "Feature", "properties": { "name": null, "amenity": "school" }, "geometry": { "type": "Point", "coordinates": [ 6.12244, 4.87881 ] } },
{ "type": "Feature", "properties": { "name": null, "amenity": "school" }, "geometry": { "type": "Point", "coordinates": [ 6.12672, 4.8804 ] } },
{ "type": "Feature", "properties": { "name": null, "amenity": "school" }, "geometry": { "type": "Point", "coordinates": [ 6.05939, 4.92237 ] } },
{ "type": "Feature", "properties": { "name": null, "amenity": "school" }, "geometry": { "type": "Point", "coordinates": [ 6.06467, 5.02694 ] } },
{ "type": "Feature", "properties": { "name": null, "amenity": "school" }, "geometry": { "type": "Point", "coordinates": [ 6.11421, 4.8304 ] } },
{ "type": "Feature", "properties": { "name": null, "amenity": "school" }, "geometry": { "type": "Point", "coordinates": [ 6.11486, 4.82999 ] } },
{ "type": "Feature", "properties": { "name": null, "amenity": "school" }, "geometry": { "type": "Point", "coordinates": [ 6.16067, 4.81539 ] } },
{ "type": "Feature", "properties": { "name": null, "amenity": "school" }, "geometry": { "type": "Point", "coordinates": [ 6.15844, 4.81791 ] } },
{ "type": "Feature", "properties": { "name": null, "amenity": "school" }, "geometry": { "type": "Point", "coordinates": [ 6.16414, 4.82047 ] } },
{ "type": "Feature", "properties": { "name": null, "amenity": "school" }, "geometry": { "type": "Point", "coordinates": [ 6.16213, 4.81729 ] } },
{ "type": "Feature", "properties": { "name": null, "amenity": "school" }, "geometry": { "type": "Point", "coordinates": [ 6.15362, 4.81942 ] } },
{ "type": "Feature", "properties": { "name": null, "amenity": "school" }, "geometry": { "type": "Point", "coordinates": [ 6.16028, 4.81712 ] } },
{ "type": "Feature", "properties": { "name": null, "amenity": "school" }, "geometry": { "type": "Point", "coordinates": [ 6.15914, 4.81824 ] } },
{ "type": "Feature", "properties": { "name": null, "amenity": "kindergarten" }, "geometry": { "type": "Point", "coordinates": [ 6.23099, 4.76189 ] } },
{ "type": "Feature", "properties": { "name": null, "amenity": "school" }, "geometry": { "type": "Point", "coordinates": [ 6.23009, 4.76129 ] } },
{ "type": "Feature", "properties": { "name": null, "amenity": "school" }, "geometry": { "type": "Point", "coordinates": [ 6.02759, 4.70383 ] } },
{ "type": "Feature", "properties": { "name": null, "amenity": "school" }, "geometry": { "type": "Point", "coordinates": [ 6.02863, 4.70132 ] } },
{ "type": "Feature", "properties": { "name": null, "amenity": "kindergarten" }, "geometry": { "type": "Point", "coordinates": [ 6.02944, 4.70096 ] } },
{ "type": "Feature", "properties": { "name": null, "amenity": "school" }, "geometry": { "type": "Point", "coordinates": [ 6.02985, 4.70121 ] } },
{ "type": "Feature", "properties": { "name": null, "amenity": "school" }, "geometry": { "type": "Point", "coordinates": [ 6.02862, 4.70121 ] } },
{ "type": "Feature", "properties": { "name": null, "amenity": "school" }, "geometry": { "type": "Point", "coordinates": [ 6.4544, 5.31393 ] } },
{ "type": "Feature", "properties": { "name": null, "amenity": "school" }, "geometry": { "type": "Point", "coordinates": [ 6.45407, 5.31508 ] } },
{ "type": "Feature", "properties": { "name": null, "amenity": "school" }, "geometry": { "type": "Point", "coordinates": [ 6.08768, 4.69771 ] } },
{ "type": "Feature", "properties": { "name": null, "amenity": "school" }, "geometry": { "type": "Point", "coordinates": [ 6.08744, 4.69712 ] } },
{ "type": "Feature", "properties": { "name": null, "amenity": "school" }, "geometry": { "type": "Point", "coordinates": [ 6.08926, 4.70636 ] } },
{ "type": "Feature", "properties": { "name": null, "amenity": "school" }, "geometry": { "type": "Point", "coordinates": [ 5.9999, 4.71031 ] } },
{ "type": "Feature", "properties": { "name": null, "amenity": "school" }, "geometry": { "type": "Point", "coordinates": [ 5.9984, 4.70325 ] } },
{ "type": "Feature", "properties": { "name": null, "amenity": "school" }, "geometry": { "type": "Point", "coordinates": [ 5.99921, 4.70313 ] } },
{ "type": "Feature", "properties": { "name": null, "amenity": "school" }, "geometry": { "type": "Point", "coordinates": [ 6.48348, 5.50014 ] } },
{ "type": "Feature", "properties": { "name": null, "amenity": "school" }, "geometry": { "type": "Point", "coordinates": [ 6.11782, 4.68282 ] } },
{ "type": "Feature", "properties": { "name": null, "amenity": "school" }, "geometry": { "type": "Point", "coordinates": [ 6.53399, 5.81807 ] } },
{ "type": "Feature", "properties": { "name": null, "amenity": "school" }, "geometry": { "type": "Point", "coordinates": [ 6.5318, 5.81926 ] } },
{ "type": "Feature", "properties": { "name": null, "amenity": "school" }, "geometry": { "type": "Point", "coordinates": [ 6.41586, 5.46166 ] } },
{ "type": "Feature", "properties": { "name": null, "amenity": "school" }, "geometry": { "type": "Point", "coordinates": [ 6.41271, 5.46413 ] } },
{ "type": "Feature", "properties": { "name": null, "amenity": "school" }, "geometry": { "type": "Point", "coordinates": [ 6.60919, 5.97842 ] } },
{ "type": "Feature", "properties": { "name": null, "amenity": "school" }, "geometry": { "type": "Point", "coordinates": [ 6.60938, 5.98188 ] } },
{ "type": "Feature", "properties": { "name": null, "amenity": "kindergarten" }, "geometry": { "type": "Point", "coordinates": [ 6.41952, 5.45986 ] } },
{ "type": "Feature", "properties": { "name": null, "amenity": "school" }, "geometry": { "type": "Point", "coordinates": [ 6.60865, 5.98519 ] } },
{ "type": "Feature", "properties": { "name": null, "amenity": "kindergarten" }, "geometry": { "type": "Point", "coordinates": [ 7.55503, 4.76583 ] } },
{ "type": "Feature", "properties": { "name": null, "amenity": "kindergarten" }, "geometry": { "type": "Point", "coordinates": [ 7.71465, 5.48256 ] } },
{ "type": "Feature", "properties": { "name": null, "amenity": "school" }, "geometry": { "type": "Point", "coordinates": [ 7.71518, 5.48305 ] } },
{ "type": "Feature", "properties": { "name": null, "amenity": "school" }, "geometry": { "type": "Point", "coordinates": [ 7.71452, 5.48212 ] } },
{ "type": "Feature", "properties": { "name": null, "amenity": "school" }, "geometry": { "type": "Point", "coordinates": [ 6.41705, 5.44708 ] } },
{ "type": "Feature", "properties": { "name": null, "amenity": "school" }, "geometry": { "type": "Point", "coordinates": [ 7.58413, 4.68934 ] } },
{ "type": "Feature", "properties": { "name": null, "amenity": "school" }, "geometry": { "type": "Point", "coordinates": [ 7.58872, 4.76486 ] } },
{ "type": "Feature", "properties": { "name": null, "amenity": "school" }, "geometry": { "type": "Point", "coordinates": [ 7.58166, 4.7556 ] } },
{ "type": "Feature", "properties": { "name": null, "amenity": "school" }, "geometry": { "type": "Point", "coordinates": [ 7.5585, 4.76352 ] } },
{ "type": "Feature", "properties": { "name": null, "amenity": "school" }, "geometry": { "type": "Point", "coordinates": [ 7.56158, 4.68502 ] } },
{ "type": "Feature", "properties": { "name": null, "amenity": "school" }, "geometry": { "type": "Point", "coordinates": [ 8.60137, 11.3666 ] } },
{ "type": "Feature", "properties": { "name": null, "amenity": "school" }, "geometry": { "type": "Point", "coordinates": [ 8.78971, 11.36052 ] } },
{ "type": "Feature", "properties": { "name": null, "amenity": "school" }, "geometry": { "type": "Point", "coordinates": [ 8.79252, 11.36094 ] } },
{ "type": "Feature", "properties": { "name": null, "amenity": "school" }, "geometry": { "type": "Point", "coordinates": [ 8.80959, 11.25072 ] } },
{ "type": "Feature", "properties": { "name": null, "amenity": "school" }, "geometry": { "type": "Point", "coordinates": [ 8.80891, 11.24851 ] } },
{ "type": "Feature", "properties": { "name": null, "amenity": "school" }, "geometry": { "type": "Point", "coordinates": [ 8.80953, 11.25083 ] } },
{ "type": "Feature", "properties": { "name": null, "amenity": "school" }, "geometry": { "type": "Point", "coordinates": [ 8.76644, 11.21298 ] } },
{ "type": "Feature", "properties": { "name": null, "amenity": "school" }, "geometry": { "type": "Point", "coordinates": [ 8.76482, 11.21129 ] } },
{ "type": "Feature", "properties": { "name": null, "amenity": "school" }, "geometry": { "type": "Point", "coordinates": [ 8.73249, 11.28022 ] } },
{ "type": "Feature", "properties": { "name": null, "amenity": "school" }, "geometry": { "type": "Point", "coordinates": [ 8.57203, 11.35161 ] } },
{ "type": "Feature", "properties": { "name": null, "amenity": "school" }, "geometry": { "type": "Point", "coordinates": [ 8.76505, 11.20973 ] } },
{ "type": "Feature", "properties": { "name": null, "amenity": "school" }, "geometry": { "type": "Point", "coordinates": [ 8.76586, 11.21354 ] } },
{ "type": "Feature", "properties": { "name": null, "amenity": "school" }, "geometry": { "type": "Point", "coordinates": [ 8.74052, 11.29082 ] } },
{ "type": "Feature", "properties": { "name": null, "amenity": "school" }, "geometry": { "type": "Point", "coordinates": [ 8.76534, 12.19882 ] } },
{ "type": "Feature", "properties": { "name": null, "amenity": "school" }, "geometry": { "type": "Point", "coordinates": [ 8.76633, 12.19849 ] } },
{ "type": "Feature", "properties": { "name": null, "amenity": "school" }, "geometry": { "type": "Point", "coordinates": [ 8.70796, 12.39826 ] } },
{ "type": "Feature", "properties": { "name": null, "amenity": "school" }, "geometry": { "type": "Point", "coordinates": [ 6.4317, 5.45971 ] } },
{ "type": "Feature", "properties": { "name": null, "amenity": "school" }, "geometry": { "type": "Point", "coordinates": [ 8.63223, 12.51547 ] } },
{ "type": "Feature", "properties": { "name": null, "amenity": "school" }, "geometry": { "type": "Point", "coordinates": [ 8.63052, 12.51675 ] } },
{ "type": "Feature", "properties": { "name": null, "amenity": "school" }, "geometry": { "type": "Point", "coordinates": [ 8.63091, 12.5164 ] } },
{ "type": "Feature", "properties": { "name": null, "amenity": "school" }, "geometry": { "type": "Point", "coordinates": [ 8.07153, 11.53827 ] } },
{ "type": "Feature", "properties": { "name": null, "amenity": "school" }, "geometry": { "type": "Point", "coordinates": [ 8.07319, 11.53947 ] } },
{ "type": "Feature", "properties": { "name": null, "amenity": "school" }, "geometry": { "type": "Point", "coordinates": [ 8.07148, 11.53842 ] } },
{ "type": "Feature", "properties": { "name": null, "amenity": "school" }, "geometry": { "type": "Point", "coordinates": [ 8.07609, 11.54034 ] } },
{ "type": "Feature", "properties": { "name": null, "amenity": "school" }, "geometry": { "type": "Point", "coordinates": [ 8.67735, 12.42974 ] } },
{ "type": "Feature", "properties": { "name": null, "amenity": "school" }, "geometry": { "type": "Point", "coordinates": [ 8.04612, 11.49912 ] } },
{ "type": "Feature", "properties": { "name": null, "amenity": "school" }, "geometry": { "type": "Point", "coordinates": [ 8.0457, 11.49692 ] } },
{ "type": "Feature", "properties": { "name": null, "amenity": "school" }, "geometry": { "type": "Point", "coordinates": [ 8.0458, 11.49821 ] } },
{ "type": "Feature", "properties": { "name": null, "amenity": "school" }, "geometry": { "type": "Point", "coordinates": [ 8.0442, 11.49898 ] } },
{ "type": "Feature", "properties": { "name": null, "amenity": "school" }, "geometry": { "type": "Point", "coordinates": [ 8.76075, 11.34336 ] } },
{ "type": "Feature", "properties": { "name": null, "amenity": "school" }, "geometry": { "type": "Point", "coordinates": [ 8.07465, 11.53995 ] } },
{ "type": "Feature", "properties": { "name": null, "amenity": "school" }, "geometry": { "type": "Point", "coordinates": [ 8.73236, 12.29246 ] } },
{ "type": "Feature", "properties": { "name": null, "amenity": "school" }, "geometry": { "type": "Point", "coordinates": [ 8.59304, 11.3663 ] } },
{ "type": "Feature", "properties": { "name": null, "amenity": "school" }, "geometry": { "type": "Point", "coordinates": [ 8.06654, 11.48626 ] } },
{ "type": "Feature", "properties": { "name": null, "amenity": "school" }, "geometry": { "type": "Point", "coordinates": [ 8.06653, 11.48577 ] } },
{ "type": "Feature", "properties": { "name": null, "amenity": "school" }, "geometry": { "type": "Point", "coordinates": [ 8.70817, 12.44401 ] } },
{ "type": "Feature", "properties": { "name": null, "amenity": "school" }, "geometry": { "type": "Point", "coordinates": [ 8.70897, 12.44263 ] } },
{ "type": "Feature", "properties": { "name": null, "amenity": "school" }, "geometry": { "type": "Point", "coordinates": [ 8.0431, 11.49823 ] } },
{ "type": "Feature", "properties": { "name": null, "amenity": "school" }, "geometry": { "type": "Point", "coordinates": [ 8.04684, 11.49569 ] } },
{ "type": "Feature", "properties": { "name": null, "amenity": "school" }, "geometry": { "type": "Point", "coordinates": [ 8.04522, 11.49851 ] } },
{ "type": "Feature", "properties": { "name": null, "amenity": "school" }, "geometry": { "type": "Point", "coordinates": [ 8.0463, 11.49715 ] } },
{ "type": "Feature", "properties": { "name": null, "amenity": "school" }, "geometry": { "type": "Point", "coordinates": [ 3.5416, 8.48921 ] } },
{ "type": "Feature", "properties": { "name": null, "amenity": "school" }, "geometry": { "type": "Point", "coordinates": [ 3.53768, 8.49144 ] } },
{ "type": "Feature", "properties": { "name": null, "amenity": "school" }, "geometry": { "type": "Point", "coordinates": [ 3.03962, 8.62696 ] } },
{ "type": "Feature", "properties": { "name": null, "amenity": "school" }, "geometry": { "type": "Point", "coordinates": [ 8.02275, 11.49803 ] } },
{ "type": "Feature", "properties": { "name": null, "amenity": "school" }, "geometry": { "type": "Point", "coordinates": [ 2.75974, 8.56263 ] } },
{ "type": "Feature", "properties": { "name": null, "amenity": "school" }, "geometry": { "type": "Point", "coordinates": [ 2.76579, 8.55975 ] } },
{ "type": "Feature", "properties": { "name": null, "amenity": "school" }, "geometry": { "type": "Point", "coordinates": [ 3.29954, 8.7345 ] } },
{ "type": "Feature", "properties": { "name": null, "amenity": "school" }, "geometry": { "type": "Point", "coordinates": [ 8.63136, 12.51543 ] } },
{ "type": "Feature", "properties": { "name": null, "amenity": "school" }, "geometry": { "type": "Point", "coordinates": [ 2.87332, 8.56818 ] } },
{ "type": "Feature", "properties": { "name": null, "amenity": "school" }, "geometry": { "type": "Point", "coordinates": [ 2.96432, 8.05873 ] } },
{ "type": "Feature", "properties": { "name": null, "amenity": "school" }, "geometry": { "type": "Point", "coordinates": [ 3.03905, 8.62974 ] } },
{ "type": "Feature", "properties": { "name": null, "amenity": "school" }, "geometry": { "type": "Point", "coordinates": [ 3.16159, 8.79618 ] } },
{ "type": "Feature", "properties": { "name": null, "amenity": "school" }, "geometry": { "type": "Point", "coordinates": [ 3.10139, 7.73254 ] } },
{ "type": "Feature", "properties": { "name": null, "amenity": "school" }, "geometry": { "type": "Point", "coordinates": [ 3.09923, 7.73546 ] } },
{ "type": "Feature", "properties": { "name": null, "amenity": "school" }, "geometry": { "type": "Point", "coordinates": [ 3.2071, 7.77292 ] } },
{ "type": "Feature", "properties": { "name": null, "amenity": "school" }, "geometry": { "type": "Point", "coordinates": [ 3.1215, 7.79181 ] } },
{ "type": "Feature", "properties": { "name": null, "amenity": "school" }, "geometry": { "type": "Point", "coordinates": [ 3.12204, 7.79409 ] } },
{ "type": "Feature", "properties": { "name": null, "amenity": "school" }, "geometry": { "type": "Point", "coordinates": [ 3.22466, 7.8317 ] } },
{ "type": "Feature", "properties": { "name": null, "amenity": "school" }, "geometry": { "type": "Point", "coordinates": [ 3.22421, 7.83784 ] } },
{ "type": "Feature", "properties": { "name": null, "amenity": "school" }, "geometry": { "type": "Point", "coordinates": [ 3.22202, 7.84153 ] } },
{ "type": "Feature", "properties": { "name": null, "amenity": "school" }, "geometry": { "type": "Point", "coordinates": [ 3.22008, 7.8286 ] } },
{ "type": "Feature", "properties": { "name": null, "amenity": "school" }, "geometry": { "type": "Point", "coordinates": [ 3.22659, 7.84403 ] } },
{ "type": "Feature", "properties": { "name": null, "amenity": "kindergarten" }, "geometry": { "type": "Point", "coordinates": [ 3.02931, 8.30391 ] } },
{ "type": "Feature", "properties": { "name": null, "amenity": "school" }, "geometry": { "type": "Point", "coordinates": [ 8.06553, 11.48648 ] } },
{ "type": "Feature", "properties": { "name": null, "amenity": "school" }, "geometry": { "type": "Point", "coordinates": [ 2.99885, 8.28054 ] } },
{ "type": "Feature", "properties": { "name": null, "amenity": "school" }, "geometry": { "type": "Point", "coordinates": [ 3.14598, 7.8818 ] } },
{ "type": "Feature", "properties": { "name": null, "amenity": "school" }, "geometry": { "type": "Point", "coordinates": [ 3.14748, 7.87983 ] } },
{ "type": "Feature", "properties": { "name": null, "amenity": "school" }, "geometry": { "type": "Point", "coordinates": [ 3.15033, 7.8764 ] } },
{ "type": "Feature", "properties": { "name": null, "amenity": "school" }, "geometry": { "type": "Point", "coordinates": [ 3.22563, 7.85022 ] } },
{ "type": "Feature", "properties": { "name": null, "amenity": "school" }, "geometry": { "type": "Point", "coordinates": [ 2.99569, 8.2808 ] } },
{ "type": "Feature", "properties": { "name": null, "amenity": "school" }, "geometry": { "type": "Point", "coordinates": [ 2.99806, 8.28278 ] } },
{ "type": "Feature", "properties": { "name": null, "amenity": "school" }, "geometry": { "type": "Point", "coordinates": [ 3.18808, 7.8524 ] } },
{ "type": "Feature", "properties": { "name": null, "amenity": "school" }, "geometry": { "type": "Point", "coordinates": [ 4.00584, 8.24048 ] } },
{ "type": "Feature", "properties": { "name": null, "amenity": "school" }, "geometry": { "type": "Point", "coordinates": [ 4.07966, 8.28018 ] } },
{ "type": "Feature", "properties": { "name": null, "amenity": "school" }, "geometry": { "type": "Point", "coordinates": [ 4.10799, 8.28593 ] } },
{ "type": "Feature", "properties": { "name": null, "amenity": "school" }, "geometry": { "type": "Point", "coordinates": [ 3.97782, 8.22655 ] } },
{ "type": "Feature", "properties": { "name": null, "amenity": "school" }, "geometry": { "type": "Point", "coordinates": [ 4.26712, 8.42845 ] } },
{ "type": "Feature", "properties": { "name": null, "amenity": "school" }, "geometry": { "type": "Point", "coordinates": [ 4.26528, 8.43144 ] } },
{ "type": "Feature", "properties": { "name": null, "amenity": "school" }, "geometry": { "type": "Point", "coordinates": [ 2.91865, 8.57062 ] } },
{ "type": "Feature", "properties": { "name": null, "amenity": "school" }, "geometry": { "type": "Point", "coordinates": [ 4.00805, 8.24134 ] } },
{ "type": "Feature", "properties": { "name": null, "amenity": "school" }, "geometry": { "type": "Point", "coordinates": [ 4.1311, 8.42172 ] } },
{ "type": "Feature", "properties": { "name": null, "amenity": "school" }, "geometry": { "type": "Point", "coordinates": [ 3.59794, 7.60262 ] } },
{ "type": "Feature", "properties": { "name": null, "amenity": "school" }, "geometry": { "type": "Point", "coordinates": [ 4.07008, 8.39196 ] } },
{ "type": "Feature", "properties": { "name": null, "amenity": "school" }, "geometry": { "type": "Point", "coordinates": [ 4.13269, 8.42413 ] } },
{ "type": "Feature", "properties": { "name": null, "amenity": "school" }, "geometry": { "type": "Point", "coordinates": [ 3.41249, 8.82498 ] } },
{ "type": "Feature", "properties": { "name": null, "amenity": "school" }, "geometry": { "type": "Point", "coordinates": [ 3.73213, 7.59591 ] } },
{ "type": "Feature", "properties": { "name": null, "amenity": "school" }, "geometry": { "type": "Point", "coordinates": [ 4.0813, 8.25562 ] } },
{ "type": "Feature", "properties": { "name": null, "amenity": "school" }, "geometry": { "type": "Point", "coordinates": [ 4.08013, 8.25229 ] } },
{ "type": "Feature", "properties": { "name": null, "amenity": "school" }, "geometry": { "type": "Point", "coordinates": [ 3.70863, 7.60893 ] } },
{ "type": "Feature", "properties": { "name": null, "amenity": "school" }, "geometry": { "type": "Point", "coordinates": [ 3.70925, 7.60701 ] } },
{ "type": "Feature", "properties": { "name": null, "amenity": "school" }, "geometry": { "type": "Point", "coordinates": [ 4.2423, 8.45488 ] } },
{ "type": "Feature", "properties": { "name": null, "amenity": "school" }, "geometry": { "type": "Point", "coordinates": [ 4.00526, 8.15099 ] } },
{ "type": "Feature", "properties": { "name": null, "amenity": "school" }, "geometry": { "type": "Point", "coordinates": [ 3.02853, 8.30543 ] } },
{ "type": "Feature", "properties": { "name": null, "amenity": "school" }, "geometry": { "type": "Point", "coordinates": [ 3.13675, 8.67702 ] } },
{ "type": "Feature", "properties": { "name": null, "amenity": "school" }, "geometry": { "type": "Point", "coordinates": [ 4.01402, 8.18974 ] } },
{ "type": "Feature", "properties": { "name": null, "amenity": "school" }, "geometry": { "type": "Point", "coordinates": [ 4.00156, 8.15798 ] } },
{ "type": "Feature", "properties": { "name": null, "amenity": "school" }, "geometry": { "type": "Point", "coordinates": [ 4.00297, 8.14987 ] } },
{ "type": "Feature", "properties": { "name": null, "amenity": "school" }, "geometry": { "type": "Point", "coordinates": [ 4.06653, 8.16474 ] } },
{ "type": "Feature", "properties": { "name": null, "amenity": "school" }, "geometry": { "type": "Point", "coordinates": [ 4.05341, 8.32455 ] } },
{ "type": "Feature", "properties": { "name": null, "amenity": "school" }, "geometry": { "type": "Point", "coordinates": [ 4.05598, 8.32374 ] } },
{ "type": "Feature", "properties": { "name": null, "amenity": "school" }, "geometry": { "type": "Point", "coordinates": [ 4.05446, 8.32412 ] } },
{ "type": "Feature", "properties": { "name": null, "amenity": "school" }, "geometry": { "type": "Point", "coordinates": [ 4.07441, 8.23214 ] } },
{ "type": "Feature", "properties": { "name": null, "amenity": "school" }, "geometry": { "type": "Point", "coordinates": [ 4.07228, 8.23605 ] } },
{ "type": "Feature", "properties": { "name": null, "amenity": "school" }, "geometry": { "type": "Point", "coordinates": [ 4.08195, 8.35088 ] } },
{ "type": "Feature", "properties": { "name": null, "amenity": "school" }, "geometry": { "type": "Point", "coordinates": [ 4.01019, 8.1941 ] } },
{ "type": "Feature", "properties": { "name": null, "amenity": "school" }, "geometry": { "type": "Point", "coordinates": [ 4.01075, 8.19368 ] } },
{ "type": "Feature", "properties": { "name": null, "amenity": "school" }, "geometry": { "type": "Point", "coordinates": [ 4.26704, 8.42886 ] } },
{ "type": "Feature", "properties": { "name": null, "amenity": "school" }, "geometry": { "type": "Point", "coordinates": [ 4.24154, 8.46166 ] } },
{ "type": "Feature", "properties": { "name": null, "amenity": "school" }, "geometry": { "type": "Point", "coordinates": [ 4.24257, 8.4545 ] } },
{ "type": "Feature", "properties": { "name": null, "amenity": "school" }, "geometry": { "type": "Point", "coordinates": [ 4.06904, 8.1626 ] } },
{ "type": "Feature", "properties": { "name": null, "amenity": "school" }, "geometry": { "type": "Point", "coordinates": [ 4.64367, 6.91464 ] } },
{ "type": "Feature", "properties": { "name": null, "amenity": "school" }, "geometry": { "type": "Point", "coordinates": [ 4.64263, 6.91538 ] } },
{ "type": "Feature", "properties": { "name": null, "amenity": "school" }, "geometry": { "type": "Point", "coordinates": [ 4.91163, 7.30317 ] } },
{ "type": "Feature", "properties": { "name": null, "amenity": "school" }, "geometry": { "type": "Point", "coordinates": [ 4.91143, 7.29543 ] } },
{ "type": "Feature", "properties": { "name": null, "amenity": "school" }, "geometry": { "type": "Point", "coordinates": [ 4.91172, 7.30191 ] } },
{ "type": "Feature", "properties": { "name": null, "amenity": "school" }, "geometry": { "type": "Point", "coordinates": [ 4.48157, 6.77918 ] } },
{ "type": "Feature", "properties": { "name": null, "amenity": "school" }, "geometry": { "type": "Point", "coordinates": [ 4.47972, 6.77678 ] } },
{ "type": "Feature", "properties": { "name": null, "amenity": "school" }, "geometry": { "type": "Point", "coordinates": [ 4.4816, 6.78091 ] } },
{ "type": "Feature", "properties": { "name": null, "amenity": "school" }, "geometry": { "type": "Point", "coordinates": [ 4.48183, 6.78019 ] } },
{ "type": "Feature", "properties": { "name": null, "amenity": "school" }, "geometry": { "type": "Point", "coordinates": [ 4.94139, 7.35511 ] } },
{ "type": "Feature", "properties": { "name": null, "amenity": "school" }, "geometry": { "type": "Point", "coordinates": [ 4.94487, 7.35905 ] } },
{ "type": "Feature", "properties": { "name": null, "amenity": "school" }, "geometry": { "type": "Point", "coordinates": [ 4.00171, 8.1564 ] } },
{ "type": "Feature", "properties": { "name": null, "amenity": "school" }, "geometry": { "type": "Point", "coordinates": [ 4.00573, 8.16227 ] } },
{ "type": "Feature", "properties": { "name": null, "amenity": "school" }, "geometry": { "type": "Point", "coordinates": [ 4.014, 8.19111 ] } },
{ "type": "Feature", "properties": { "name": null, "amenity": "school" }, "geometry": { "type": "Point", "coordinates": [ 4.01248, 8.18828 ] } },
{ "type": "Feature", "properties": { "name": null, "amenity": "school" }, "geometry": { "type": "Point", "coordinates": [ 4.97214, 6.63308 ] } },
{ "type": "Feature", "properties": { "name": null, "amenity": "school" }, "geometry": { "type": "Point", "coordinates": [ 4.96907, 6.64097 ] } },
{ "type": "Feature", "properties": { "name": null, "amenity": "school" }, "geometry": { "type": "Point", "coordinates": [ 4.96936, 6.64098 ] } },
{ "type": "Feature", "properties": { "name": null, "amenity": "school" }, "geometry": { "type": "Point", "coordinates": [ 4.96683, 6.63697 ] } },
{ "type": "Feature", "properties": { "name": null, "amenity": "school" }, "geometry": { "type": "Point", "coordinates": [ 5.12096, 6.81674 ] } },
{ "type": "Feature", "properties": { "name": null, "amenity": "school" }, "geometry": { "type": "Point", "coordinates": [ 5.01759, 6.62646 ] } },
{ "type": "Feature", "properties": { "name": null, "amenity": "school" }, "geometry": { "type": "Point", "coordinates": [ 5.01913, 6.62187 ] } },
{ "type": "Feature", "properties": { "name": null, "amenity": "school" }, "geometry": { "type": "Point", "coordinates": [ 5.01562, 6.62722 ] } },
{ "type": "Feature", "properties": { "name": null, "amenity": "school" }, "geometry": { "type": "Point", "coordinates": [ 5.02011, 6.62405 ] } },
{ "type": "Feature", "properties": { "name": null, "amenity": "school" }, "geometry": { "type": "Point", "coordinates": [ 3.65252, 7.69909 ] } },
{ "type": "Feature", "properties": { "name": null, "amenity": "kindergarten" }, "geometry": { "type": "Point", "coordinates": [ 4.07188, 8.23342 ] } },
{ "type": "Feature", "properties": { "name": null, "amenity": "school" }, "geometry": { "type": "Point", "coordinates": [ 4.07349, 8.23277 ] } },
{ "type": "Feature", "properties": { "name": null, "amenity": "school" }, "geometry": { "type": "Point", "coordinates": [ 4.07195, 8.23675 ] } },
{ "type": "Feature", "properties": { "name": null, "amenity": "school" }, "geometry": { "type": "Point", "coordinates": [ 4.51668, 6.80951 ] } },
{ "type": "Feature", "properties": { "name": null, "amenity": "school" }, "geometry": { "type": "Point", "coordinates": [ 4.51897, 6.81393 ] } },
{ "type": "Feature", "properties": { "name": null, "amenity": "school" }, "geometry": { "type": "Point", "coordinates": [ 4.77967, 6.93592 ] } },
{ "type": "Feature", "properties": { "name": null, "amenity": "school" }, "geometry": { "type": "Point", "coordinates": [ 4.77773, 6.9374 ] } },
{ "type": "Feature", "properties": { "name": null, "amenity": "school" }, "geometry": { "type": "Point", "coordinates": [ 4.45518, 6.77059 ] } },
{ "type": "Feature", "properties": { "name": null, "amenity": "school" }, "geometry": { "type": "Point", "coordinates": [ 4.4542, 6.76926 ] } },
{ "type": "Feature", "properties": { "name": null, "amenity": "school" }, "geometry": { "type": "Point", "coordinates": [ 4.45444, 6.77036 ] } },
{ "type": "Feature", "properties": { "name": null, "amenity": "school" }, "geometry": { "type": "Point", "coordinates": [ 4.79334, 6.92491 ] } },
{ "type": "Feature", "properties": { "name": null, "amenity": "school" }, "geometry": { "type": "Point", "coordinates": [ 5.01576, 7.00368 ] } },
{ "type": "Feature", "properties": { "name": null, "amenity": "school" }, "geometry": { "type": "Point", "coordinates": [ 5.01699, 7.00677 ] } },
{ "type": "Feature", "properties": { "name": null, "amenity": "school" }, "geometry": { "type": "Point", "coordinates": [ 4.91609, 7.2983 ] } },
{ "type": "Feature", "properties": { "name": null, "amenity": "school" }, "geometry": { "type": "Point", "coordinates": [ 5.1206, 6.82497 ] } },
{ "type": "Feature", "properties": { "name": null, "amenity": "school" }, "geometry": { "type": "Point", "coordinates": [ 5.11978, 6.82268 ] } },
{ "type": "Feature", "properties": { "name": null, "amenity": "school" }, "geometry": { "type": "Point", "coordinates": [ 5.11972, 6.82004 ] } },
{ "type": "Feature", "properties": { "name": null, "amenity": "school" }, "geometry": { "type": "Point", "coordinates": [ 5.12097, 6.8267 ] } },
{ "type": "Feature", "properties": { "name": null, "amenity": "school" }, "geometry": { "type": "Point", "coordinates": [ 4.72061, 6.96549 ] } },
{ "type": "Feature", "properties": { "name": null, "amenity": "school" }, "geometry": { "type": "Point", "coordinates": [ 4.78653, 6.89451 ] } },
{ "type": "Feature", "properties": { "name": null, "amenity": "school" }, "geometry": { "type": "Point", "coordinates": [ 4.79466, 6.93016 ] } },
{ "type": "Feature", "properties": { "name": null, "amenity": "school" }, "geometry": { "type": "Point", "coordinates": [ 4.79199, 6.92705 ] } },
{ "type": "Feature", "properties": { "name": null, "amenity": "school" }, "geometry": { "type": "Point", "coordinates": [ 4.97724, 6.58135 ] } },
{ "type": "Feature", "properties": { "name": null, "amenity": "school" }, "geometry": { "type": "Point", "coordinates": [ 8.95987, 12.48219 ] } },
{ "type": "Feature", "properties": { "name": null, "amenity": "school" }, "geometry": { "type": "Point", "coordinates": [ 8.95988, 12.48145 ] } },
{ "type": "Feature", "properties": { "name": null, "amenity": "school" }, "geometry": { "type": "Point", "coordinates": [ 9.19818, 12.79096 ] } },
{ "type": "Feature", "properties": { "name": null, "amenity": "school" }, "geometry": { "type": "Point", "coordinates": [ 5.01896, 6.62439 ] } },
{ "type": "Feature", "properties": { "name": null, "amenity": "school" }, "geometry": { "type": "Point", "coordinates": [ 5.01543, 6.62191 ] } },
{ "type": "Feature", "properties": { "name": null, "amenity": "school" }, "geometry": { "type": "Point", "coordinates": [ 5.01528, 6.62471 ] } },
{ "type": "Feature", "properties": { "name": null, "amenity": "school" }, "geometry": { "type": "Point", "coordinates": [ 5.01551, 6.61873 ] } },
{ "type": "Feature", "properties": { "name": null, "amenity": "school" }, "geometry": { "type": "Point", "coordinates": [ 4.54973, 6.82912 ] } },
{ "type": "Feature", "properties": { "name": null, "amenity": "school" }, "geometry": { "type": "Point", "coordinates": [ 4.55014, 6.82893 ] } },
{ "type": "Feature", "properties": { "name": null, "amenity": "school" }, "geometry": { "type": "Point", "coordinates": [ 4.55885, 6.8289 ] } },
{ "type": "Feature", "properties": { "name": null, "amenity": "school" }, "geometry": { "type": "Point", "coordinates": [ 4.55101, 6.82877 ] } },
{ "type": "Feature", "properties": { "name": null, "amenity": "school" }, "geometry": { "type": "Point", "coordinates": [ 9.35223, 11.91141 ] } },
{ "type": "Feature", "properties": { "name": null, "amenity": "school" }, "geometry": { "type": "Point", "coordinates": [ 9.35133, 11.91067 ] } },
{ "type": "Feature", "properties": { "name": null, "amenity": "school" }, "geometry": { "type": "Point", "coordinates": [ 9.35145, 11.91208 ] } },
{ "type": "Feature", "properties": { "name": null, "amenity": "school" }, "geometry": { "type": "Point", "coordinates": [ 9.49163, 11.99016 ] } },
{ "type": "Feature", "properties": { "name": null, "amenity": "school" }, "geometry": { "type": "Point", "coordinates": [ 9.49071, 11.9886 ] } },
{ "type": "Feature", "properties": { "name": null, "amenity": "school" }, "geometry": { "type": "Point", "coordinates": [ 9.44964, 11.95985 ] } },
{ "type": "Feature", "properties": { "name": null, "amenity": "school" }, "geometry": { "type": "Point", "coordinates": [ 9.44328, 11.36363 ] } },
{ "type": "Feature", "properties": { "name": null, "amenity": "school" }, "geometry": { "type": "Point", "coordinates": [ 9.4414, 11.3627 ] } },
{ "type": "Feature", "properties": { "name": null, "amenity": "school" }, "geometry": { "type": "Point", "coordinates": [ 4.45801, 6.77106 ] } },
{ "type": "Feature", "properties": { "name": null, "amenity": "school" }, "geometry": { "type": "Point", "coordinates": [ 4.51527, 6.81251 ] } },
{ "type": "Feature", "properties": { "name": null, "amenity": "school" }, "geometry": { "type": "Point", "coordinates": [ 4.51485, 6.81259 ] } },
{ "type": "Feature", "properties": { "name": null, "amenity": "school" }, "geometry": { "type": "Point", "coordinates": [ 4.71455, 6.96564 ] } },
{ "type": "Feature", "properties": { "name": null, "amenity": "school" }, "geometry": { "type": "Point", "coordinates": [ 4.94147, 7.3545 ] } },
{ "type": "Feature", "properties": { "name": null, "amenity": "school" }, "geometry": { "type": "Point", "coordinates": [ 5.10304, 6.98253 ] } },
{ "type": "Feature", "properties": { "name": null, "amenity": "school" }, "geometry": { "type": "Point", "coordinates": [ 4.71482, 6.96647 ] } },
{ "type": "Feature", "properties": { "name": null, "amenity": "school" }, "geometry": { "type": "Point", "coordinates": [ 9.38145, 11.34205 ] } },
{ "type": "Feature", "properties": { "name": null, "amenity": "school" }, "geometry": { "type": "Point", "coordinates": [ 9.38097, 11.3403 ] } },
{ "type": "Feature", "properties": { "name": null, "amenity": "school" }, "geometry": { "type": "Point", "coordinates": [ 9.38129, 11.34103 ] } },
{ "type": "Feature", "properties": { "name": null, "amenity": "school" }, "geometry": { "type": "Point", "coordinates": [ 9.38269, 11.34131 ] } },
{ "type": "Feature", "properties": { "name": null, "amenity": "school" }, "geometry": { "type": "Point", "coordinates": [ 9.38266, 11.34213 ] } },
{ "type": "Feature", "properties": { "name": null, "amenity": "school" }, "geometry": { "type": "Point", "coordinates": [ 9.38328, 11.34093 ] } },
{ "type": "Feature", "properties": { "name": null, "amenity": "school" }, "geometry": { "type": "Point", "coordinates": [ 9.38676, 11.34306 ] } },
{ "type": "Feature", "properties": { "name": null, "amenity": "school" }, "geometry": { "type": "Point", "coordinates": [ 10.16467, 11.07361 ] } },
{ "type": "Feature", "properties": { "name": null, "amenity": "school" }, "geometry": { "type": "Point", "coordinates": [ 9.14557, 12.78001 ] } },
{ "type": "Feature", "properties": { "name": null, "amenity": "school" }, "geometry": { "type": "Point", "coordinates": [ 9.25165, 12.80164 ] } },
{ "type": "Feature", "properties": { "name": null, "amenity": "school" }, "geometry": { "type": "Point", "coordinates": [ 9.17863, 12.56628 ] } },
{ "type": "Feature", "properties": { "name": null, "amenity": "school" }, "geometry": { "type": "Point", "coordinates": [ 9.30119, 12.80877 ] } },
{ "type": "Feature", "properties": { "name": null, "amenity": "school" }, "geometry": { "type": "Point", "coordinates": [ 9.07234, 12.57438 ] } },
{ "type": "Feature", "properties": { "name": null, "amenity": "school" }, "geometry": { "type": "Point", "coordinates": [ 9.71824, 11.92783 ] } },
{ "type": "Feature", "properties": { "name": null, "amenity": "school" }, "geometry": { "type": "Point", "coordinates": [ 9.80593, 11.94842 ] } },
{ "type": "Feature", "properties": { "name": null, "amenity": "school" }, "geometry": { "type": "Point", "coordinates": [ 9.80742, 11.94889 ] } },
{ "type": "Feature", "properties": { "name": null, "amenity": "school" }, "geometry": { "type": "Point", "coordinates": [ 10.01784, 12.96873 ] } },
{ "type": "Feature", "properties": { "name": null, "amenity": "school" }, "geometry": { "type": "Point", "coordinates": [ 9.97449, 12.94914 ] } },
{ "type": "Feature", "properties": { "name": null, "amenity": "school" }, "geometry": { "type": "Point", "coordinates": [ 9.97099, 12.92996 ] } },
{ "type": "Feature", "properties": { "name": null, "amenity": "school" }, "geometry": { "type": "Point", "coordinates": [ 10.00396, 12.90293 ] } },
{ "type": "Feature", "properties": { "name": null, "amenity": "school" }, "geometry": { "type": "Point", "coordinates": [ 10.00351, 12.90154 ] } },
{ "type": "Feature", "properties": { "name": null, "amenity": "school" }, "geometry": { "type": "Point", "coordinates": [ 10.54597, 12.72066 ] } },
{ "type": "Feature", "properties": { "name": null, "amenity": "school" }, "geometry": { "type": "Point", "coordinates": [ 8.80296, 12.66699 ] } },
{ "type": "Feature", "properties": { "name": null, "amenity": "school" }, "geometry": { "type": "Point", "coordinates": [ 8.80018, 12.66564 ] } },
{ "type": "Feature", "properties": { "name": null, "amenity": "school" }, "geometry": { "type": "Point", "coordinates": [ 9.43861, 11.36181 ] } },
{ "type": "Feature", "properties": { "name": null, "amenity": "school" }, "geometry": { "type": "Point", "coordinates": [ 9.44231, 11.36228 ] } },
{ "type": "Feature", "properties": { "name": null, "amenity": "school" }, "geometry": { "type": "Point", "coordinates": [ 9.45488, 11.55921 ] } },
{ "type": "Feature", "properties": { "name": null, "amenity": "school" }, "geometry": { "type": "Point", "coordinates": [ 9.46465, 11.32649 ] } },
{ "type": "Feature", "properties": { "name": null, "amenity": "school" }, "geometry": { "type": "Point", "coordinates": [ 9.464, 11.32545 ] } },
{ "type": "Feature", "properties": { "name": null, "amenity": "school" }, "geometry": { "type": "Point", "coordinates": [ 9.46347, 11.3264 ] } },
{ "type": "Feature", "properties": { "name": null, "amenity": "school" }, "geometry": { "type": "Point", "coordinates": [ 9.4632, 11.32637 ] } },
{ "type": "Feature", "properties": { "name": null, "amenity": "school" }, "geometry": { "type": "Point", "coordinates": [ 9.3848, 11.34266 ] } },
{ "type": "Feature", "properties": { "name": null, "amenity": "school" }, "geometry": { "type": "Point", "coordinates": [ 8.91424, 12.36603 ] } },
{ "type": "Feature", "properties": { "name": null, "amenity": "school" }, "geometry": { "type": "Point", "coordinates": [ 8.91686, 12.36446 ] } },
{ "type": "Feature", "properties": { "name": null, "amenity": "school" }, "geometry": { "type": "Point", "coordinates": [ 8.91312, 12.36549 ] } },
{ "type": "Feature", "properties": { "name": null, "amenity": "school" }, "geometry": { "type": "Point", "coordinates": [ 8.91341, 12.3659 ] } },
{ "type": "Feature", "properties": { "name": null, "amenity": "school" }, "geometry": { "type": "Point", "coordinates": [ 8.97913, 12.3647 ] } },
{ "type": "Feature", "properties": { "name": null, "amenity": "school" }, "geometry": { "type": "Point", "coordinates": [ 8.94892, 12.36495 ] } },
{ "type": "Feature", "properties": { "name": null, "amenity": "school" }, "geometry": { "type": "Point", "coordinates": [ 10.16272, 11.07254 ] } },
{ "type": "Feature", "properties": { "name": null, "amenity": "school" }, "geometry": { "type": "Point", "coordinates": [ 10.16237, 11.07549 ] } },
{ "type": "Feature", "properties": { "name": null, "amenity": "school" }, "geometry": { "type": "Point", "coordinates": [ 10.07918, 11.01985 ] } },
{ "type": "Feature", "properties": { "name": null, "amenity": "school" }, "geometry": { "type": "Point", "coordinates": [ 10.15133, 10.97021 ] } },
{ "type": "Feature", "properties": { "name": null, "amenity": "school" }, "geometry": { "type": "Point", "coordinates": [ 10.15123, 10.96945 ] } },
{ "type": "Feature", "properties": { "name": null, "amenity": "school" }, "geometry": { "type": "Point", "coordinates": [ 10.14861, 10.96744 ] } },
{ "type": "Feature", "properties": { "name": null, "amenity": "school" }, "geometry": { "type": "Point", "coordinates": [ 10.16, 10.95909 ] } },
{ "type": "Feature", "properties": { "name": null, "amenity": "school" }, "geometry": { "type": "Point", "coordinates": [ 10.15795, 10.9572 ] } },
{ "type": "Feature", "properties": { "name": null, "amenity": "school" }, "geometry": { "type": "Point", "coordinates": [ 6.82326, 5.31931 ] } },
{ "type": "Feature", "properties": { "name": null, "amenity": "school" }, "geometry": { "type": "Point", "coordinates": [ 9.1479, 12.78121 ] } },
{ "type": "Feature", "properties": { "name": null, "amenity": "school" }, "geometry": { "type": "Point", "coordinates": [ 9.14766, 12.78111 ] } },
{ "type": "Feature", "properties": { "name": null, "amenity": "school" }, "geometry": { "type": "Point", "coordinates": [ 9.07015, 12.5746 ] } },
{ "type": "Feature", "properties": { "name": null, "amenity": "school" }, "geometry": { "type": "Point", "coordinates": [ 9.30086, 12.80671 ] } },
{ "type": "Feature", "properties": { "name": null, "amenity": "school" }, "geometry": { "type": "Point", "coordinates": [ 9.1788, 12.56465 ] } },
{ "type": "Feature", "properties": { "name": null, "amenity": "school" }, "geometry": { "type": "Point", "coordinates": [ 10.50633, 12.69658 ] } },
{ "type": "Feature", "properties": { "name": null, "amenity": "school" }, "geometry": { "type": "Point", "coordinates": [ 10.54412, 12.72117 ] } },
{ "type": "Feature", "properties": { "name": null, "amenity": "school" }, "geometry": { "type": "Point", "coordinates": [ 10.54464, 12.72165 ] } },
{ "type": "Feature", "properties": { "name": null, "amenity": "school" }, "geometry": { "type": "Point", "coordinates": [ 8.80249, 12.6656 ] } },
{ "type": "Feature", "properties": { "name": null, "amenity": "school" }, "geometry": { "type": "Point", "coordinates": [ 8.70584, 12.65382 ] } },
{ "type": "Feature", "properties": { "name": null, "amenity": "school" }, "geometry": { "type": "Point", "coordinates": [ 8.73162, 12.64707 ] } },
{ "type": "Feature", "properties": { "name": null, "amenity": "school" }, "geometry": { "type": "Point", "coordinates": [ 8.73401, 12.64712 ] } },
{ "type": "Feature", "properties": { "name": null, "amenity": "school" }, "geometry": { "type": "Point", "coordinates": [ 8.86165, 12.34569 ] } },
{ "type": "Feature", "properties": { "name": null, "amenity": "school" }, "geometry": { "type": "Point", "coordinates": [ 8.86129, 12.3453 ] } },
{ "type": "Feature", "properties": { "name": null, "amenity": "school" }, "geometry": { "type": "Point", "coordinates": [ 8.83875, 12.58713 ] } },
{ "type": "Feature", "properties": { "name": null, "amenity": "school" }, "geometry": { "type": "Point", "coordinates": [ 9.44571, 11.95985 ] } },
{ "type": "Feature", "properties": { "name": null, "amenity": "school" }, "geometry": { "type": "Point", "coordinates": [ 9.49049, 11.993 ] } },
{ "type": "Feature", "properties": { "name": null, "amenity": "school" }, "geometry": { "type": "Point", "coordinates": [ 9.48996, 11.99286 ] } },
{ "type": "Feature", "properties": { "name": null, "amenity": "school" }, "geometry": { "type": "Point", "coordinates": [ 9.38153, 11.97721 ] } },
{ "type": "Feature", "properties": { "name": null, "amenity": "school" }, "geometry": { "type": "Point", "coordinates": [ 9.45447, 11.55878 ] } },
{ "type": "Feature", "properties": { "name": null, "amenity": "school" }, "geometry": { "type": "Point", "coordinates": [ 9.45443, 11.55924 ] } },
{ "type": "Feature", "properties": { "name": null, "amenity": "school" }, "geometry": { "type": "Point", "coordinates": [ 8.95387, 12.32632 ] } },
{ "type": "Feature", "properties": { "name": null, "amenity": "school" }, "geometry": { "type": "Point", "coordinates": [ 8.94662, 12.32754 ] } },
{ "type": "Feature", "properties": { "name": null, "amenity": "school" }, "geometry": { "type": "Point", "coordinates": [ 6.83138, 5.31232 ] } },
{ "type": "Feature", "properties": { "name": null, "amenity": "school" }, "geometry": { "type": "Point", "coordinates": [ 6.82714, 5.31323 ] } },
{ "type": "Feature", "properties": { "name": null, "amenity": "school" }, "geometry": { "type": "Point", "coordinates": [ 6.82284, 5.31837 ] } },
{ "type": "Feature", "properties": { "name": null, "amenity": "school" }, "geometry": { "type": "Point", "coordinates": [ 6.8216, 5.32655 ] } },
{ "type": "Feature", "properties": { "name": null, "amenity": "school" }, "geometry": { "type": "Point", "coordinates": [ 6.82137, 5.31736 ] } },
{ "type": "Feature", "properties": { "name": null, "amenity": "school" }, "geometry": { "type": "Point", "coordinates": [ 6.82424, 5.32159 ] } },
{ "type": "Feature", "properties": { "name": null, "amenity": "school" }, "geometry": { "type": "Point", "coordinates": [ 6.82294, 5.32005 ] } },
{ "type": "Feature", "properties": { "name": null, "amenity": "school" }, "geometry": { "type": "Point", "coordinates": [ 6.8233, 5.31954 ] } },
{ "type": "Feature", "properties": { "name": null, "amenity": "school" }, "geometry": { "type": "Point", "coordinates": [ 7.26152, 5.84765 ] } },
{ "type": "Feature", "properties": { "name": null, "amenity": "school" }, "geometry": { "type": "Point", "coordinates": [ 7.33402, 5.87597 ] } },
{ "type": "Feature", "properties": { "name": null, "amenity": "school" }, "geometry": { "type": "Point", "coordinates": [ 7.33213, 5.87621 ] } },
{ "type": "Feature", "properties": { "name": null, "amenity": "school" }, "geometry": { "type": "Point", "coordinates": [ 7.32143, 5.85212 ] } },
{ "type": "Feature", "properties": { "name": null, "amenity": "school" }, "geometry": { "type": "Point", "coordinates": [ 7.32598, 5.86676 ] } },
{ "type": "Feature", "properties": { "name": null, "amenity": "school" }, "geometry": { "type": "Point", "coordinates": [ 9.25115, 12.80066 ] } },
{ "type": "Feature", "properties": { "name": null, "amenity": "school" }, "geometry": { "type": "Point", "coordinates": [ 8.95846, 12.4831 ] } },
{ "type": "Feature", "properties": { "name": null, "amenity": "school" }, "geometry": { "type": "Point", "coordinates": [ 8.99442, 12.54873 ] } },
{ "type": "Feature", "properties": { "name": null, "amenity": "school" }, "geometry": { "type": "Point", "coordinates": [ 9.19837, 12.78978 ] } },
{ "type": "Feature", "properties": { "name": null, "amenity": "school" }, "geometry": { "type": "Point", "coordinates": [ 9.19848, 12.78948 ] } },
{ "type": "Feature", "properties": { "name": null, "amenity": "school" }, "geometry": { "type": "Point", "coordinates": [ 9.07254, 12.57445 ] } },
{ "type": "Feature", "properties": { "name": null, "amenity": "school" }, "geometry": { "type": "Point", "coordinates": [ 9.07402, 12.57884 ] } },
{ "type": "Feature", "properties": { "name": null, "amenity": "school" }, "geometry": { "type": "Point", "coordinates": [ 8.99016, 12.40831 ] } },
{ "type": "Feature", "properties": { "name": null, "amenity": "school" }, "geometry": { "type": "Point", "coordinates": [ 9.38503, 11.91629 ] } },
{ "type": "Feature", "properties": { "name": null, "amenity": "school" }, "geometry": { "type": "Point", "coordinates": [ 9.446, 11.96016 ] } },
{ "type": "Feature", "properties": { "name": null, "amenity": "school" }, "geometry": { "type": "Point", "coordinates": [ 4.44869, 6.9898 ] } },
{ "type": "Feature", "properties": { "name": null, "amenity": "school" }, "geometry": { "type": "Point", "coordinates": [ 4.45348, 6.98928 ] } },
{ "type": "Feature", "properties": { "name": null, "amenity": "school" }, "geometry": { "type": "Point", "coordinates": [ 4.44897, 6.98811 ] } },
{ "type": "Feature", "properties": { "name": null, "amenity": "school" }, "geometry": { "type": "Point", "coordinates": [ 4.44892, 6.98802 ] } },
{ "type": "Feature", "properties": { "name": null, "amenity": "school" }, "geometry": { "type": "Point", "coordinates": [ 4.52769, 6.85602 ] } },
{ "type": "Feature", "properties": { "name": null, "amenity": "school" }, "geometry": { "type": "Point", "coordinates": [ 4.53, 6.85398 ] } },
{ "type": "Feature", "properties": { "name": null, "amenity": "school" }, "geometry": { "type": "Point", "coordinates": [ 4.38698, 6.92171 ] } },
{ "type": "Feature", "properties": { "name": null, "amenity": "school" }, "geometry": { "type": "Point", "coordinates": [ 9.80534, 11.94904 ] } },
{ "type": "Feature", "properties": { "name": null, "amenity": "school" }, "geometry": { "type": "Point", "coordinates": [ 9.80512, 11.94897 ] } },
{ "type": "Feature", "properties": { "name": null, "amenity": "school" }, "geometry": { "type": "Point", "coordinates": [ 9.71779, 11.93 ] } },
{ "type": "Feature", "properties": { "name": null, "amenity": "school" }, "geometry": { "type": "Point", "coordinates": [ 8.92094, 12.27178 ] } },
{ "type": "Feature", "properties": { "name": null, "amenity": "school" }, "geometry": { "type": "Point", "coordinates": [ 3.88904, 7.40481 ] } },
{ "type": "Feature", "properties": { "name": null, "amenity": "school" }, "geometry": { "type": "Point", "coordinates": [ 6.77358, 5.42696 ] } },
{ "type": "Feature", "properties": { "name": null, "amenity": "school" }, "geometry": { "type": "Point", "coordinates": [ 6.77403, 5.42324 ] } },
{ "type": "Feature", "properties": { "name": null, "amenity": "school" }, "geometry": { "type": "Point", "coordinates": [ 7.25943, 5.84468 ] } },
{ "type": "Feature", "properties": { "name": null, "amenity": "school" }, "geometry": { "type": "Point", "coordinates": [ 4.49195, 6.86884 ] } },
{ "type": "Feature", "properties": { "name": null, "amenity": "school" }, "geometry": { "type": "Point", "coordinates": [ 4.48845, 6.87133 ] } },
{ "type": "Feature", "properties": { "name": null, "amenity": "school" }, "geometry": { "type": "Point", "coordinates": [ 4.51304, 6.91158 ] } },
{ "type": "Feature", "properties": { "name": null, "amenity": "school" }, "geometry": { "type": "Point", "coordinates": [ 2.76383, 6.821 ] } },
{ "type": "Feature", "properties": { "name": null, "amenity": "school" }, "geometry": { "type": "Point", "coordinates": [ 3.66013, 7.24579 ] } },
{ "type": "Feature", "properties": { "name": null, "amenity": "school" }, "geometry": { "type": "Point", "coordinates": [ 3.72146, 7.28525 ] } },
{ "type": "Feature", "properties": { "name": null, "amenity": "school" }, "geometry": { "type": "Point", "coordinates": [ 3.72308, 7.28313 ] } },
{ "type": "Feature", "properties": { "name": null, "amenity": "school" }, "geometry": { "type": "Point", "coordinates": [ 7.32688, 5.85888 ] } },
{ "type": "Feature", "properties": { "name": null, "amenity": "school" }, "geometry": { "type": "Point", "coordinates": [ 7.32699, 5.86379 ] } },
{ "type": "Feature", "properties": { "name": null, "amenity": "school" }, "geometry": { "type": "Point", "coordinates": [ 7.32495, 5.85527 ] } },
{ "type": "Feature", "properties": { "name": null, "amenity": "school" }, "geometry": { "type": "Point", "coordinates": [ 2.85853, 6.47602 ] } },
{ "type": "Feature", "properties": { "name": null, "amenity": "school" }, "geometry": { "type": "Point", "coordinates": [ 2.74757, 6.79434 ] } },
{ "type": "Feature", "properties": { "name": null, "amenity": "school" }, "geometry": { "type": "Point", "coordinates": [ 4.48967, 6.98544 ] } },
{ "type": "Feature", "properties": { "name": null, "amenity": "school" }, "geometry": { "type": "Point", "coordinates": [ 4.4901, 6.98742 ] } },
{ "type": "Feature", "properties": { "name": null, "amenity": "school" }, "geometry": { "type": "Point", "coordinates": [ 4.5352, 6.96835 ] } },
{ "type": "Feature", "properties": { "name": null, "amenity": "school" }, "geometry": { "type": "Point", "coordinates": [ 4.38533, 6.92297 ] } },
{ "type": "Feature", "properties": { "name": null, "amenity": "school" }, "geometry": { "type": "Point", "coordinates": [ 7.67911, 9.1748 ] } },
{ "type": "Feature", "properties": { "name": null, "amenity": "school" }, "geometry": { "type": "Point", "coordinates": [ 7.62885, 9.18706 ] } },
{ "type": "Feature", "properties": { "name": null, "amenity": "school" }, "geometry": { "type": "Point", "coordinates": [ 7.62485, 9.19588 ] } },
{ "type": "Feature", "properties": { "name": null, "amenity": "school" }, "geometry": { "type": "Point", "coordinates": [ 7.62764, 9.15159 ] } },
{ "type": "Feature", "properties": { "name": null, "amenity": "school" }, "geometry": { "type": "Point", "coordinates": [ 8.86064, 9.75971 ] } },
{ "type": "Feature", "properties": { "name": null, "amenity": "school" }, "geometry": { "type": "Point", "coordinates": [ 8.80482, 11.20577 ] } },
{ "type": "Feature", "properties": { "name": null, "amenity": "school" }, "geometry": { "type": "Point", "coordinates": [ 8.80735, 11.1978 ] } },
{ "type": "Feature", "properties": { "name": null, "amenity": "school" }, "geometry": { "type": "Point", "coordinates": [ 8.56697, 12.3744 ] } },
{ "type": "Feature", "properties": { "name": null, "amenity": "school" }, "geometry": { "type": "Point", "coordinates": [ 8.65546, 12.50876 ] } },
{ "type": "Feature", "properties": { "name": null, "amenity": "school" }, "geometry": { "type": "Point", "coordinates": [ 8.65549, 12.50864 ] } },
{ "type": "Feature", "properties": { "name": null, "amenity": "school" }, "geometry": { "type": "Point", "coordinates": [ 8.6547, 12.51038 ] } },
{ "type": "Feature", "properties": { "name": null, "amenity": "university" }, "geometry": { "type": "Point", "coordinates": [ 7.16313, 9.25022 ] } },
{ "type": "Feature", "properties": { "name": null, "amenity": "university" }, "geometry": { "type": "Point", "coordinates": [ 7.27691, 9.24232 ] } },
{ "type": "Feature", "properties": { "name": null, "amenity": "university" }, "geometry": { "type": "Point", "coordinates": [ 7.24221, 9.31165 ] } },
{ "type": "Feature", "properties": { "name": null, "amenity": "school" }, "geometry": { "type": "Point", "coordinates": [ 7.24048, 9.31056 ] } },
{ "type": "Feature", "properties": { "name": null, "amenity": "school" }, "geometry": { "type": "Point", "coordinates": [ 4.48826, 6.86842 ] } },
{ "type": "Feature", "properties": { "name": null, "amenity": "school" }, "geometry": { "type": "Point", "coordinates": [ 7.45738, 9.02473 ] } },
{ "type": "Feature", "properties": { "name": null, "amenity": "school" }, "geometry": { "type": "Point", "coordinates": [ 6.86165, 5.72069 ] } },
{ "type": "Feature", "properties": { "name": null, "amenity": "school" }, "geometry": { "type": "Point", "coordinates": [ 8.42616, 11.76764 ] } },
{ "type": "Feature", "properties": { "name": null, "amenity": "kindergarten" }, "geometry": { "type": "Point", "coordinates": [ 13.06197, 11.83755 ] } },
{ "type": "Feature", "properties": { "name": null, "amenity": "school" }, "geometry": { "type": "Point", "coordinates": [ 4.71616, 10.07529 ] } },
{ "type": "Feature", "properties": { "name": null, "amenity": "school" }, "geometry": { "type": "Point", "coordinates": [ 4.71611, 10.07512 ] } },
{ "type": "Feature", "properties": { "name": null, "amenity": "school" }, "geometry": { "type": "Point", "coordinates": [ 4.71617, 10.0757 ] } },
{ "type": "Feature", "properties": { "name": null, "amenity": "school" }, "geometry": { "type": "Point", "coordinates": [ 4.71597, 10.07578 ] } },
{ "type": "Feature", "properties": { "name": null, "amenity": "school" }, "geometry": { "type": "Point", "coordinates": [ 13.17184, 11.82658 ] } },
{ "type": "Feature", "properties": { "name": null, "amenity": "school" }, "geometry": { "type": "Point", "coordinates": [ 13.16366, 11.84047 ] } },
{ "type": "Feature", "properties": { "name": null, "amenity": "school" }, "geometry": { "type": "Point", "coordinates": [ 13.15322, 11.83005 ] } },
{ "type": "Feature", "properties": { "name": null, "amenity": "kindergarten" }, "geometry": { "type": "Point", "coordinates": [ 13.3178, 10.55703 ] } },
{ "type": "Feature", "properties": { "name": null, "amenity": "school" }, "geometry": { "type": "Point", "coordinates": [ 6.5864, 8.31475 ] } },
{ "type": "Feature", "properties": { "name": null, "amenity": "school" }, "geometry": { "type": "Point", "coordinates": [ 6.70158, 7.66701 ] } },
{ "type": "Feature", "properties": { "name": null, "amenity": "school" }, "geometry": { "type": "Point", "coordinates": [ 8.13533, 6.15671 ] } },
{ "type": "Feature", "properties": { "name": null, "amenity": "school" }, "geometry": { "type": "Point", "coordinates": [ 7.68357, 9.17268 ] } },
{ "type": "Feature", "properties": { "name": null, "amenity": "college" }, "geometry": { "type": "Point", "coordinates": [ 7.11527, 5.89728 ] } },
{ "type": "Feature", "properties": { "name": null, "amenity": "school" }, "geometry": { "type": "Point", "coordinates": [ 11.17116, 10.26058 ] } },
{ "type": "Feature", "properties": { "name": null, "amenity": "school" }, "geometry": { "type": "Point", "coordinates": [ 3.34014, 6.59673 ] } },
{ "type": "Feature", "properties": { "name": null, "amenity": "school" }, "geometry": { "type": "Point", "coordinates": [ 3.9031, 7.37805 ] } },
{ "type": "Feature", "properties": { "name": null, "amenity": "school" }, "geometry": { "type": "Point", "coordinates": [ 3.89811, 7.3756 ] } },
{ "type": "Feature", "properties": { "name": null, "amenity": "school" }, "geometry": { "type": "Point", "coordinates": [ 4.34027, 7.82905 ] } },
{ "type": "Feature", "properties": { "name": null, "amenity": "school" }, "geometry": { "type": "Point", "coordinates": [ 7.47608, 9.06618 ] } },
{ "type": "Feature", "properties": { "name": null, "amenity": "school" }, "geometry": { "type": "Point", "coordinates": [ 10.19246, 11.68219 ] } },
{ "type": "Feature", "properties": { "name": null, "amenity": "school" }, "geometry": { "type": "Point", "coordinates": [ 10.19381, 11.68229 ] } },
{ "type": "Feature", "properties": { "name": null, "amenity": "school" }, "geometry": { "type": "Point", "coordinates": [ 4.48895, 7.71461 ] } },
{ "type": "Feature", "properties": { "name": null, "amenity": "school" }, "geometry": { "type": "Point", "coordinates": [ 4.34478, 7.87745 ] } },
{ "type": "Feature", "properties": { "name": null, "amenity": "school" }, "geometry": { "type": "Point", "coordinates": [ 13.1874, 10.17286 ] } },
{ "type": "Feature", "properties": { "name": null, "amenity": "school" }, "geometry": { "type": "Point", "coordinates": [ 13.22625, 10.16758 ] } },
{ "type": "Feature", "properties": { "name": null, "amenity": "school" }, "geometry": { "type": "Point", "coordinates": [ 7.03382, 5.48295 ] } },
{ "type": "Feature", "properties": { "name": null, "amenity": "school" }, "geometry": { "type": "Point", "coordinates": [ 3.39441, 6.53444 ] } },
{ "type": "Feature", "properties": { "name": null, "amenity": "school" }, "geometry": { "type": "Point", "coordinates": [ 6.60164, 7.56454 ] } },
{ "type": "Feature", "properties": { "name": null, "amenity": "school" }, "geometry": { "type": "Point", "coordinates": [ 6.68355, 7.54352 ] } },
{ "type": "Feature", "properties": { "name": null, "amenity": "school" }, "geometry": { "type": "Point", "coordinates": [ 6.63477, 7.55536 ] } },
{ "type": "Feature", "properties": { "name": null, "amenity": "kindergarten" }, "geometry": { "type": "Point", "coordinates": [ 6.60437, 7.56191 ] } },
{ "type": "Feature", "properties": { "name": null, "amenity": "school" }, "geometry": { "type": "Point", "coordinates": [ 8.807346, 11.197798 ] } },
{ "type": "Feature", "properties": { "name": null, "amenity": "school" }, "geometry": { "type": "Point", "coordinates": [ 12.037873, 13.147108 ] } },
{ "type": "Feature", "properties": { "name": null, "amenity": "school" }, "geometry": { "type": "Point", "coordinates": [ 6.586398, 8.314749 ] } },
{ "type": "Feature", "properties": { "name": null, "amenity": "kindergarten" }, "geometry": { "type": "Point", "coordinates": [ 13.061975, 11.837547 ] } },
{ "type": "Feature", "properties": { "name": null, "amenity": "school" }, "geometry": { "type": "Point", "coordinates": [ 8.731852, 11.278396 ] } },
{ "type": "Feature", "properties": { "name": null, "amenity": "school" }, "geometry": { "type": "Point", "coordinates": [ 9.533654, 12.000958 ] } },
{ "type": "Feature", "properties": { "name": null, "amenity": "school" }, "geometry": { "type": "Point", "coordinates": [ 8.753747, 8.760354 ] } },
{ "type": "Feature", "properties": { "name": null, "amenity": "school" }, "geometry": { "type": "Point", "coordinates": [ 7.033815, 5.482945 ] } },
{ "type": "Feature", "properties": { "name": null, "amenity": "school" }, "geometry": { "type": "Point", "coordinates": [ 3.250547, 8.344481 ] } },
{ "type": "Feature", "properties": { "name": null, "amenity": null }, "geometry": { "type": "Point", "coordinates": [ 7.427075, 10.544765 ] } },
{ "type": "Feature", "properties": { "name": null, "amenity": "school" }, "geometry": { "type": "Point", "coordinates": [ 8.228957, 8.539455 ] } },
{ "type": "Feature", "properties": { "name": null, "amenity": "school" }, "geometry": { "type": "Point", "coordinates": [ 13.153222, 11.830055 ] } },
{ "type": "Feature", "properties": { "name": null, "amenity": "school" }, "geometry": { "type": "Point", "coordinates": [ 6.683548, 7.543522 ] } },
{ "type": "Feature", "properties": { "name": null, "amenity": "school" }, "geometry": { "type": "Point", "coordinates": [ 9.435279, 12.220852 ] } },
{ "type": "Feature", "properties": { "name": null, "amenity": "school" }, "geometry": { "type": "Point", "coordinates": [ 9.085933, 9.675654 ] } },
{ "type": "Feature", "properties": { "name": null, "amenity": "school" }, "geometry": { "type": "Point", "coordinates": [ 9.44059, 12.223346 ] } },
{ "type": "Feature", "properties": { "name": null, "amenity": "school" }, "geometry": { "type": "Point", "coordinates": [ 7.425254, 8.865301 ] } },
{ "type": "Feature", "properties": { "name": null, "amenity": "school" }, "geometry": { "type": "Point", "coordinates": [ 7.321346, 7.999219 ] } },
{ "type": "Feature", "properties": { "name": null, "amenity": "school" }, "geometry": { "type": "Point", "coordinates": [ 8.619543, 6.738149 ] } },
{ "type": "Feature", "properties": { "name": null, "amenity": "school" }, "geometry": { "type": "Point", "coordinates": [ 7.440934, 4.749852 ] } },
{ "type": "Feature", "properties": { "name": null, "amenity": "school" }, "geometry": { "type": "Point", "coordinates": [ 8.580354, 6.362628 ] } },
{ "type": "Feature", "properties": { "name": null, "amenity": "school" }, "geometry": { "type": "Point", "coordinates": [ 5.269745, 6.172639 ] } },
{ "type": "Feature", "properties": { "name": null, "amenity": "school" }, "geometry": { "type": "Point", "coordinates": [ 7.71518, 5.483049 ] } },
{ "type": "Feature", "properties": { "name": null, "amenity": "school" }, "geometry": { "type": "Point", "coordinates": [ 6.417054, 5.44708 ] } },
{ "type": "Feature", "properties": { "name": null, "amenity": "school" }, "geometry": { "type": "Point", "coordinates": [ 8.677346, 12.429736 ] } },
{ "type": "Feature", "properties": { "name": null, "amenity": "school" }, "geometry": { "type": "Point", "coordinates": [ 4.081946, 8.350884 ] } },
{ "type": "Feature", "properties": { "name": null, "amenity": "school" }, "geometry": { "type": "Point", "coordinates": [ 8.861655, 12.345686 ] } },
{ "type": "Feature", "properties": { "name": null, "amenity": "school" }, "geometry": { "type": "Point", "coordinates": [ 9.251655, 12.801635 ] } },
{ "type": "Feature", "properties": { "name": null, "amenity": "school" }, "geometry": { "type": "Point", "coordinates": [ 10.151231, 10.969454 ] } },
{ "type": "Feature", "properties": { "name": null, "amenity": "school" }, "geometry": { "type": "Point", "coordinates": [ 10.157949, 10.957202 ] } },
{ "type": "Feature", "properties": { "name": null, "amenity": "school" }, "geometry": { "type": "Point", "coordinates": [ 7.324949, 5.855272 ] } },
{ "type": "Feature", "properties": { "name": null, "amenity": "school" }, "geometry": { "type": "Point", "coordinates": [ 4.488455, 6.871327 ] } },
{ "type": "Feature", "properties": { "name": null, "amenity": "school" }, "geometry": { "type": "Point", "coordinates": [ 3.721458, 7.285253 ] } },
{ "type": "Feature", "properties": { "name": null, "amenity": "school" }, "geometry": { "type": "Point", "coordinates": [ 4.535204, 6.968348 ] } },
{ "type": "Feature", "properties": { "name": null, "amenity": "school" }, "geometry": { "type": "Point", "coordinates": [ 4.491948, 6.868838 ] } },
{ "type": "Feature", "properties": { "name": null, "amenity": "school" }, "geometry": { "type": "Point", "coordinates": [ 9.181147, 12.746724 ] } },
{ "type": "Feature", "properties": { "name": null, "amenity": "school" }, "geometry": { "type": "Point", "coordinates": [ 8.739653, 11.287674 ] } },
{ "type": "Feature", "properties": { "name": null, "amenity": "school" }, "geometry": { "type": "Point", "coordinates": [ 8.739852, 11.292466 ] } },
{ "type": "Feature", "properties": { "name": null, "amenity": "school" }, "geometry": { "type": "Point", "coordinates": [ 9.681949, 12.00469 ] } },
{ "type": "Feature", "properties": { "name": null, "amenity": "school" }, "geometry": { "type": "Point", "coordinates": [ 8.791055, 11.358722 ] } },
{ "type": "Feature", "properties": { "name": null, "amenity": "school" }, "geometry": { "type": "Point", "coordinates": [ 8.756688, 8.745048 ] } },
{ "type": "Feature", "properties": { "name": null, "amenity": "school" }, "geometry": { "type": "Point", "coordinates": [ 9.108648, 9.390648 ] } },
{ "type": "Feature", "properties": { "name": null, "amenity": "school" }, "geometry": { "type": "Point", "coordinates": [ 8.074749, 7.947185 ] } },
{ "type": "Feature", "properties": { "name": null, "amenity": "school" }, "geometry": { "type": "Point", "coordinates": [ 8.075956, 7.938348 ] } },
{ "type": "Feature", "properties": { "name": null, "amenity": "kindergarten" }, "geometry": { "type": "Point", "coordinates": [ 10.228853, 9.53348 ] } },
{ "type": "Feature", "properties": { "name": null, "amenity": "school" }, "geometry": { "type": "Point", "coordinates": [ 9.007437, 9.673852 ] } },
{ "type": "Feature", "properties": { "name": null, "amenity": "school" }, "geometry": { "type": "Point", "coordinates": [ 9.003598, 9.676746 ] } },
{ "type": "Feature", "properties": { "name": null, "amenity": "school" }, "geometry": { "type": "Point", "coordinates": [ 8.225246, 6.822778 ] } },
{ "type": "Feature", "properties": { "name": null, "amenity": "school" }, "geometry": { "type": "Point", "coordinates": [ 9.444738, 12.131947 ] } },
{ "type": "Feature", "properties": { "name": null, "amenity": "school" }, "geometry": { "type": "Point", "coordinates": [ 8.587652, 6.859868 ] } },
{ "type": "Feature", "properties": { "name": null, "amenity": "school" }, "geometry": { "type": "Point", "coordinates": [ 9.105159, 9.434347 ] } },
{ "type": "Feature", "properties": { "name": null, "amenity": "school" }, "geometry": { "type": "Point", "coordinates": [ 3.673251, 9.319421 ] } },
{ "type": "Feature", "properties": { "name": null, "amenity": "school" }, "geometry": { "type": "Point", "coordinates": [ 3.518853, 9.363128 ] } },
{ "type": "Feature", "properties": { "name": null, "amenity": "school" }, "geometry": { "type": "Point", "coordinates": [ 3.503563, 9.495254 ] } },
{ "type": "Feature", "properties": { "name": null, "amenity": "school" }, "geometry": { "type": "Point", "coordinates": [ 3.28757, 9.412851 ] } },
{ "type": "Feature", "properties": { "name": null, "amenity": "school" }, "geometry": { "type": "Point", "coordinates": [ 3.335432, 9.522347 ] } },
{ "type": "Feature", "properties": { "name": null, "amenity": "school" }, "geometry": { "type": "Point", "coordinates": [ 7.286455, 7.740427 ] } },
{ "type": "Feature", "properties": { "name": null, "amenity": "school" }, "geometry": { "type": "Point", "coordinates": [ 6.322746, 8.490244 ] } },
{ "type": "Feature", "properties": { "name": null, "amenity": "school" }, "geometry": { "type": "Point", "coordinates": [ 6.842654, 7.526107 ] } },
{ "type": "Feature", "properties": { "name": null, "amenity": "school" }, "geometry": { "type": "Point", "coordinates": [ 6.775194, 6.816255 ] } },
{ "type": "Feature", "properties": { "name": null, "amenity": "school" }, "geometry": { "type": "Point", "coordinates": [ 7.764147, 9.196763 ] } },
{ "type": "Feature", "properties": { "name": null, "amenity": "school" }, "geometry": { "type": "Point", "coordinates": [ 7.763947, 9.194803 ] } },
{ "type": "Feature", "properties": { "name": null, "amenity": "school" }, "geometry": { "type": "Point", "coordinates": [ 8.163923, 8.472653 ] } },
{ "type": "Feature", "properties": { "name": null, "amenity": "school" }, "geometry": { "type": "Point", "coordinates": [ 7.541125, 8.710349 ] } },
{ "type": "Feature", "properties": { "name": null, "amenity": "school" }, "geometry": { "type": "Point", "coordinates": [ 8.159202, 8.435346 ] } },
{ "type": "Feature", "properties": { "name": null, "amenity": "school" }, "geometry": { "type": "Point", "coordinates": [ 7.198253, 8.790093 ] } },
{ "type": "Feature", "properties": { "name": null, "amenity": "school" }, "geometry": { "type": "Point", "coordinates": [ 7.098263, 8.626652 ] } },
{ "type": "Feature", "properties": { "name": null, "amenity": "school" }, "geometry": { "type": "Point", "coordinates": [ 6.959435, 8.921347 ] } },
{ "type": "Feature", "properties": { "name": null, "amenity": "school" }, "geometry": { "type": "Point", "coordinates": [ 6.500468, 4.762945 ] } },
{ "type": "Feature", "properties": { "name": null, "amenity": "school" }, "geometry": { "type": "Point", "coordinates": [ 9.006545, 6.329254 ] } },
{ "type": "Feature", "properties": { "name": null, "amenity": "school" }, "geometry": { "type": "Point", "coordinates": [ 9.009379, 6.332451 ] } },
{ "type": "Feature", "properties": { "name": null, "amenity": "school" }, "geometry": { "type": "Point", "coordinates": [ 6.078255, 4.801534 ] } },
{ "type": "Feature", "properties": { "name": null, "amenity": "school" }, "geometry": { "type": "Point", "coordinates": [ 8.749145, 6.8701 ] } },
{ "type": "Feature", "properties": { "name": null, "amenity": "school" }, "geometry": { "type": "Point", "coordinates": [ 6.542374, 5.241149 ] } },
{ "type": "Feature", "properties": { "name": null, "amenity": "school" }, "geometry": { "type": "Point", "coordinates": [ 2.998851, 8.280542 ] } },
{ "type": "Feature", "properties": { "name": null, "amenity": "school" }, "geometry": { "type": "Point", "coordinates": [ 8.760747, 11.343356 ] } },
{ "type": "Feature", "properties": { "name": null, "amenity": "school" }, "geometry": { "type": "Point", "coordinates": [ 4.053413, 8.324549 ] } },
{ "type": "Feature", "properties": { "name": null, "amenity": "school" }, "geometry": { "type": "Point", "coordinates": [ 8.074651, 11.539947 ] } },
{ "type": "Feature", "properties": { "name": null, "amenity": "school" }, "geometry": { "type": "Point", "coordinates": [ 4.010748, 8.193679 ] } },
{ "type": "Feature", "properties": { "name": null, "amenity": "school" }, "geometry": { "type": "Point", "coordinates": [ 4.072284, 8.236054 ] } },
{ "type": "Feature", "properties": { "name": null, "amenity": "school" }, "geometry": { "type": "Point", "coordinates": [ 4.071946, 8.236753 ] } },
{ "type": "Feature", "properties": { "name": null, "amenity": "school" }, "geometry": { "type": "Point", "coordinates": [ 4.977242, 6.581349 ] } },
{ "type": "Feature", "properties": { "name": null, "amenity": "school" }, "geometry": { "type": "Point", "coordinates": [ 6.008251, 4.748216 ] } },
{ "type": "Feature", "properties": { "name": null, "amenity": "school" }, "geometry": { "type": "Point", "coordinates": [ 6.608651, 5.985187 ] } },
{ "type": "Feature", "properties": { "name": null, "amenity": "school" }, "geometry": { "type": "Point", "coordinates": [ 6.132937, 4.742252 ] } },
{ "type": "Feature", "properties": { "name": null, "amenity": "school" }, "geometry": { "type": "Point", "coordinates": [ 6.532025, 5.241948 ] } },
{ "type": "Feature", "properties": { "name": null, "amenity": "kindergarten" }, "geometry": { "type": "Point", "coordinates": [ 6.53705, 5.239547 ] } },
{ "type": "Feature", "properties": { "name": null, "amenity": "school" }, "geometry": { "type": "Point", "coordinates": [ 8.948923, 12.364946 ] } },
{ "type": "Feature", "properties": { "name": null, "amenity": "school" }, "geometry": { "type": "Point", "coordinates": [ 6.82294, 5.320053 ] } },
{ "type": "Feature", "properties": { "name": null, "amenity": "school" }, "geometry": { "type": "Point", "coordinates": [ 10.544636, 12.721655 ] } },
{ "type": "Feature", "properties": { "name": null, "amenity": "school" }, "geometry": { "type": "Point", "coordinates": [ 9.464651, 11.326489 ] } }
]
}
